gene_symbol	ensembl_gene_id	total_nominations	first_nomination_year	nominating_teams	input_data	validation_details	pharos_class	in_snapshot	our_rank	overall_score	genetic_score	mutation_freq	expr_log2fc	prot_log2fc	chronos	frac_dependent	loeuf	druggability_score	tractability_modalities	max_disease_phase	n_disease_trials	n_publications	velocity	tissue_tau	target_class	is_common_essential	surface_or_secreted	winner_snapshot	rwr_snapshot	winner_global	winner_global_rank	string_degree	axes_with_data
APOE	ENSG00000130203	5	2018	Mayo-UFL-ISB; MSSM - Roussos Lab; ASU; Duke; Emory-Sage-SGC	Protein; RNA; Metabolomics; Genetics; Phenomics	not prioritized for experimental validation | Not prioritized for experimental validation  | Validation studies ongoing  | validation studies ongoing	Tbio	yes	4	0.7699520237898497	0.8893909787398722		-0.386				1.2948667658800423	0.3	3			28817	0.3125932609223722	0.375		false	true	0.5355	0.9498	0.255130	244	627	6
MSN	ENSG00000147065	5	2018	Chang Lab; Emory; MSSM - Zhang Lab; Emory-Sage-SGC	Genetics; RNA; Protein	validation studies ongoing | not prioritized for experimental validation	Tbio	yes	1836	0.10646540942515599			1.188				0.13125979573683313	0.3	3			1039	0.28007699711260825	0.247	Unclassified protein	false	false	0.132	0.0136	0.125507	1239	314	6
PLEC	ENSG00000178209	5	2018	Chang Lab; Columbia-Rush; Emory; MSSM - Zhang Lab; Emory-Sage-SGC	Genetics; Protein; Clinical	not prioritized for experimental validation | validation studies ongoing	Tbio	yes	3091	0.06598167260568177	0.09757852607867049		-0.649				0.6155465370241889	0.3	3			96	0.3854166666666667	0.2601	Structural protein	false	true			0.078247	2687	197	6
PRDX1	ENSG00000117450	5	2018	Chang Lab; Columbia-Rush; Emory; MSSM - Zhang Lab; Emory-Sage-SGC	Genetics; RNA; Protein; Clinical	not prioritized for experimental validation | validation studies ongoing	Tchem	yes	271	0.38524537650936785			-0.931				1.3471331896804288	0.3	2			260	0.35	0.164	Oxidoreductase	false	false	0.1108	0.0211	0.091182	2128	245	6
BIN1	ENSG00000136717	4	2018	Duke; Mayo-UFL-ISB; ASU; Emory-Sage-SGC	Genetics; Metabolomics; RNA; Protein	not prioritized for experimental validation | Validation studies ongoing  | Validation studies ongoing	Tbio	yes	63	0.5167886518826988	0.8010547845843712		-0.978				0.8124795232840079	0.3	3			1780	0.31910112359550563	0.4122		false	true	0.1726	0.0698	0.118992	1382	294	6
CLU	ENSG00000120885	4	2018	Columbia-Rush; Duke; Mayo-UFL-ISB; MSSM - Roussos Lab	Protein; Clinical; Genetics; Metabolomics; RNA	not prioritized for experimental validation | Validation studies ongoing 	Tbio	yes	44	0.5346469504612661	0.663649784651432		1.056				0.7531425881038972	0.85	2			2475	0.30383838383838385	0.2223		false	false	0.2609	0.0877	0.130785	1150	317	6
COL25A1	ENSG00000188517	4	2018	Emory; Mayo-UFL-ISB; Emory-Sage-SGC	Protein	validation studies ongoing | not prioritized for experimental validation	Tbio	yes	2953	0.06992165242756511			-0.698				0.9445752570124639	0.3	1			119	0.2605042016806723	0.8366		false	false			0.028352	7879	80	6
HTRA1	ENSG00000166033	4	2018	Emory; Mayo-UFL-ISB; MSSM - Roussos Lab; Emory-Sage-SGC	Protein; RNA	validation studies ongoing | not prioritized for experimental validation | Not prioritized for experimental validation 	Tchem	yes	4466	0.03545489341550151			-0.12				0.7265546133381112	0.3	3			343	0.3673469387755102	0.2786	Hydrolase	false	true			0.023250	8984	64	6
INPP5D	ENSG00000168918	4	2018	Duke; Mayo-UFL-ISB; MSSM - Zhang Lab; IUSM-Purdue	Genetics; Metabolomics; RNA	not prioritized for experimental validation | validation studies ongoing | validation studies completed	Tbio	yes	113	0.4713004124563869	0.7296946838886533		1.157				0.35903606150240164	0.85	3			589	0.3853989813242784	0.5387	Phosphatase	false	true	0.1392	0.0334	0.073574	2922	176	6
NRN1	ENSG00000124785	4	2018	Columbia-Rush; MSSM - Zhang Lab; Emory-Sage-SGC	Protein; Clinical; Genetics; RNA	not prioritized for experimental validation | validation studies ongoing | Validation studies ongoing	Tbio	yes	1778	0.10999327943658474			-1.444				0.6107995923812363	0.3	1			185	0.3621621621621622	0.4782		false	true	0.0154	0.0041	0.009056	13847	30	6
PDHB	ENSG00000168291	4	2018	Chang Lab; Columbia-Rush; Emory; Emory-Sage-SGC	Genetics; Protein; Clinical; RNA	not prioritized for experimental validation | Validation studies ongoing	Tbio	yes	3798	0.048566783742348636			-1.48				0.5960654805846246	0.3	2			75	0.3466666666666667	0.1265	Oxidoreductase	false	false			0.119681	1370	269	6
PRDX6	ENSG00000117592	4	2018	Chang Lab; Emory; MSSM - Zhang Lab; Emory-Sage-SGC	Genetics; RNA; Protein	validation studies ongoing | validation studies planned	Tbio	yes	1890	0.10372371859564324			1.257				1.0324538246928918	0.3	2			245	0.3224489795918367	0.1549	Oxidoreductase	false	true	0.0651	0.0087	0.073348	2937	181	6
RPH3A	ENSG00000089169	4	2018	Chang Lab; Columbia-Rush; Emory; MSSM - Zhang Lab	Genetics; Protein; Clinical	not prioritized for experimental validation | validation studies ongoing	Tbio	yes	739	0.2886517602564424	0.4469719128080656		-1.528				0.5973986976128477	0.3	2			87	0.41379310344827586	0.8279		false	true	0.0232	0.0085	0.023274	8977	61	6
VGF	ENSG00000128564	4	2018	Columbia-Rush; Emory; Mayo-UFL-ISB; MSSM - Zhang Lab	Genetics; RNA; Protein; Clinical	validation studies completed | not prioritized for experimental validation | validation studies ongoing	Tbio	yes	1599	0.12179385997620308			-0.28				0.5034170538178429	0.3	2			373	0.42091152815013405	0.8157	Unclassified protein	false	true	0.0411	0.0068	0.023399	8944	67	6
ACE	ENSG00000159640	3	2018	Duke; Emory	Genetics; Metabolomics; Protein	not prioritized for experimental validation | validation studies planned | Not prioritized for experimental validation	Tclin	yes	19	0.6060773746886298	0.8156324041926518		-0.48				0.8736380337442785	1	3	2	1	4333	0.3277175167320563	0.6542	Metallo protease MAE clan	false	true	0.2386	0.0542	0.130805	1149	344	7
CTSH	ENSG00000103811	3	2020	Emory; Emory-Sage-SGC	Genetics; Protein	validation studies planned | Not prioritized for experimental validation	Tchem	yes	295	0.3762388292042883			0.479				1.1634111247275594	0.3	3			175	0.4857142857142857	0.3724	Cysteine protease C1A family	false	false	0.0278	0.003	0.028963	7755	78	6
DBI	ENSG00000155368	3	2018	Columbia-Rush; Emory; MSSM - Zhang Lab	Protein; Clinical; Genetics	not prioritized for experimental validation	Tbio	yes	4796	0.03092242588751341			0.539				1.4899460032387057	0.3	2			301	0.26578073089701	0.2099	Unclassified protein	false	false			0.041084	5737	103	6
DNM1	ENSG00000106976	3	2018	Chang Lab; Emory; MSSM - Zhang Lab	Genetics; RNA; Protein	validation studies ongoing | not prioritized for experimental validation	Tbio	yes	2815	0.07370120258271258			-1.707				0.37801698276994616	0.3	3			167	0.2934131736526946	0.5521	Structural protein	false	true			0.085267	2368	221	6
ERBB3	ENSG00000065361	3	2018	Columbia-Rush; Mayo-UFL-ISB; ASU	Genetics; RNA; Protein; Clinical	not prioritized for experimental validation | Validation studies ongoing 	Tclin	yes	4938	0.02901993078919154			0.965				0.7257632547407283	1	4			257	0.25680933852140075	0.5355	TK protein kinase group	false	true			0.132362	1133	308	6
GSN	ENSG00000148180	3	2018	Chang Lab; Columbia-Rush; MSSM - Zhang Lab	Genetics; RNA; Protein; Clinical	not prioritized for experimental validation | Not prioritized for experimental validation	Tbio	yes	2034	0.09723192592829802			1.663				0.8162655709169045	0.3	3			425	0.31058823529411766	0.2656	Unclassified protein	false	true			0.105400	1673	253	6
MDK	ENSG00000110492	3	2018	Emory; Mayo-UFL-ISB; Emory-Sage-SGC	Protein; RNA	validation studies ongoing	Tchem	yes	3335	0.05940361442047899			-0.682				1.3522696942262118	0.3	2			215	0.4744186046511628	0.5063	Secreted protein	false	true			0.036914	6383	98	6
NDUFA10	ENSG00000130414	3	2018	Chang Lab; Emory; MSSM - Zhang Lab	Genetics; Protein	not prioritized for experimental validation | Not prioritized for experimental validation	Tclin	yes	751	0.2864780796111738	0.09733847042564514		-1.328				1.0882505521207686	1	2	0.5	1	78	0.2564102564102564	0.2202	Oxidoreductase	false	false	0.1495	0.0055	0.104385	1698	199	7
PAK1	ENSG00000149269	3	2018	Chang Lab; MSSM - Zhang Lab; Emory-Sage-SGC	Genetics; RNA; Protein	not prioritized for experimental validation | validation studies ongoing	Tchem	yes	2963	0.0694773014952774			-1.598				0.5866628935683945	0.3	3			310	0.25806451612903225	0.3475	STE protein kinase STE20 family	false	true			0.107560	1628	279	6
PDHA1	ENSG00000131828	3	2018	Columbia-Rush; MSSM - Zhang Lab; Emory-Sage-SGC	Protein; Clinical; Genetics; RNA	not prioritized for experimental validation | Not prioritized for experimental validation | Validation studies ongoing	Tbio	yes	4996	0.028338721152242202			-0.781					0.3	2			121	0.4049586776859504	0.2453	Oxidoreductase	false	false			0.114468	1477	304	5
PTN	ENSG00000105894	3	2018	Emory; Mayo-UFL-ISB; Emory-Sage-SGC	Protein; RNA	validation studies ongoing	Tchem	yes	4547	0.03419020323133021			1.065				1.10623978755014	0.3	2			280	0.475	0.3713	Secreted protein	false	true			0.039201	6001	107	6
RABEP1	ENSG00000029725	3	2018	Duke; Emory-Sage-SGC; MSSM - Roussos Lab	Genetics; Metabolomics; Protein; RNA	not prioritized for experimental validation | Validation studies ongoing 	Tbio	yes	568	0.3189385402750737	0.5021987077749842		-1.455				0.5217094126130557	0.3	2			69	0.42028985507246375	0.1815		false	false	0.0222	0.0022	0.033067	6985	83	6
RUFY3	ENSG00000018189	3	2018	Duke; Emory; MSSM - Roussos Lab	Genetics; Metabolomics; Protein; RNA	not prioritized for experimental validation | Not prioritized for experimental validation 	Tbio	yes	5264	0.02585005761377998			-1.624				0.5390006494887861	0.3	1			24	0.20833333333333334	0.2456		false	true			0.004098	17203	10	6
SEPTIN5	ENSG00000184702	3	2018	Emory; MSSM - Zhang Lab; ASU	Protein; RNA	not prioritized for experimental validation | Not prioritized for experimental validation | Validation studies ongoing 	Tbio	no																						0.037393	6317	92	0
SFRP1	ENSG00000104332	3	2018	Emory; Mayo-UFL-ISB; Emory-Sage-SGC	Protein	validation studies ongoing | not prioritized for experimental validation	Tchem	yes	3036	0.06753310348923006			1.81				0.6056664834058045	0.3	3			164	0.3475609756097561	0.5101	Secreted protein	false	true			0.062950	3574	159	6
SLC25A11	ENSG00000108528	3	2018	Chang Lab; Columbia-Rush; Emory	Genetics; RNA; Protein; Clinical	not prioritized for experimental validation	Tbio	no																						0.028579	7837	81	0
SLIT2	ENSG00000145147	3	2018	Duke; Emory; Emory-Sage-SGC	Genetics; Metabolomics; Protein	not prioritized for experimental validation | validation studies ongoing	Tbio	yes	4070	0.042588502930590494			-1.552				0.2865246384029572	0.3	3			130	0.36923076923076925	0.5063		false	true			0.038710	6089	101	6
SNX32	ENSG00000172803	3	2020	Emory; Emory-Sage-SGC	Genetics; Protein	validation studies planned | Not prioritized for experimental validation	Tdark	no																						0.014059	11659	35	0
SPON1	ENSG00000262655	3	2020	Emory; MSSM - Roussos Lab; Emory-Sage-SGC	Protein; RNA	validation studies ongoing | Not prioritized for experimental validation 	Tbio	yes	1334	0.2017855373073648	0.3074889387518751		1.252				0.5863955962643368	0.3	3			187	0.36363636363636365	0.4107		false	true	0.0223	0.0164	0.012427	12244	34	6
SYK	ENSG00000165025	3	2018	MSSM - Zhang Lab; Emory-Sage-SGC; IUSM-Purdue	Genetics; RNA; Protein	not prioritized for experimental validation | validation studies completed	Tclin	yes	2120	0.09391266758294593			0.515				0.3125128695863639	1	3			738	0.3888888888888889	0.5804	Kinase	false	true			0.206009	416	480	6
SYNGAP1	ENSG00000197283	3	2018	Chang Lab; Emory; MSSM - Zhang Lab	Genetics; Protein	not prioritized for experimental validation | Not prioritized for experimental validation	Tbio	yes	2757	0.07511028766353788			0.662				0.12437555310481917	0.3	2			108	0.35185185185185186	0.3696		false	false			0.050900	4566	134	6
SYT1	ENSG00000067715	3	2018	Chang Lab; Emory; MSSM - Zhang Lab	Genetics; RNA; Protein	not prioritized for experimental validation	Tbio	yes	1770	0.11046943238562831			-1.721				0.32202818356390905	0.3	3			464	0.4418103448275862	0.7402		false	false	0.1429	0.0418	0.101010	1791	251	6
TNFRSF1A	ENSG00000067182	3	2018	Chang Lab; MSSM - Zhang Lab; IUSM-Purdue	Genetics; RNA	not prioritized for experimental validation	Tchem	yes	1841	0.10629179180463037			1.243				0.3774857332916918	0.5	3			285	0.29473684210526313	0.2186	Membrane receptor	false	true	0.2784	0.025	0.181327	567	427	6
TYROBP	ENSG00000011600	3	2018	Mayo-UFL-ISB; MSSM - Zhang Lab; IUSM-Purdue	RNA; Genetics	not prioritized for experimental validation | validation studies ongoing | validation studies planned	Tbio	yes	1791	0.10970136604623121			-0.183				1.2801502796928181	0.3	3			769	0.4135240572171652	0.5346		false	true	0.1574	0.0256	0.142556	973	342	6
ABI3	ENSG00000108798	2	2018	Mayo-UFL-ISB; IUSM-Purdue	RNA	validation studies completed | not prioritized for experimental validation	Tbio	yes	199	0.4337638529174146	0.6677141715629201		0.501				0.9117532453907448	0.3	1			235	0.37446808510638296	0.5839		false	false	0.0311	0.0183	0.020708	9617	47	6
ADAMTS4	ENSG00000158859	2	2018	Duke; ASU	Genetics; Metabolomics; RNA	not prioritized for experimental validation | Validation studies ongoing 	Tchem	yes	1081	0.2438042652183504	0.3746677531359311		0.792				0.746653691415091	0.3	3			165	0.38181818181818183	0.5837	Metallo protease M12B subfamily	false	true	0.0586	0.0098	0.035107	6673	95	6
ANKS1B	ENSG00000185046	2	2018	Emory; MSSM - Zhang Lab	Protein	not prioritized for experimental validation | Not prioritized for experimental validation	Tbio	yes	5074	0.02759966067283349			-1.484				0.3206454877955097	0.3	2			61	0.3770491803278688	0.6611		false	true			0.013452	11867	43	6
AP2B1	ENSG00000006125	2	2018	Chang Lab; Emory	Genetics; RNA; Protein	not prioritized for experimental validation	Tbio	yes	4129	0.04149599876973192			-0.458				0.3194095567436926	0.3	3			110	0.43636363636363634	0.1353	Unclassified protein	false	false			0.109395	1576	252	6
APOC1	ENSG00000130208	2	2018	Duke; MSSM - Roussos Lab	Genetics; Metabolomics; RNA	not prioritized for experimental validation | Not prioritized for experimental validation 	Tbio	yes	244	0.3996638726120694	0.6110904177558444		0.518				1.3662452132560652	0.3	2			658	0.36930091185410335	0.6899		false	true	0.0791	0.0183	0.045525	5184	104	6
ATP1B1	ENSG00000143153	2	2018	Chang Lab; Columbia-Rush	Genetics; RNA; Protein; Clinical	not prioritized for experimental validation	Tclin	yes	5725	0.02153416458453018			-1.061				0.19591257338325457	1	3			112	0.32142857142857145	0.3068	Transporter	false	true			0.041196	5724	95	6
ATP2A2	ENSG00000174437	2	2018	Columbia-Rush; Emory	Protein; Clinical	not prioritized for experimental validation	Tchem	yes	3915	0.04609217070011456			-1.586				0.20031691580219332	0.85	3			250	0.32	0.3827	Hydrolase	true	true			0.076211	2775	195	6
ATP2B1	ENSG00000070961	2	2018	Emory; MSSM - Zhang Lab	Protein; Genetics; RNA	validation studies ongoing | not prioritized for experimental validation	Tbio	yes	2854	0.07257554425518184			0.332				0.17629711273270007	0.3	2			67	0.2835820895522388	0.4		false	true			0.030585	7415	81	6
ATP6V1A	ENSG00000114573	2	2018	Chang Lab; MSSM - Zhang Lab	Genetics; RNA; Protein	validation studies ongoing	Tbio	yes	61	0.5186969750063051			-2.262				0.3808059060741895	0.3	3			115	0.48695652173913045	0.2991	Hydrolase	true	false	0.078	0.0052	0.072128	3019	165	6
BDH2	ENSG00000164039	2	2020	Emory; Emory-Sage-SGC	Protein	validation studies ongoing	Tbio	no																						0.020929	9564	59	0
C1QTNF4	ENSG00000172247	2	2018	Columbia-Rush; Mayo-UFL-ISB	Genetics; RNA; Protein; Clinical	not prioritized for experimental validation	Tbio	yes	3997	0.044615778419073784			-2.954				1.3339510248887194	0.3	2			44	0.3181818181818182	0.6184		false	true			0.001566	18950	5	6
C4A	ENSG00000244731	2	2018	Columbia-Rush; Emory-Sage-SGC	Genetics; RNA; Protein; Clinical	not prioritized for experimental validation	Tbio	yes	2042	0.0968791899784015			1.275				0.4257358211904775	0.3	2			462	0.2619047619047619	0.6192		false	true			0.079606	2638	195	6
CACNB4	ENSG00000182389	2	2018	MSSM - Zhang Lab; MSSM - Roussos Lab	Genetics; RNA	not prioritized for experimental validation | Not prioritized for experimental validation 	Tbio	yes	2874	0.072074426383796			-0.43				0.6035736251318735	1	3	0	1	77	0.3246753246753247	0.7638		false	false			0.058789	3878	122	7
CAPN2	ENSG00000162909	2	2018	Emory; Emory-Sage-SGC	Protein	validation studies ongoing	Tchem	yes	261	0.3891206019555254			1.202				1.069128225404009	0.3	3			113	0.23008849557522124	0.2195	Cysteine protease	false	true	0.0554	0.0164	0.027271	8105	66	6
CD44	ENSG00000026508	2	2018	Emory; Emory-Sage-SGC	Protein	validation studies ongoing	Tbio	yes	3788	0.048968575843371664			1.687				0.6997743091131536	0.85	3			1713	0.344424985405721	0.4244	Surface antigen	false	true			0.369925	75	866	6
CDK18	ENSG00000117266	2	2019	Chang Lab; Mayo-UFL-ISB	Genetics; RNA; Protein	Not prioritized for experimental validation	Tchem	yes	5143	0.026933609831186735			-0.243				1.056440118433455	0.85	2			18	0.3333333333333333	0.5436	CMGC protein kinase PCTAIRE	false	false			0.028727	7808	87	6
CHADL	ENSG00000100399	2	2018	Columbia-Rush; Emory	Genetics; RNA; Protein; Clinical	not prioritized for experimental validation | Not prioritized for experimental validation	Tbio	no																						0.002377	18443	8	0
CIRBP	ENSG00000099622	2	2019	Chang Lab; MSSM - Roussos Lab	Genetics; RNA	Not prioritized for experimental validation 	Tbio	yes	3010	0.06835738111771966			-0.936				0.8162990889596935	0.3	2			74	0.3918918918918919	0.1651		false	false			0.022709	9126	67	6
CLIC1	ENSG00000213719	2	2018	Chang Lab; MSSM - Zhang Lab	Genetics; RNA	not prioritized for experimental validation	Tbio	yes	2238	0.08879832155302801			0.497				0.9210369589914572	0.3	3			671	0.3323397913561848	0.2725	Oxidoreductase	false	true			0.010669	13033	31	6
COL11A1	ENSG00000060718	2	2020	Emory; Emory-Sage-SGC	Protein; Clinical	validation studies ongoing	Tbio	yes	1365	0.19086006588836982	0.30945656259608795		0.893				0.3386155641892656	1	3			94	0.4574468085106383	0.7856		false	true	0.0485	0.0033	0.061520	3680	158	6
CPLX1	ENSG00000168993	2	2018	Columbia-Rush; Emory	Protein; Clinical; Genetics	not prioritized for experimental validation | Not prioritized for experimental validation	Tbio	yes	3280	0.061023784901367645			-1.571				0.7604043682623294	0.3	1			109	0.44036697247706424	0.5011		false	false			0.048236	4896	110	6
CS	ENSG00000062485	2	2018	Chang Lab; Columbia-Rush	Genetics; Protein; Clinical	not prioritized for experimental validation	Tbio	yes	3779	0.04919577506505831			-0.771				0.3366174543117115	0.3	1			6199	0.27294724955638006	0.1882	Transferase	true	false			0.233681	299	568	6
CSF1R	ENSG00000182578	2	2018	Mayo-UFL-ISB; IUSM-Purdue	RNA	validation studies ongoing | not prioritized for experimental validation	Tclin	yes	230	0.4110054373697914	0.547137717850459		0.64				0.4735107005998583	1	3	0	1	987	0.4690982776089159	0.5285	Enzyme	false	true	0.2682	0.0269	0.187006	535	464	7
CSMD1	ENSG00000183117	2	2018	Duke; MSSM - Zhang Lab	Genetics; Metabolomics; RNA	not prioritized for experimental validation	Tbio	no																						0.016843	10695	56	0
CYBA	ENSG00000051523	2	2019	Chang Lab; IUSM-Purdue	Genetics; RNA	not prioritized for experimental validation	Tbio	yes	5718	0.021579562392898242			0.654				1.4569119259788084	0.3	3			172	0.3023255813953488	0.4643	Transporter	false	true			0.049377	4772	117	6
DAG1	ENSG00000173402	2	2020	Emory; Emory-Sage-SGC	Protein	validation studies ongoing	Tbio	no																						0.074841	2843	167	0
DDAH2	ENSG00000213722	2	2018	Columbia-Rush; Emory	Protein; Clinical	not prioritized for experimental validation | validation studies ongoing	Tbio	yes	5936	0.01996812859050219			0.85				0.58178161080074	0.3	1			36	0.3055555555555556	0.2703		false	false			0.011258	12760	30	6
DISC1	ENSG00000162946	2	2023	ASU; IUSM-Purdue	RNA	Validation studies ongoing  | validation studies ongoing	Tbio	yes	1611	0.12050599476874178			1.233				0.8410459668229142	0.3	2			313	0.20766773162939298	0.575		false	false	0.1165	0.0312	0.076668	2761	189	6
DLGAP2	ENSG00000198010	2	2021	JAX-VUMC-UW Resilience; MSSM - Zhang Lab	Genetics; RNA; Protein; Clinical	validation studies ongoing  | Not prioritized for experimental validation	Tbio	yes	938	0.26190617755794454	0.3901245020649104		-1.156				0.35970231230267435	0.3	1			59	0.23728813559322035	0.8335		false	true	0.0392	0.0178	0.028024	7967	69	6
DOC2A	ENSG00000149927	2	2020	Emory	Genetics; Protein	validation studies planned | Not prioritized for experimental validation	Tbio	yes	1398	0.183463039062146	0.29240662482485147		-0.92				0.9461282808367669	0.3	2			61	0.5245901639344263	0.7013		false	false	0.0087	0.001	0.019927	9848	54	6
DOCK2	ENSG00000134516	2	2018	MSSM - Zhang Lab; IUSM-Purdue	Genetics; RNA	not prioritized for experimental validation	Tchem	yes	4610	0.03329183470183242			1.092				0.41769515407413366	0.3	3			114	0.43859649122807015	0.732	Unclassified protein	false	false			0.040417	5838	103	6
DPP6	ENSG00000130226	2	2018	Chang Lab; Emory	Genetics; RNA; Protein	not prioritized for experimental validation	Tbio	yes	4249	0.03926334697801164			-1.534				0.6875885839163498	0.3	3			151	0.3576158940397351	0.6743		false	true			0.030628	7406	79	6
DYNC1I1	ENSG00000158560	2	2018	Chang Lab; MSSM - Zhang Lab	Genetics; RNA	not prioritized for experimental validation	Tbio	no																						0.070029	3140	171	0
ECE1	ENSG00000117298	2	2020	Emory; Emory-Sage-SGC	Protein	validation studies ongoing	Tchem	yes	498	0.3318012947219764			0.771				0.47050042968330547	0.85	3			339	0.2153392330383481	0.2451	Protease	false	true	0.0207	0.0087	0.014829	11389	40	6
EPB41L3	ENSG00000082397	2	2018	Emory; MSSM - Zhang Lab	Protein	not prioritized for experimental validation | Not prioritized for experimental validation	Tbio	yes	3550	0.05417171683596459			-1.85				0.5592822688724435	0.3	3			57	0.40350877192982454	0.4458		false	false			0.028741	7805	78	6
EPHA1	ENSG00000146904	2	2018	Duke; Mayo-UFL-ISB	Genetics; Metabolomics; RNA	not prioritized for experimental validation	Tchem	yes	23	0.5926326948774134	0.8263149011662344		-0.36				0.9939303070129395	1	3			664	0.1852409638554217	0.7032	Enzyme	false	true	0.1017	0.0561	0.052193	4436	131	6
EPHX2	ENSG00000120915	2	2022	Emory-Sage-SGC; Duke	Protein; Genetics	Not prioritized for experimental validation 	Tchem	yes	492	0.33252884198159843	0.5039995023064713		-0.334				1.1404706531291509	0.85	2			138	0.39855072463768115	0.362	Protease	false	false	0.0785	0.0083	0.095405	2002	254	6
FCER1G	ENSG00000158869	2	2018	Mayo-UFL-ISB; Emory-Sage-SGC	RNA; Protein; Genetics	validation studies ongoing	Tbio	yes	4091	0.042194018277335064			-1.008				0.7581182856052341	0.3	3			197	0.4416243654822335	0.5755		false	true			0.112301	1525	269	6
FIBP	ENSG00000172500	2	2019	Chang Lab; MSSM - Roussos Lab	Genetics; RNA	Validation studies ongoing 	Tbio	yes	5263	0.02585754272707222			-1.274				0.9758326562099962	0.3	2			36	0.4166666666666667	0.1826	Unclassified protein	false	false			0.008652	14103	21	6
FLT1	ENSG00000102755	2	2020	Emory; Emory-Sage-SGC	Protein	validation studies ongoing	Tclin	yes	2270	0.08777896589331739			1.372				0.39783654625963344	1	4			328	0.4695121951219512	0.4276	Kinase	false	true			0.120786	1345	290	6
FN1	ENSG00000115414	2	2026	Columbia; IUSM-Purdue	Genetics; Protein; RNA	Validation studies completed | validation studies ongoing	Tchem	yes	1901	0.10333138682939948			1.428				0.4190012347415272	1	4			1867	0.2919121585431173	0.5765	Adhesion	false	true	0.59	0.0685	0.436618	35	1043	6
FOXO1	ENSG00000150907	2	2018	Duke; MSSM - Roussos Lab	Genetics; Metabolomics; RNA	not prioritized for experimental validation | Not prioritized for experimental validation 	Tbio	yes	629	0.3059294637440486	0.4628494026874038		1.213				0.26824836404209035	0.3	2			837	0.3548387096774194	0.3958	Transcription factor	false	false	0.3296	0.0252	0.210999	393	497	6
FRZB	ENSG00000162998	2	2020	Emory; Emory-Sage-SGC	Protein	validation studies ongoing	Tbio	yes	3473	0.056009919036452555			0.589				1.3917534167002699	0.3	1			59	0.4067796610169492	0.619		false	true			0.033665	6894	87	6
GABRA2	ENSG00000151834	2	2023	ASU; Duke	RNA; Metabolomics; Genetics; Protein; Phenomics	Validation studies ongoing  | Not prioritized for experimental validation 	Tclin	yes	655	0.30150993546110205			-0.201				0.49909295054729047	1	3	3	7	104	0.33653846153846156	0.7711	Ligand-gated ion channel	false	true	0.0846	0.0212	0.030290	7484	80	7
GFAP	ENSG00000131095	2	2018	Emory; MSSM - Zhang Lab	Protein; Genetics	not prioritized for experimental validation	Tbio	yes	1583	0.1241299013906786			1.634				1.010845556605997	0.3	1			12193	0.3600426474206512	0.7744		false	false	0.282	0.0762	0.167280	706	454	6
GIMAP8	ENSG00000171115	2	2022	IUSM-Purdue; MSSM - Roussos Lab	RNA	not prioritized for experimental validation | Not prioritized for experimental validation 	Tbio	no																						0.011549	12621	32	0
GMPR	ENSG00000137198	2	2018	Emory; MSSM - Zhang Lab	Protein	not prioritized for experimental validation | Not prioritized for experimental validation	Tbio	yes	585	0.3155790223376762	0.4838947994683025		0.358				1.0906789306393665	0.3	2			27	0.37037037037037035	0.4656		false	false	0.0251	0.0012	0.046614	5079	87	6
GPC5	ENSG00000179399	2	2020	Emory; Emory-Sage-SGC	Protein	validation studies ongoing	Tbio	yes	5680	0.021866119076965458			0.301				1.1116035369715538	0.3	2			127	0.4566929133858268	0.7721		false	true			0.032480	7097	88	6
GPNMB	ENSG00000136235	2	2020	Emory; Emory-Sage-SGC	Protein	validation studies ongoing	Tbio	yes	1925	0.10196526498876338			0.635				1.5093187486332549	1	3			378	0.5158730158730159	0.4301	Unclassified protein	false	true	0.0426	0.0076	0.026001	8353	74	6
GRIA2	ENSG00000120251	2	2018	Emory; MSSM - Zhang Lab	Protein; Genetics; RNA	not prioritized for experimental validation	Tclin	yes	1548	0.1329547524423481			0.965				0.22500994532146604	1	3	2	2	304	0.3717105263157895	0.7084	Ion channel	false	true	0.2022	0.0957	0.116901	1432	286	7
HLA-DRA	ENSG00000204287	2	2019	Chang Lab; IUSM-Purdue	Genetics; RNA	not prioritized for experimental validation	Tbio	yes	4795	0.030925546064832728			-0.614				0.6542775009457067	0.3	3			357	0.36694677871148457	0.4019		false	true			0.113231	1497	286	6
HNRNPM	ENSG00000099783	2	2018	Emory; MSSM - Zhang Lab	Protein	not prioritized for experimental validation | Not prioritized for experimental validation	Tbio	yes	5807	0.020883930977525042			0.561				0.24905929248378658	0.3	1			52	0.3076923076923077	0.1355	Unclassified protein	true	false			0.149683	876	345	6
HOMER1	ENSG00000152413	2	2018	Chang Lab; Emory	Genetics; RNA; Protein	not prioritized for experimental validation	Tbio	yes	2330	0.08617162579560018			0.181				0.15863523109732275	0.3	2			295	0.423728813559322	0.5184		false	true			0.053442	4330	129	6
HSPB1	ENSG00000106211	2	2018	Columbia-Rush; Emory	Protein; Clinical	not prioritized for experimental validation	Tchem	yes	2076	0.0955038998733089			-0.402				1.6433021942671502	0.85	3			591	0.27580372250423013	0.2721	Other cytosolic protein	false	true			0.102126	1767	257	6
IGF1	ENSG00000017427	2	2018	Mayo-UFL-ISB; MSSM - Roussos Lab	RNA	not prioritized for experimental validation | Not prioritized for experimental validation 	Tbio	yes	1653	0.11719880381268863			-1.041				0.6644366906578106	0.85	3			1493	0.2652377762893503	0.6065	Secreted protein	false	true	0.4329	0.0525	0.255579	242	632	6
IL10RA	ENSG00000110324	2	2018	Mayo-UFL-ISB; IUSM-Purdue	RNA	validation studies ongoing | not prioritized for experimental validation	Tbio	no																						0.114469	1476	283	0
ITGAM	ENSG00000169896	2	2022	IUSM-Purdue; MSSM - Roussos Lab	RNA	not prioritized for experimental validation | Not prioritized for experimental validation 	Tbio	yes	1878	0.10443796000680933			0.426				0.6929490630035733	0.5	3			371	0.42048517520215634	0.6922	Membrane receptor	false	true	0.3763	0.0348	0.265902	222	649	6
ITGB2	ENSG00000160255	2	2020	MSSM - Zhang Lab; IUSM-Purdue	Genetics; Protein; RNA	not prioritized for experimental validation	Tclin	yes	3150	0.06487019319021567			0.578				0.8062943419486726	1	3			244	0.48360655737704916	0.6309	Membrane receptor	false	true			0.192032	499	449	6
KALRN	ENSG00000160145	2	2018	Columbia-Rush; MSSM - Zhang Lab	Protein; Clinical; Genetics; RNA	not prioritized for experimental validation	Tbio	yes	758	0.28592283973661975	0.4427958439916932		-0.997				0.24143575609991857	0.3	2			94	0.2978723404255319	0.561		false	false	0.0951	0.0336	0.088894	2221	248	6
LACTB	ENSG00000103642	2	2020	Emory	Genetics; Protein	validation studies planned | Not prioritized for experimental validation	Tbio	yes	3691	0.05079437563717778			-0.627				0.9246738883522436	0.3	2			32	0.5	0.3315		false	false			0.009777	13470	25	6
LAG3	ENSG00000089692	2	2018	JAX-VUMC-UW Resilience; Mayo-UFL-ISB	RNA; Behavior	validation studies ongoing  | validation studies completed	Tclin	yes	5079	0.027536893079444225			0.276				0.8073822162536182	1	2			251	0.46613545816733065	0.6886	Unclassified protein	false	true			0.103002	1739	255	6
LAIR1	ENSG00000167613	2	2022	IUSM-Purdue; Duke	RNA; Metabolomics; Genetics; Protein; Phenomics	not prioritized for experimental validation | Not prioritized for experimental validation 	Tbio	no																						0.039415	5971	116	0
LAPTM5	ENSG00000162511	2	2019	Chang Lab; JAX-VUMC-UW Resilience	Genetics; RNA; Behavior	validation studies planned	Tbio	yes	3181	0.0637911064470729			0.242				0.6045062132926882	0.3	2			57	0.40350877192982454	0.5317		false	false			0.038904	6055	100	6
LCP1	ENSG00000136167	2	2022	IUSM-Purdue; MSSM - Zhang Lab	RNA; Protein	not prioritized for experimental validation | Not prioritized for experimental validation	Tbio	no																						0.038836	6063	110	0
LMNA	ENSG00000160789	2	2018	Emory; MSSM - Zhang Lab	Protein	not prioritized for experimental validation | Not prioritized for experimental validation	Tbio	yes	252	0.3944269204772499			1.2				0.4129139916756422	0.3	2			687	0.2940320232896652	0.2944	Structural protein	false	false	0.1613	0.022	0.130048	1167	346	6
LRP1	ENSG00000123384	2	2020	Emory; Emory-Sage-SGC	Protein	validation studies ongoing	Tbio	yes	150	0.46248318324615795			0.218				0.11893035444312167	0.85	3			2384	0.35318791946308725	0.3167	Unclassified protein	false	true	0.1478	0.0287	0.075044	2827	187	6
LYVE1	ENSG00000133800	2	2018	Mayo-UFL-ISB; MSSM - Roussos Lab	RNA	not prioritized for experimental validation | Not prioritized for experimental validation 	Tbio	yes	4764	0.03125924663201045			0.08				1.2562664134535613	0.3	2			147	0.5918367346938775	0.4951		false	true			0.049248	4788	134	6
MEF2C	ENSG00000081189	2	2018	Duke; MSSM - Zhang Lab	Genetics; Metabolomics; RNA	not prioritized for experimental validation | validation studies ongoing	Tbio	yes	1269	0.2148796025464609	0.309023403438177		-1.515				0.23441773801759802	0.3	1			604	0.2947019867549669	0.4765		false	false	0.1406	0.0299	0.099968	1831	271	6
MOBP	ENSG00000168314	2	2018	Mayo-UFL-ISB; ASU	RNA	not prioritized for experimental validation | Validation studies ongoing 	Tbio	yes	5528	0.023211910469088947			1.96				0.6990355260408281	0	0			240	0.44583333333333336	0.8536		false	false			0.016515	10817	46	6
MRC1	ENSG00000260314	2	2023	MSSM - Roussos Lab; ASU	RNA	Not prioritized for experimental validation  | Validation studies ongoing 	Tbio	yes	867	0.27132224550743156	0.4258159615189867		0.345				0.7440908838850829	0.3	3			316	0.4873417721518987	0.6193	Unclassified protein	false	true	0.1725	0.0163	0.097670	1921	256	6
MRPL37	ENSG00000116221	2	2018	Columbia-Rush; Duke	Protein; Clinical; Metabolomics; Genetics; RNA; Phenomics	not prioritized for experimental validation | Not prioritized for experimental validation 	Tdark	no																						0.078583	2679	117	0
MS4A4A	ENSG00000110079	2	2018	Mayo-UFL-ISB; IUSM-Purdue	RNA; Genetics	not prioritized for experimental validation	Tbio	yes	1003	0.25364304058321396	0.38011135676821495		-0.473				1.2877314935506181	0.3	1			282	0.3546099290780142	0.555		false	false	0.0674	0.0355	0.029098	7724	80	6
MS4A6A	ENSG00000110077	2	2018	Mayo-UFL-ISB; IUSM-Purdue	RNA	not prioritized for experimental validation	Tbio	yes	47	0.5313004143809933	0.8428677609462104		1.216				1.3564542810878937	0.3	1			564	0.25	0.5612		false	false	0.0792	0.0449	0.035864	6568	95	6
NDUFS1	ENSG00000023228	2	2018	Emory; MSSM - Zhang Lab	Protein	not prioritized for experimental validation | Not prioritized for experimental validation	Tclin	yes	50	0.5272829017873657			1.216				0.8947016471014153	1	3	0.5	1	113	0.3893805309734513	0.2805	Oxidoreductase	false	false	0.175	0.0079	0.157025	806	320	7
NDUFS2	ENSG00000158864	2	2018	Emory; Emory-Sage-SGC	Protein; RNA	not prioritized for experimental validation	Tclin	yes	64	0.5149296150177934			-0.329				0.7153279004815852	1	3	0.5	1	113	0.415929203539823	0.1605	Oxidoreductase	true	false	0.1801	0.0075	0.172428	655	351	7
NDUFS3	ENSG00000213619	2	2023	Mayo; MSSM - Zhang Lab	Genetics; RNA; Protein	 Validation studies ongoing  | Not prioritized for experimental validation	Tclin	yes	4979	0.028512738664956908			-0.773				0.9055972730693206	1	3	0.5	1	155	0.33548387096774196	0.1306	Oxidoreductase	false	false			0.195509	474	419	7
NDUFV1	ENSG00000167792	2	2018	Emory; Mayo	Protein; Genetics; RNA	not prioritized for experimental validation |  Validation studies ongoing 	Tclin	yes	179	0.44955570024279684			-1.241				1.092364437376555	1	3	0.5	1	165	0.34545454545454546	0.0982	Oxidoreductase	false	false	0.1734	0.0081	0.165184	723	335	7
NLRC5	ENSG00000140853	2	2018	Duke; MSSM - Zhang Lab	Genetics; Metabolomics; RNA	not prioritized for experimental validation	Tbio	yes	4257	0.03917783563335926			1.729				0.6437929891523464	0.3	1			50	0.4	0.5417		false	false			0.041630	5657	110	6
NNT	ENSG00000112992	2	2018	Columbia-Rush; Emory	Protein; Clinical	not prioritized for experimental validation	Tbio	no																						0.025616	8447	60	0
NONO	ENSG00000147140	2	2018	Emory; MSSM - Zhang Lab	Protein	not prioritized for experimental validation | Not prioritized for experimental validation	Tbio	yes	5183	0.026609749537298527			-0.779					0.3	2			140	0.32142857142857145	0.1858	Unclassified protein	false	false			0.087535	2273	220	5
NRXN3	ENSG00000021645	2	2018	Duke; ASU	Genetics; Metabolomics; RNA	not prioritized for experimental validation | Validation studies ongoing 	Tbio; Tbio	yes	822	0.2772087469811687	0.4176825255066216		-2.398				0.31236819282507605	0.3	2			169	0.3905325443786982	0.7475		false	true	0.0601	0.0157	0.048398	4873	130	6
NTN1	ENSG00000065320	2	2020	Emory; Emory-Sage-SGC	Protein	validation studies ongoing	Tbio	yes	1799	0.10923149161800419			0.26				0.33597306464447335	0.3	2			183	0.3825136612021858	0.5631	Unclassified protein	false	true	0.0652	0.0097	0.048399	4872	124	6
NTN3	ENSG00000162068	2	2020	Emory; Emory-Sage-SGC	Protein	validation studies ongoing	Tbio	no																						0.007438	14809	20	0
NXPH1	ENSG00000122584	2	2020	Emory; Emory-Sage-SGC	Protein	validation studies ongoing	Tbio	no																						0.012338	12282	38	0
OLFM1	ENSG00000130558	2	2018	Emory; MSSM - Zhang Lab	Protein	not prioritized for experimental validation | Not prioritized for experimental validation	Tbio	yes	3448	0.056612024247717774			-1.26				0.3159802121534611	0.3	2			55	0.43636363636363634	0.5168		false	true			0.010114	13296	29	6
OLFM3	ENSG00000118733	2	2018	MSSM - Zhang Lab	Genetics; RNA; Protein	not prioritized for experimental validation	Tbio	yes	5853	0.02057207428151809			-1.156				0.5985795980191432	0.3	1			33	0.42424242424242425	0.8583		false	true			0.016182	10946	48	6
OLFML3	ENSG00000116774	2	2020	Emory; Emory-Sage-SGC	Protein	validation studies ongoing	Tbio	yes	5569	0.022842011317532464			-0.058				1.0014581110586518	0.3	1			104	0.46153846153846156	0.4869		true	true			0.005558	16125	16	6
PADI2	ENSG00000117115	2	2018	Emory; MSSM - Roussos Lab	Protein; RNA	not prioritized for experimental validation | Not prioritized for experimental validation 	Tchem	yes	4096	0.0421490144725395			0.534				1.052603095513624	0.3	3			69	0.30434782608695654	0.6596	Hydrolase	false	false			0.008924	13941	23	6
PAFAH1B3	ENSG00000079462	2	2018	Columbia-Rush; Emory	Protein; Clinical	not prioritized for experimental validation | validation studies ongoing	Tbio	no																						0.025690	8426	57	0
PGLS	ENSG00000130313	2	2018	Columbia-Rush; Emory	Protein; Clinical	not prioritized for experimental validation	Tbio	no																						0.022141	9270	56	0
PICALM	ENSG00000073921	2	2018	Duke; MSSM - Roussos Lab	Genetics; Metabolomics; RNA	not prioritized for experimental validation | Validation studies ongoing 	Tbio	yes	127	0.4650001109809605	0.7179176090040623		-0.681				0.6466760168368388	0.3	2			1670	0.26047904191616766	0.2059	Unclassified protein	false	true	0.1603	0.0735	0.095059	2013	219	6
PLCB1	ENSG00000182621	2	2018	Emory; MSSM - Zhang Lab	Protein	not prioritized for experimental validation | Not prioritized for experimental validation	Tbio	yes	3643	0.05173764345164573	0.03578503763086272		-0.476				0.3634632520905056	0.3	2			124	0.3225806451612903	0.5712	Enzyme	false	true			0.148738	884	335	6
PLCG2	ENSG00000197943	2	2018	Mayo-UFL-ISB; IUSM-Purdue	RNA	validation studies completed	Tchem	yes	39	0.5478063851344441	0.8537608054738913		-1.034				0.48023594357542465	0.3	3			467	0.47109207708779444	0.6713	Hydrolase	false	false	0.1998	0.018	0.157091	805	318	6
PLXNB1	ENSG00000164050	2	2018	Columbia-Rush; MSSM - Zhang Lab	Genetics; RNA; Protein; Clinical	validation studies completed | validation studies ongoing	Tbio	yes	4658	0.03279994815548415			1.55				0.5948707289929177	0.3	3			62	0.3709677419354839	0.2477		false	true			0.048024	4918	111	6
PREX1	ENSG00000124126	2	2018	Chang Lab; Columbia-Rush	Genetics; RNA; Protein; Clinical	not prioritized for experimental validation	Tbio	yes	1926	0.10194191161250618	0.15834023586225335		0.931				0.2682960960197542	0.3	2			23	0.43478260869565216	0.4158		false	true	0.0392	0.0032	0.033045	6991	66	6
PTPN6	ENSG00000111679	2	2022	IUSM-Purdue; MSSM - Zhang Lab	Genetics; RNA; Protein	validation studies ongoing | Not prioritized for experimental validation	Tchem	yes	2428	0.08332850221659543			0.057				0.32734042013764564	0.3	3			88	0.36363636363636365	0.6069	Protein Phosphatase	false	false			0.117964	1408	269	6
PTPRC	ENSG00000081237	2	2020	MSSM - Zhang Lab; IUSM-Purdue	Genetics; Protein; RNA	not prioritized for experimental validation	Tchem	yes	4003	0.04448750726829626			1.786				0.36282957059097454	0.5	3			294	0.37755102040816324	0.6912	Protein Phosphatase	false	true			0.319758	131	801	6
QPRT	ENSG00000103485	2	2020	Emory; Emory-Sage-SGC	Protein	validation studies ongoing	Tbio	yes	5540	0.023099938314766782			-0.038				1.288076305815037	0.3	2			58	0.39655172413793105	0.4574		false	false			0.039402	5974	95	6
RAB27B	ENSG00000041353	2	2018	Emory; MSSM - Zhang Lab	Genetics; Protein; RNA	validation studies planned | not prioritized for experimental validation	Tbio	no																						0.025033	8585	60	0
RAB3A	ENSG00000105649	2	2018	Columbia-Rush; Emory	Genetics; RNA; Protein; Clinical	not prioritized for experimental validation | validation studies ongoing	Tbio	yes	4472	0.03541331751158258			-0.78				0.5328451921876157	0.3	2			283	0.19081272084805653	0.574		false	false			0.073418	2932	169	6
RENBP	ENSG00000102032	2	2020	Emory; Emory-Sage-SGC	Protein	validation studies ongoing	Tbio	no																						0.013999	11683	32	0
RTF2	ENSG00000022277	2	2020	Emory	Genetics; Protein	validation studies planned | Not prioritized for experimental validation	Tbio	no																						0.009096	13834	27	0
SCARA3	ENSG00000168077	2	2018	Duke; ASU	Genetics; Metabolomics; RNA	not prioritized for experimental validation | Validation studies ongoing 	Tbio	no																						0.009572	13585	29	0
SDC4	ENSG00000124145	2	2020	Emory; Emory-Sage-SGC	Protein	validation studies ongoing	Tbio	yes	4667	0.032592268423110526			1.409				1.245215596914152	1	3			114	0.4649122807017544	0.2398		false	true			0.083469	2443	196	6
SIPA1	ENSG00000213445	2	2018	MSSM - Zhang Lab; IUSM-Purdue	Genetics; RNA	not prioritized for experimental validation	Tbio	no																						0.011901	12463	32	0
SLIT1	ENSG00000187122	2	2020	Emory; Emory-Sage-SGC	Protein	validation studies ongoing	Tbio	no																						0.026793	8206	72	0
SLIT3	ENSG00000184347	2	2018	Duke; Emory	Genetics; Metabolomics; Protein	not prioritized for experimental validation | Not prioritized for experimental validation	Tbio	yes	559	0.32068946777060325	0.040944941016528555		-2.085				0.4521808852803045	0.3	2			60	0.25	0.4572		false	true	0.0493	0.0058	0.033493	6921	89	6
SMOC1	ENSG00000198732	2	2020	Emory; Emory-Sage-SGC	Protein	validation studies ongoing	Tbio	yes	1775	0.11018262569463297			0.679				0.557923861980701	0.3	2			144	0.7708333333333334	0.5379		false	true	0.0065	0.0005	0.010109	13304	32	6
SNAP91	ENSG00000065609	2	2018	Chang Lab; MSSM - Zhang Lab	Genetics; RNA	not prioritized for experimental validation	Tbio	yes	4310	0.038069451318897135			-1.264				0.3711433512488575	0.3	2			80	0.3875	0.7818		false	false			0.060193	3763	146	6
SPOCK1	ENSG00000152377	2	2020	Emory; Emory-Sage-SGC	Protein	validation studies ongoing	Tbio	yes	2567	0.0793307591938187			-1.365				0.5893696110847283	0.3	2			50	0.52	0.505		false	true			0.010503	13108	32	6
SPOCK2	ENSG00000107742	2	2020	Emory; Emory-Sage-SGC	Protein	validation studies ongoing	Tbio	no																						0.004717	16768	13	0
SPOCK3	ENSG00000196104	2	2020	Emory; Emory-Sage-SGC	Protein	validation studies ongoing	Tbio	no																						0.004046	17236	11	0
STAT3	ENSG00000168610	2	2018	Mayo-UFL-ISB; MSSM - Zhang Lab	RNA; Genetics	not prioritized for experimental validation	Tchem	yes	531	0.3250713127159202			0.96				0.11497649885837354	0.85	3			3280	0.3923780487804878	0.1938	Transcription factor	false	false	0.7092	0.066	0.498968	20	1183	6
STX1A	ENSG00000106089	2	2018	Emory; MSSM - Zhang Lab	Protein	not prioritized for experimental validation | Not prioritized for experimental validation	Tbio	yes	3905	0.04641078236000259			-0.923				0.2420728953257244	0.3	2			189	0.3544973544973545	0.5618		false	true			0.113144	1499	253	6
STX4	ENSG00000103496	2	2020	Emory; Emory-Sage-SGC	Genetics; Protein	validation studies planned	Tbio	no																						0.069017	3188	144	0
STX6	ENSG00000135823	2	2020	Emory	Genetics; Protein	validation studies planned | Not prioritized for experimental validation	Tbio	no																						0.080233	2615	167	0
SV2B	ENSG00000185518	2	2018	Emory; MSSM - Zhang Lab	Protein; Genetics; RNA	not prioritized for experimental validation	Tbio	yes	4503	0.03477738705917403			-2.075				0.7201729437966218	0.85	3			87	0.367816091954023	0.7958		false	false			0.026506	8252	73	6
SYT7	ENSG00000011347	2	2023	Duke	Metabolomics; Genetics; RNA; Protein; Phenomics	Not prioritized for experimental validation 	Tbio	yes	4808	0.030792062090749195			-0.87				0.5266052753195917	0.3	2			82	0.43902439024390244	0.5553		false	true			0.022250	9239	60	6
TAGLN3	ENSG00000144834	2	2018	Columbia-Rush; MSSM - Zhang Lab	Protein; Clinical; Genetics; RNA	not prioritized for experimental validation	Tbio	yes	3352	0.05901709626136935			-1.281				0.7665036736750583	0.3	1			42	0.40476190476190477	0.7523		false	false			0.020109	9804	60	6
TGFBR2	ENSG00000163513	2	2018	Mayo-UFL-ISB; MSSM - Zhang Lab	RNA; Genetics	validation studies ongoing | not prioritized for experimental validation	Tchem	yes	97	0.4841213420832234			-0.376				0.5447854175760767	0.3	3			307	0.3713355048859935	0.3319	TKL protein kinase STKR Type 2 subfamily	false	true	0.2016	0.0161	0.132534	1129	344	6
TLN1	ENSG00000137076	2	2018	Chang Lab; MSSM - Zhang Lab	Genetics; RNA	not prioritized for experimental validation	Tbio	yes	3815	0.04821117605967436			-0.301				0.23932463340003313	0.3	2			79	0.3670886075949367	0.3154	Structural protein	false	false			0.138794	1028	322	6
TLR2	ENSG00000137462	2	2018	Mayo-UFL-ISB; IUSM-Purdue	RNA	not prioritized for experimental validation	Tchem	yes	1720	0.11361797138898506			0.138				1.4418006643534407	0.85	3			2370	0.330379746835443	0.6419	Membrane receptor	false	true	0.3436	0.0376	0.235687	292	572	6
TMEFF2	ENSG00000144339	2	2020	Emory; Emory-Sage-SGC	Protein	validation studies ongoing	Tbio	yes	4730	0.03176234589614023			-1.235				0.7139003040656102	0.3	2			25	0.48	0.7289		false	true			0.009009	13883	28	6
TREM2	ENSG00000095970	2	2018	Mayo-UFL-ISB; IUSM-Purdue	RNA; Genetics	validation studies completed | validation studies planned	Tbio	yes	33	0.5582475397334801	0.8621737028959621		-0.061				1.2679614023203196	0.3	2			4903	0.45869875586375686	0.6891	Unclassified protein	false	true	0.2061	0.0745	0.089585	2193	230	6
VSNL1	ENSG00000163032	2	2018	MSSM - Zhang Lab; ASU	Genetics; RNA	not prioritized for experimental validation | Validation studies ongoing 	Tbio	yes	1699	0.11478120927844129			-2.625				0.5804545036983872	0.3	1			130	0.33076923076923076	0.7574		false	false	0.0344	0.0159	0.022952	9061	70	6
WDFY4	ENSG00000128815	2	2018	MSSM - Zhang Lab; IUSM-Purdue	Genetics; RNA	not prioritized for experimental validation	Tbio	no																						0.020618	9655	67	0
WDR1	ENSG00000071127	2	2019	Chang Lab; MSSM - Zhang Lab	Genetics; Protein	Not prioritized for experimental validation	Tbio	yes	5723	0.021546094883835132			1.4				0.4203536672840011	0.3	2			65	0.27692307692307694	0.2729	WDR domain	true	true			0.038973	6041	107	6
AADAT	ENSG00000109576	1	2018	Duke	Genetics; Metabolomics	not prioritized for experimental validation	Tchem	yes	5146	0.026889603616151447			0.029				0.6208076065400677	0.3	3			22	0.45454545454545453	0.3728	Transferase	false	true			0.026158	8331	62	6
ABCA7	ENSG00000064687	1	2018	Duke	Genetics; Metabolomics	validation studies planned	Tbio	yes	28	0.565061255123546	0.6488966909068268		0.091				1.270522219532911	0.3	3			1601	0.3266708307307932	0.5288		false	true	0.0897	0.0665	0.027741	8018	68	6
ABCA8	ENSG00000141338	1	2023	Duke	Metabolomics; Genetics; RNA; Protein; Phenomics	Not prioritized for experimental validation 	Tbio	no																						0.006802	15202	21	0
ABLIM2	ENSG00000163995	1	2023	MSSM - Zhang Lab	Protein	Not prioritized for experimental validation	Tdark	no																						0.008602	14135	24	0
ACO2	ENSG00000100412	1	2018	Emory	Protein	not prioritized for experimental validation	Tbio	yes	4546	0.034200695983551105			-1.026				0.49531692880498945	0.3	1			148	0.2905405405405405	0.2516		true	false			0.212843	382	510	6
ACOT1	ENSG00000184227	1	2023	Emory	Genetics; Protein	Not prioritized for experimental validation	Tbio	no																						0.017201	10600	39	0
ACOT11	ENSG00000162390	1	2023	MSSM - Roussos Lab	RNA	Not prioritized for experimental validation 	Tbio	yes	5571	0.022801023812631185			0.631				1.0880066970336844	0.3	2			10	0.2	0.5287		false	false			0.017133	10624	48	6
ACSL1	ENSG00000151726	1	2018	Duke	Genetics; Metabolomics	not prioritized for experimental validation	Tchem	yes	869	0.27116020684212305			-0.495				0.5407550680378633	0.3	3			123	0.5284552845528455	0.3956	Ligase	false	false	0.0847	0.0073	0.077422	2719	197	6
ACTN1	ENSG00000072110	1	2018	Emory	Protein	not prioritized for experimental validation	Tbio	no																						0.101960	1772	252	0
ACTN2	ENSG00000077522	1	2018	Emory	Protein	not prioritized for experimental validation	Tbio	yes	1354	0.19450703730583604			-2.502				0.4476384242885507	0.3	3			91	0.4175824175824176	0.7706		false	false	0.1038	0.0302	0.103089	1734	256	6
ADAM10	ENSG00000137845	1	2023	Emory	Genetics; Protein	Not prioritized for experimental validation	Tchem	yes	9	0.6627156408281735	0.7592810732933327		0.744				0.28286288682096794	0.3	3			2925	0.27897435897435896	0.3558	Metallo protease M12B subfamily	false	true	0.1545	0.858	0.087524	2275	217	6
ADAM9	ENSG00000168615	1	2018	Duke	Genetics; Metabolomics	not prioritized for experimental validation	Tchem	no																						0.024876	8622	67	0
ADAMTS1	ENSG00000154734	1	2023	ASU	RNA	Validation studies ongoing 	Tchem	yes	1560	0.12922328390973736	0.1825129371533955		1.242				0.31728658876747856	0.3	3			201	0.35323383084577115	0.4201	Metallo protease M12B subfamily	false	true	0.0262	0.0072	0.020322	9735	62	6
ADAMTS17	ENSG00000140470	1	2023	MSSM - Roussos Lab	RNA	Not prioritized for experimental validation 	Tbio	no																						0.004308	17062	11	0
ADD3	ENSG00000148700	1	2023	MSSM - Zhang Lab	Protein	Not prioritized for experimental validation	Tbio	yes	5988	0.01959294860500067			1.116				0.43525064746620395	0.3	2			55	0.2909090909090909	0.2906		false	false			0.049383	4769	134	6
AGT	ENSG00000135744	1	2023	ASU	RNA	Validation studies ongoing 	Tbio	yes	1685	0.11563429175028175			0.573				1.2824486550153893	0.5	4			1183	0.23499577345731193	0.5594	Secreted protein	false	true	0.4004	0.0466	0.300643	152	779	6
AHCYL1	ENSG00000168710	1	2023	Duke	Metabolomics; Genetics; RNA; Protein; Phenomics	Not prioritized for experimental validation 	Tchem	no																						0.036601	6440	89	0
AHNAK	ENSG00000124942	1	2020	MSSM - Zhang Lab	Genetics; Protein	validation studies ongoing	Tbio	yes	5819	0.02082038146280168			1.771				0.8619314403156476	0.3	2			118	0.3474576271186441	0.3317	Unclassified protein	false	true			0.036139	6515	89	6
AIFM1	ENSG00000156709	1	2018	Columbia-Rush	Protein; Clinical	not prioritized for experimental validation	Tbio	yes	2145	0.0926775048865556			-0.751					0.3	2			89	0.2696629213483146	0.2737	Oxidoreductase	false	false			0.063771	3520	175	5
AK1	ENSG00000106992	1	2018	Emory	Protein	not prioritized for experimental validation	Tbio	no																						0.105325	1675	271	0
AK4	ENSG00000162433	1	2018	Columbia-Rush	Genetics; RNA; Protein; Clinical	validation studies completed	Tbio	no																						0.078701	2675	196	0
AKR1D1	ENSG00000122787	1	2020	ASU	Genetics; RNA; Protein	validation studies ongoing	Tbio	no																						0.047516	4984	98	0
AKT1	ENSG00000142208	1	2018	Duke	Genetics; Metabolomics	not prioritized for experimental validation	Tchem	yes	787	0.2814353291755909			-0.034				0.4791278364198628	1	3			1492	0.31769436997319034	0.1544	Kinase	false	true	0.9785	0.1133	0.744707	3	1820	6
ALCAM	ENSG00000170017	1	2023	MSSM - Roussos Lab	RNA	Not prioritized for experimental validation 	Tbio	yes	1947	0.10119549803572572			1.002				0.5736662016858357	0.85	3			140	0.29285714285714287	0.4048	Unclassified protein	false	true	0.068	0.006	0.044978	5252	121	6
ALDH1A2	ENSG00000128918	1	2023	ASU	RNA	Validation studies ongoing 	Tchem	no																						0.066944	3304	158	0
ALDH4A1	ENSG00000159423	1	2023	ASU	RNA	Validation studies ongoing 	Tbio	no																						0.064109	3498	158	0
ALK	ENSG00000171094	1	2018	Mayo-UFL-ISB	RNA	validation studies completed	Tclin	yes	2247	0.08857821199010016			0.952				0.5503952688319909	1	4			497	0.31388329979879276	0.8235	Kinase	false	true			0.119772	1365	299	6
ANK3	ENSG00000151150	1	2023	MSSM - Zhang Lab	Protein	Not prioritized for experimental validation	Tbio	yes	1935	0.10163276031662712	0.1125534702581893		-1.002				0.19158917095623504	0.3	2			194	0.3247422680412371	0.6029		false	true	0.1548	0.0213	0.146618	908	366	6
ANKRD31	ENSG00000145700	1	2023	ASU	RNA	Validation studies ongoing 	Tdark	yes	1724	0.11339668090442208	0.1856170333296468		-0.441				0.9064121269133496	0	0			6	0.16666666666666666	0.9402		false	false	0.0019	0.0001	0.009378	13671	26	6
ANO6	ENSG00000177119	1	2019	Chang Lab	Genetics; RNA		Tbio	yes	3639	0.05201324644184276			0.874				1.0600380873905098	0.3	2			24	0.5	0.3559		false	true			0.008980	13910	24	6
ANP32B	ENSG00000136938	1	2018	Columbia-Rush	Protein; Clinical	not prioritized for experimental validation	Tbio	no																						0.009292	13720	26	0
ANXA1	ENSG00000135046	1	2023	MSSM - Zhang Lab	Protein	Not prioritized for experimental validation	Tbio	yes	1189	0.22745773221576937	0.331430204161009		0.411				1.0635279036177363	0.3	2			300	0.37666666666666665	0.5453	Other ion channel	false	true	0.1279	0.0133	0.093589	2058	257	6
ANXA2	ENSG00000182718	1	2020	MSSM - Zhang Lab	Genetics; Protein	not prioritized for experimental validation	Tbio	yes	605	0.3124988005177108			0.987				0.812164632347189	0.3	3			421	0.32066508313539194	0.4151	Other ion channel	false	true	0.1794	0.0201	0.136482	1062	354	6
ANXA5	ENSG00000164111	1	2018	Emory	Protein	not prioritized for experimental validation	Tbio	yes	2562	0.07944095207237895			0.545				1.0813956267751497	0.3	3			188	0.3776595744680851	0.2738	Other ion channel	false	false			0.185592	546	503	6
AP1B1	ENSG00000100280	1	2023	MSSM - Zhang Lab	Protein	Not prioritized for experimental validation	Tbio	no																						0.072019	3030	168	0
AP2A1	ENSG00000196961	1	2018	Emory	Protein	not prioritized for experimental validation	Tbio	yes	2371	0.08485733236850913			0.87				0.2819237654767029	0.3	2			74	0.3918918918918919	0.2179	Unclassified protein	false	false			0.105410	1672	246	6
AP2A2	ENSG00000183020	1	2025	Emory-Sage-SGC	Genetics; RNA; Protein	Validation studies ongoing	Tbio	yes	3170	0.064048103639993			-1.326				0.41235939702472346	0.3	2			82	0.2804878048780488	0.2741	Unclassified protein	false	false			0.093575	2060	232	6
AP2M1	ENSG00000161203	1	2023	MSSM - Zhang Lab	Protein	Not prioritized for experimental validation	Tbio	yes	118	0.4685577302196649			-1.971				0.19277977571897387	0.3	2			95	0.43157894736842106	0.1461	Unclassified protein	true	false	0.1477	0.0171	0.122119	1317	298	6
AP3B2	ENSG00000103723	1	2018	Emory	Protein	not prioritized for experimental validation	Tbio	yes	5394	0.02455743950127687			-1.229				0.4988552714275625	0.3	2			42	0.21428571428571427	0.7211		false	false			0.025469	8488	58	6
AP3D1	ENSG00000065000	1	2018	Emory	Protein	not prioritized for experimental validation	Tbio	yes	215	0.4214103912464741			-0.317				0.4363886195051787	0.3	3			28	0.25	0.1739	Unclassified protein	false	false	0.0369	0.0027	0.038931	6046	89	6
APOD	ENSG00000189058	1	2018	Mayo-UFL-ISB	Protein	not prioritized for experimental validation	Tbio	yes	2020	0.09766334462358016			0.32				1.5429436031793065	0.3	2			443	0.3295711060948081	0.4341		false	true			0.038519	6124	99	6
APP	ENSG00000142192	1	2024	Emory-Sage-SGC	Protein	validation studies ongoing	Tclin	yes	1	0.8722092478154398	0.9229130829216265		0.744				0.4127209613298042	1	4	4	143	45217	0.2529137271380233	0.1485	Membrane receptor	false	true	0.6496	1	0.336954	109	817	7
ARHGAP17	ENSG00000140750	1	2023	Duke	Metabolomics; Genetics; RNA; Protein; Phenomics	Not prioritized for experimental validation 	Tbio	no																						0.018907	10094	47	0
ARHGAP20	ENSG00000137727	1	2023	ASU	RNA	Validation studies ongoing 	Tbio	no																						0.008694	14067	26	0
ARHGAP26	ENSG00000145819	1	2019	Chang Lab	Genetics; RNA; Protein		Tbio	yes	5197	0.026464038093595675			0.819				0.47520043696033887	0.3	2			32	0.4375	0.3778		false	false			0.019661	9917	54	6
ARHGAP30	ENSG00000186517	1	2022	IUSM-Purdue	RNA	not prioritized for experimental validation	Tbio	no																						0.018344	10260	55	0
ARHGDIB	ENSG00000111348	1	2022	IUSM-Purdue	RNA	not prioritized for experimental validation	Tbio	no																						0.025855	8385	63	0
ARHGEF2	ENSG00000116584	1	2022	Emory-Sage-SGC	Risk Scores; Pathway Modeling		Tbio	no																						0.050340	4635	116	0
ARID5B	ENSG00000150347	1	2023	MSSM - Roussos Lab	RNA	Not prioritized for experimental validation 	Tbio	yes	4892	0.029669983904446265			0.551				0.2125744303179039	0.3	2			46	0.30434782608695654	0.3544		false	true			0.022773	9108	62	6
ARPC1B	ENSG00000130429	1	2022	IUSM-Purdue	RNA	not prioritized for experimental validation	Tbio	yes	5821	0.020796669067391152			0.59				0.860485745536215	0.3	2			51	0.37254901960784315	0.376	Unclassified protein	false	false			0.052360	4420	127	6
ASAH1	ENSG00000104763	1	2023	Duke	Metabolomics; Genetics; RNA; Protein; Phenomics	Not prioritized for experimental validation 	Tchem	yes	3147	0.06490877439342853			-1.65				1.4343863121918072	0.3	3			132	0.3939393939393939	0.2693	Hydrolase	false	true			0.040278	5855	80	6
ASAP1	ENSG00000153317	1	2023	MSSM - Roussos Lab	RNA	Not prioritized for experimental validation 	Tbio	yes	3632	0.052215639512378245	0.03689573494771291		1.039				0.38185449217581213	0.3	2			50	0.32	0.3656	Unclassified protein	false	true			0.035268	6649	80	6
ASPM	ENSG00000066279	1	2018	Duke	Genetics; Metabolomics	not prioritized for experimental validation	Tbio	yes	3824	0.04805410730002461			-0.795				0.7748091533158746	0.3	2			79	0.22784810126582278	0.9126		false	true			0.127412	1215	281	6
ASTN1	ENSG00000152092	1	2023	MSSM - Roussos Lab	RNA	Not prioritized for experimental validation 	Tbio	yes	2978	0.06910613337531528			-0.786				0.37809841225032054	0.3	2			22	0.18181818181818182	0.7167		false	true			0.008601	14137	29	6
ATCAY	ENSG00000167654	1	2018	Emory	Protein	not prioritized for experimental validation	Tbio	yes	2649	0.07768306611194906			-1.196				0.6585286514393407	0.3	1			19	0.3684210526315789	0.7713		false	true			0.003815	17409	9	6
ATL3	ENSG00000184743	1	2023	Duke	Metabolomics; Genetics; RNA; Protein; Phenomics	Not prioritized for experimental validation 	Tbio	no																						0.025112	8568	61	0
ATP1A3	ENSG00000105409	1	2018	Columbia-Rush	Protein; Clinical	not prioritized for experimental validation	Tclin	yes	2043	0.09684412191137141			-2.125				0.1787147141304314	1	3			151	0.3841059602649007	0.7158		false	true			0.049981	4685	125	6
ATP1B3	ENSG00000069849	1	2023	MSSM - Roussos Lab	RNA	Not prioritized for experimental validation 	Tclin	no																						0.030766	7384	72	0
ATP2B2	ENSG00000157087	1	2018	Emory	Protein	not prioritized for experimental validation	Tbio	yes	2249	0.088491957763391			-1.339				0.19243758381223733	0.3	3			112	0.19642857142857142	0.7834		false	true			0.043749	5390	121	6
ATP5PO	ENSG00000241837	1	2019	Chang Lab	Genetics; RNA; Protein		Tbio	yes	2617	0.07828474905021147							0.8338803747039052	0.3	3			19	0.7368421052631579		Unclassified protein	false	false			0.191802	503	423	4
ATP6V0A1	ENSG00000033627	1	2018	Emory	Protein	not prioritized for experimental validation	Tbio	yes	3428	0.057113536149054116			-1.067				0.5262822394387158	0.3	3			95	0.4	0.2742		false	false			0.050366	4631	104	6
ATP6V0D1	ENSG00000159720	1	2018	Emory	Protein	not prioritized for experimental validation	Tbio	no																						0.063165	3557	137	0
ATP6V1B2	ENSG00000147416	1	2019	Chang Lab	Genetics; RNA; Protein		Tbio	yes	59	0.5216856023561478			-1.741				0.4885252801922131	0.3	3			92	0.358695652173913	0.2418	Hydrolase	true	true	0.0636	0.0033	0.071097	3073	152	6
ATP6V1E1	ENSG00000131100	1	2018	MSSM - Zhang Lab	Genetics; RNA	not prioritized for experimental validation	Tbio	yes	5132	0.02703302219408809			-1.938				0.8584254799480828	0.3	3			76	0.3026315789473684	0.1491	Unclassified protein	true	true			0.061806	3659	130	6
ATP6V1E2	ENSG00000250565	1	2023	MSSM - Zhang Lab	Protein	Not prioritized for experimental validation	Tbio	no																						0.050600	4606	109	0
ATP6V1H	ENSG00000047249	1	2018	Emory	Protein	not prioritized for experimental validation	Tbio	yes	5884	0.02033793047842395			-1.943				0.7100933370763065	0.3	3			62	0.3064516129032258	0.2413	Unclassified protein	true	true			0.053044	4367	110	6
BAG4	ENSG00000156735	1	2018	MSSM - Zhang Lab	Genetics; RNA	not prioritized for experimental validation	Tbio	no																						0.040817	5774	109	0
BAIAP2	ENSG00000175866	1	2018	Emory	Protein	not prioritized for experimental validation	Tbio	no																						0.075553	2804	183	0
BBX	ENSG00000114439	1	2023	MSSM - Roussos Lab	RNA	Not prioritized for experimental validation 	Tbio	yes	5029	0.02798706840822529			1.916				0.4059841598657537	0.3	1			17	0.11764705882352941	0.3649		false	false			0.010564	13080	33	6
BCAM	ENSG00000187244	1	2023	ASU	RNA	Validation studies ongoing 	Tbio	yes	1286	0.2117970726591065	0.33937009051890416		0.884				1.0429169270711722	0.3	2			119	0.4117647058823529	0.3788		false	true	0.0014	0	0.005394	16238	14	6
BCAS1	ENSG00000064787	1	2019	Chang Lab	Genetics; Protein		Tbio	no																						0.007688	14655	22	0
BCKDK	ENSG00000103507	1	2023	ASU	RNA	Validation studies ongoing 	Tbio	yes	3476	0.055911074094193616	0.07414180149623097		-1.279				0.8735865285007672	0.3	2			79	0.5316455696202531	0.1486	Transferase	false	false			0.029202	7701	84	6
BCL2	ENSG00000171791	1	2019	Chang Lab	Genetics; RNA		Tclin	yes	2792	0.0741001485586437			1.081				0.3329581301585409	1	4			2176	0.32077205882352944	0.5437	Miscellaneous ion channel	false	false			0.415379	44	990	6
BDNF	ENSG00000176697	1	2018	Mayo-UFL-ISB	RNA	not prioritized for experimental validation	Tchem	yes	1523	0.13946222092452404			-1.309				0.24388533993122305	0.3	2			8962	0.3444543628654318	0.7841	Secreted protein	false	true	0.4946	0.1559	0.238787	282	598	6
BLOC1S1	ENSG00000135441	1	2020	ASU	Genetics; RNA; Protein	validation studies ongoing	Tbio	no																						0.040561	5818	95	0
BMPER	ENSG00000164619	1	2023	ASU	RNA	Validation studies ongoing 	Tbio	no																						0.015661	11132	41	0
BRINP2	ENSG00000198797	1	2023	MSSM - Roussos Lab	RNA	Not prioritized for experimental validation 	Tdark	no																						0.003759	17448	12	0
BSCL2	ENSG00000168000	1	2023	Duke	Metabolomics; Genetics; RNA; Protein; Phenomics	Not prioritized for experimental validation 	Tbio	yes	5856	0.02054357414368824			-2.358				0.926468463893963	0.3	2			65	0.2923076923076923	0.3129		false	false			0.038876	6057	104	6
BSN	ENSG00000164061	1	2018	Emory	Protein	not prioritized for experimental validation	Tbio	yes	2630	0.07811889909255693			-1.264				0.2684041683895079	0.3	2			364	0.32967032967032966	0.7868		false	false			0.019162	10034	49	6
BTBD8	ENSG00000189195	1	2023	MSSM - Zhang Lab	Protein	Not prioritized for experimental validation	Tdark	no																						0.011428	12677	38	0
BTK	ENSG00000010671	1	2022	IUSM-Purdue	RNA	not prioritized for experimental validation	Tclin	yes	2844	0.07279252356544935			-0.023					1	3			259	0.4015444015444015	0.7602	Tyrosine protein kinase Tec family	false	true			0.179405	585	462	5
C1QA	ENSG00000173372	1	2022	IUSM-Purdue	RNA	not prioritized for experimental validation	Tbio	yes	4139	0.04131736595441723			-0.603				1.1245954283944763	0.3	2			576	0.4895833333333333	0.5138		false	true			0.071018	3080	186	6
C1QB	ENSG00000173369	1	2022	IUSM-Purdue	RNA	not prioritized for experimental validation		yes	4099	0.04208112226990996			-0.325				1.3592254946433597	0	0			438	0.4315068493150685	0.5114		false	true			0.051872	4473	135	6
C3	ENSG00000125730	1	2022	IUSM-Purdue	RNA	not prioritized for experimental validation	Tclin	yes	1818	0.1077338691322156			-0.499				0.5524355512608452	1	4			6323	0.3221572038589277	0.4385	Secreted protein	false	true	0.2001	0.0294	0.137007	1049	326	6
C3AR1	ENSG00000171860	1	2022	IUSM-Purdue	RNA	not prioritized for experimental validation	Tchem	yes	4262	0.039057378133570055			0.439					0.3	3			213	0.3568075117370892	0.6086	Peptide receptor (family A GPCR)	false	true			0.073731	2907	203	5
CACNA1A	ENSG00000141837	1	2023	MSSM - Roussos Lab	RNA	Not prioritized for experimental validation 	Tchem	yes	369	0.3639140901609733			-0.429				0.2708417266737238	1	3	0	1	230	0.2608695652173913	0.8147	Voltage-gated ion channel	false	true	0.1	0.0176	0.094599	2024	219	7
CADM1	ENSG00000182985	1	2023	MSSM - Roussos Lab	RNA	Not prioritized for experimental validation 	Tbio	yes	4742	0.03158454533892857			1.273				0.4352841163960867	0.3	2			91	0.46153846153846156	0.557		false	true			0.058668	3886	158	6
CADM2	ENSG00000175161	1	2023	ASU	RNA	Validation studies ongoing 	Tbio	yes	1147	0.2354265229898615	0.3816595270875333		0.533				0.3907113032241906	0.3	2			79	0.3924050632911392	0.6935		false	true	0.0098	0.0023	0.015112	11307	48	6
CADPS	ENSG00000163618	1	2018	Columbia-Rush	Protein; Clinical	not prioritized for experimental validation	Tbio	no																						0.014556	11476	40	0
CALD1	ENSG00000122786	1	2023	MSSM - Zhang Lab	Protein	Not prioritized for experimental validation	Tbio	no																						0.048231	4897	119	0
CAMKK2	ENSG00000110931	1	2018	MSSM - Zhang Lab	Genetics; RNA	not prioritized for experimental validation	Tchem	yes	2037	0.09709313733350299			-1.353				0.6057651986828019	0.3	2			188	0.34574468085106386	0.472	Other protein kinase Meta subfamily	false	true			0.031212	7306	74	6
CARHSP1	ENSG00000153048	1	2020	Emory	Genetics; Protein	validation studies planned	Tbio	no																						0.008950	13928	30	0
CASS4	ENSG00000087589	1	2023	MSSM - Roussos Lab	Genetics; RNA	Validation studies ongoing 	Tbio	yes	119	0.467749184738736	0.7508272397615701		0.386				0.5793248514268655	0.3	1			328	0.27439024390243905	0.8136		false	false	0.0591	0.0415	0.018969	10082	49	6
CBL	ENSG00000110395	1	2019	Chang Lab	Genetics; RNA		Tbio	yes	5273	0.025718175083161893			0.864				0.595418533066813	0.3	3			427	0.22014051522248243	0.3585	Transferase	false	true			0.170121	681	369	6
CCDC6	ENSG00000108091	1	2023	Emory	Genetics; Protein	Not prioritized for experimental validation	Tbio	yes	549	0.3223063245675652	0.524201893534236		-0.847				0.5136846308038924	1	2			58	0.39655172413793105	0.2201		false	false	0.0314	0.0024	0.033771	6872	87	6
CCDC89	ENSG00000179071	1	2023	ASU	RNA	Validation studies ongoing 	Tbio	no																						0.004339	17036	14	0
CCT6B	ENSG00000132141	1	2019	Chang Lab	Genetics; RNA		Tbio	no																						0.070592	3102	175	0
CD22	ENSG00000012124	1	2023	Mayo-UFL-ISB	RNA; Protein	Not prioritized for experimental validation	Tclin	yes	5008	0.02816518474135375			0.686				0.6802066440557134	1	4			255	0.4117647058823529	0.7194	Adhesion	false	true			0.084867	2386	213	6
CD2AP	ENSG00000198087	1	2023	Emory	Genetics; Protein	Not prioritized for experimental validation	Tbio	yes	86	0.49264474536868336	0.7638605619033646		0.917				0.691434549492447	0.3	2			852	0.2535211267605634	0.3706	Unclassified protein	false	true	0.1096	0.0657	0.080122	2618	187	6
CD300A	ENSG00000167851	1	2022	IUSM-Purdue	RNA	not prioritized for experimental validation	Tbio	no																						0.040219	5862	120	0
CD33	ENSG00000105383	1	2018	Mayo-UFL-ISB	RNA	validation studies planned	Tclin	yes	26	0.5781884763724476	0.7876666383025912		-0.252				1.1136078857702234	1	4			1797	0.2899276572064552	0.7079	Surface antigen	false	true	0.1921	0.0562	0.116731	1436	311	6
CD47	ENSG00000196776	1	2023	MSSM - Roussos Lab	RNA	Not prioritized for experimental validation 	Tchem	yes	2205	0.0901127446797173			1.01				0.40812943399629664	0.85	3			615	0.36910569105691055	0.2661	Adhesion	false	true			0.104386	1697	270	6
CD74	ENSG00000019582	1	2022	IUSM-Purdue	RNA	not prioritized for experimental validation	Tchem	yes	2937	0.07032879691187077			-0.616				0.7833896887934817	1	3			598	0.5083612040133779	0.3145	Surface antigen	false	true			0.377604	70	816	6
CD81	ENSG00000110651	1	2023	MSSM - Roussos Lab	RNA	Not prioritized for experimental validation 	Tchem	yes	2022	0.0976106586140098			0.381				0.5644118467078577	0.3	3			700	0.4342857142857143	0.1896	Surface antigen	false	true			0.112495	1519	277	6
CD86	ENSG00000114013	1	2022	IUSM-Purdue	RNA	not prioritized for experimental validation	Tclin	yes	2405	0.08401600005818052			-0.758				0.5676588101621431	1	3			867	0.3817762399077278	0.7366	Surface antigen	false	true			0.213499	375	528	6
CDC42SE2	ENSG00000158985	1	2023	Duke	Metabolomics; Genetics	Not prioritized for experimental validation 	Tbio	no																						0.016041	10997	54	0
CDCA7	ENSG00000144354	1	2018	Duke	Genetics; Metabolomics	not prioritized for experimental validation	Tbio	yes	1696	0.11486511191486898	0.1870446032931917		0.792				0.7110996411148348	0.3	1			18	0.2222222222222222	0.7201		false	false	0.0214	0.0011	0.040392	5841	115	6
CDCP1	ENSG00000163814	1	2023	ASU	RNA	Validation studies ongoing 	Tbio	yes	5678	0.02188966066637345			-0.262				0.656601111308485	0.3	2			55	0.5636363636363636	0.731		false	true			0.010739	13000	28	6
CDH22	ENSG00000149654	1	2018	Duke	Genetics; Metabolomics	not prioritized for experimental validation	Tbio	no																						0.014855	11380	39	0
CDH23	ENSG00000107736	1	2023	MSSM - Roussos Lab	RNA	Not prioritized for experimental validation 	Tbio	yes	2948	0.07007636339294317			0.743				0.672492130490386	0.3	2			170	0.3411764705882353	0.6635		false	true			0.050700	4592	125	6
CDK19	ENSG00000155111	1	2023	Duke	Metabolomics; Genetics	Not prioritized for experimental validation 	Tchem	yes	5986	0.019631122116999			0.902				0.4255768558360778	0.85	2			22	0.3181818181818182	0.3259	Enzyme	false	false			0.051423	4514	104	6
CDYL	ENSG00000153046	1	2018	Duke	Genetics; Metabolomics	not prioritized for experimental validation	Tchem	yes	334	0.37004182950305764			-1.19				0.3051440894518334	0.3	2			16	0.125	0.2797	Chromodomain	false	false	0.0276	0.0012	0.055502	4155	154	6
CECR2	ENSG00000099954	1	2023	MSSM - Roussos Lab	RNA	Not prioritized for experimental validation 	Tchem	no																						0.041376	5695	101	0
CELF1	ENSG00000149187	1	2020	ASU	Genetics; RNA; Protein	validation studies ongoing	Tbio	yes	2245	0.08862185002115766			-1.583				0.2746916966242945	0.3	1			303	0.19801980198019803	0.257		false	false			0.068413	3234	173	6
CEP170B	ENSG00000099814	1	2023	MSSM - Zhang Lab	Protein	Not prioritized for experimental validation	Tdark	yes	1553	0.13128439921580334	0.21595286787835166		-0.075				0.570944422678287	0.3	1			9	0.2222222222222222	0.3003		false	false	0.0047	0.0002	0.005830	15942	19	6
CERCAM	ENSG00000167123	1	2018	Mayo-UFL-ISB	RNA	not prioritized for experimental validation	Tdark	no																						0.001550	18958	5	0
CERS4	ENSG00000090661	1	2023	Duke	Metabolomics; Genetics	Not prioritized for experimental validation 	Tbio	yes	5795	0.021012257315957232			0.088				1.543467243587367	0.3	2			32	0.40625	0.2836	Transferase	false	false			0.029589	7609	47	6
CERS6	ENSG00000172292	1	2023	MSSM - Roussos Lab	RNA	Not prioritized for experimental validation 	Tbio	yes	3083	0.06630461918734604			-0.841				0.6349817730321834	0.3	3			46	0.391304347826087	0.3572	Transferase	false	false			0.034987	6688	64	6
CETP	ENSG00000087237	1	2018	Duke	Genetics; Metabolomics	not prioritized for experimental validation	Tchem	yes	2031	0.09739298872208815			0.164				1.0515577072142759	0.85	3	2	1	316	0.26582278481012656	0.8328	Pore-forming toxins (proteins and peptides)	false	true			0.049900	4698	113	7
CFH	ENSG00000000971	1	2018	Mayo-UFL-ISB	RNA	not prioritized for experimental validation	Tbio	yes	3616	0.052522753791909134			0.818				0.45218031089506655	0.3	3			559	0.27549194991055453	0.4587	Secreted protein	false	true			0.064441	3479	150	6
CFI	ENSG00000205403	1	2018	Mayo-UFL-ISB	RNA	not prioritized for experimental validation	Tbio	yes	5963	0.019817720883328283			1.552				1.0286569712998408	0.3	2			960	0.37083333333333335	0.5561		false	true			0.043450	5436	105	6
CHCHD3	ENSG00000106554	1	2019	Chang Lab	Genetics; Protein		Tbio	no																						0.048720	4837	115	0
CHST1	ENSG00000175264	1	2023	ASU	RNA	Validation studies ongoing 	Tbio	no																						0.007418	14818	21	0
CHST11	ENSG00000171310	1	2019	Chang Lab	Genetics; RNA		Tbio	no																						0.015370	11231	45	0
CHSY3	ENSG00000198108	1	2023	Duke	Metabolomics; Genetics	Not prioritized for experimental validation 	Tbio	yes	1571	0.12625542872477075	0.20768059328593105		-0.499				0.691043933258184	0.3	1			9	0.4444444444444444	0.7064		false	false	0.0013	0.0002	0.008204	14340	22	6
CISD1	ENSG00000122873	1	2018	Duke	Genetics; Metabolomics	not prioritized for experimental validation	Tchem	yes	1335	0.2002391123722954	0.31653223229711724		-1.153				1.204415707108033	0.3	3			48	0.5	0.2334	Unclassified protein	false	false	0.02	0.0018	0.023549	8904	69	6
CLEC3B	ENSG00000163815	1	2023	ASU	RNA	Validation studies ongoing 	Tbio	yes	1207	0.22322612087651722			-0.975				1.3395820427251866	0.3	2			53	0.32075471698113206	0.3896		false	true	0.019	0.0021	0.017036	10644	49	6
CLTCL1	ENSG00000070371	1	2023	MSSM - Zhang Lab	Protein	Not prioritized for experimental validation	Tbio	yes	1467	0.16041450349526892	0.26386967747890006		-0.179				0.9544574652953929	0.3	2			18	0.2222222222222222	0.6296		false	false	0.1203	0.0193	0.102262	1760	249	6
CNKSR2	ENSG00000149970	1	2018	MSSM - Zhang Lab	Genetics; RNA	not prioritized for experimental validation	Tbio	no																						0.020974	9556	61	0
CNN3	ENSG00000117519	1	2022	Emory-Sage-SGC	Protein; RNA		Tbio	yes	5972	0.019741945009584542			-0.17				0.4673747477261368	0.3	1			49	0.3877551020408163	0.2127		false	false			0.010385	13175	32	6
CNP	ENSG00000173786	1	2018	Mayo-UFL-ISB	RNA	not prioritized for experimental validation	Tbio	yes	2826	0.07341947965833148			0.535				0.38130498399521595	0.3	3			508	0.29133858267716534	0.4397	Hydrolase	false	true			0.038106	6188	105	6
CNTNAP2	ENSG00000174469	1	2018	Duke	Genetics; Metabolomics	not prioritized for experimental validation	Tbio	yes	306	0.3742076154835612	0.6034448518646259		-0.78				0.7469740489572569	0.3	2			239	0.3682008368200837	0.7971		false	true	0.0799	0.0241	0.060339	3752	157	6
CNTNAP5	ENSG00000155052	1	2023	ASU	RNA	Validation studies ongoing 	Tbio	yes	638	0.30495968867032575	0.4984136393036497		-0.651				0.5833419382624806	0.3	1			28	0.25	0.8604		false	false	0.0054	0.0008	0.006429	15455	21	6
COL18A1	ENSG00000182871	1	2023	ASU	RNA	Validation studies ongoing 	Tbio	yes	4858	0.03009860167436467			0.258				0.9144070257244863	1	3			163	0.3619631901840491	0.3853		false	true			0.086745	2309	218	6
COL1A2	ENSG00000164692	1	2018	MSSM - Zhang Lab	Genetics; RNA	not prioritized for experimental validation	Tbio	yes	5050	0.027833243410252735			1.278				0.35672156021750195	1	2			715	0.32867132867132864	0.5014	Structural protein	false	true			0.137146	1047	337	6
COL4A4	ENSG00000081052	1	2023	ASU	RNA	Validation studies ongoing 	Tbio	no																						0.048743	4834	123	0
COL5A1	ENSG00000130635	1	2023	Emory	Protein	Not prioritized for experimental validation	Tbio	yes	898	0.2674859442638257	0.4012539457723782		0.717				0.09216258091914492	1	3			115	0.48695652173913045	0.524		false	true	0.062	0.0063	0.077154	2737	193	6
CORO1C	ENSG00000110880	1	2023	MSSM - Roussos Lab	RNA	Not prioritized for experimental validation 	Tbio	yes	611	0.31183240789791733			-0.765				0.42745783695925726	0.3	2			31	0.41935483870967744	0.3103	Unclassified protein	false	false	0.0265	0.0027	0.025114	8567	71	6
COTL1	ENSG00000103187	1	2023	MSSM - Zhang Lab	Protein	Not prioritized for experimental validation	Tbio	yes	3076	0.06639326442148573			1.084				1.3994546345737808	0.3	2			66	0.3333333333333333	0.4752		false	false			0.011460	12663	33	6
COX4I1	ENSG00000131143	1	2023	MSSM - Zhang Lab	Protein	Not prioritized for experimental validation	Tbio	yes	3156	0.06455606408001925			-0.703				1.2293206037648556	0.3	3			132	0.32575757575757575	0.0942	Unclassified protein	false	false			0.171657	658	369	6
COX5B	ENSG00000135940	1	2018	Columbia-Rush	Protein; Clinical	not prioritized for experimental validation	Tbio	no																						0.145310	930	289	0
COX6B1	ENSG00000126267	1	2019	Chang Lab	Genetics; RNA; Protein		Tbio	no																						0.107619	1627	205	0
CR1	ENSG00000203710	1	2018	Mayo-UFL-ISB	RNA	not prioritized for experimental validation	Tbio	yes	25	0.583848124684305	0.9135711973754994		-1.355				0.7224400165042387	0.85	3			1703	0.23018203170874926	0.87	Membrane receptor	false	true	0.0543	0.0052	0.042968	5491	108	6
CRH	ENSG00000147571	1	2018	Mayo-UFL-ISB	RNA	validation studies ongoing	Tbio	yes	2151	0.09250527755671573			-0.968				1.0695927523324242	0.3	1			570	0.2964912280701754	0.89	Secreted protein	false	true			0.086325	2322	213	6
CRHR1	ENSG00000120088	1	2018	Mayo-UFL-ISB	RNA	not prioritized for experimental validation	Tclin	yes	3721	0.05020290323732379	0.06448122036841034		-0.803				0.6854598839864067	1	3			205	0.3463414634146341	0.8374	Peptide receptor (family B GPCR)	false	true			0.067028	3301	172	6
CSF1	ENSG00000184371	1	2018	Mayo-UFL-ISB	RNA	validation studies ongoing	Tbio	yes	2114	0.09408723389322801			0.765				0.3209251647626238	0.5	1			573	0.4258289703315881	0.3946	Secreted protein	false	true			0.142673	969	373	6
CSF3R	ENSG00000119535	1	2022	IUSM-Purdue	RNA	not prioritized for experimental validation	Tclin	yes	1809	0.10865406249543098			0.554				0.7760841839984522	1	3	2	4	74	0.4189189189189189	0.7574	Membrane receptor	false	true	0.1219	0.0083	0.114538	1473	277	7
CSRP1	ENSG00000159176	1	2018	Columbia-Rush	Protein; Clinical	not prioritized for experimental validation	Tbio	no																						0.011435	12672	34	0
CTHRC1	ENSG00000164932	1	2020	Emory	Protein	validation studies ongoing	Tbio	yes	5754	0.02135658254723848			-0.677				1.1656915008047157	0.3	1			30	0.5666666666666667	0.713		false	true			0.020814	9581	61	6
CTLA4	ENSG00000163599	1	2018	Mayo-UFL-ISB	RNA	validation studies completed	Tclin	yes	2056	0.09647636732976399			1.026				0.3809522002625446	1	2			431	0.37819025522041766	0.793	Surface antigen	false	true			0.208318	402	520	6
CTSS	ENSG00000163131	1	2022	IUSM-Purdue	RNA	not prioritized for experimental validation	Tchem	yes	1951	0.10103699012629556			0.639				0.5794850529872524	0.85	3			378	0.4365079365079365	0.6047	Cysteine protease C1A family	false	true	0.212	0.0337	0.119504	1375	327	6
CX3CL1	ENSG00000006210	1	2018	Mayo-UFL-ISB	RNA	not prioritized for experimental validation	Tbio	yes	1905	0.10318018293661807			-1.197				0.33677959806364394	0.85	3			791	0.347661188369153	0.365	Secreted protein	false	true	0.165	0.028	0.096146	1972	221	6
CX3CR1	ENSG00000168329	1	2018	Mayo-UFL-ISB	RNA	not prioritized for experimental validation	Tchem	yes	1833	0.10659743951858053			-0.602				0	0.3	3			1604	0.42019950124688277	0.7139	Membrane receptor	false	true	0.1834	0.0248	0.128512	1195	316	6
CXCL10	ENSG00000169245	1	2018	Mayo-UFL-ISB	RNA	validation studies completed	Tbio	yes	3073	0.06642252737579844			1.199				1.09354989944096	0.85	2			1138	0.4103690685413005	0.7331	Secreted protein	false	true			0.221010	339	528	6
CYBB	ENSG00000165168	1	2022	IUSM-Purdue	RNA	not prioritized for experimental validation	Tchem	yes	1866	0.10503566806426641			-0.55				0.22589870378885793	0.3	3			201	0.3283582089552239	0.5919	Transporter	false	true	0.2158	0.0242	0.130992	1148	335	6
CYFIP2	ENSG00000055163	1	2018	Emory	Protein	not prioritized for experimental validation	Tbio	yes	1835	0.1065178751849297			-1.439				0.24911349101066801	0.3	1			50	0.3	0.4465	Unclassified protein	false	true	0.0581	0.0074	0.057437	3980	138	6
CYP19A1	ENSG00000137869	1	2018	Duke	Genetics; Metabolomics	not prioritized for experimental validation	Tclin	yes	1813	0.10834777404929806			0.492				0.9679695772818246	1	3			161	0.36024844720496896	0.8947	Cytochrome P450 family 19	false	false	0.0979	0.0079	0.093499	2064	220	6
CYP27A1	ENSG00000135929	1	2018	Duke	Genetics; Metabolomics	not prioritized for experimental validation	Tchem	yes	4678	0.03245585972145056			0.042				1.0112464853854133	0.3	3			236	0.3389830508474576	0.387	Enzyme	false	false			0.048375	4875	124	6
CYP3A43	ENSG00000021461	1	2018	Duke	Genetics; Metabolomics	not prioritized for experimental validation	Tclin	no																						0.015251	11273	47	0
CYTL1	ENSG00000170891	1	2022	IUSM-Purdue	RNA	not prioritized for experimental validation	Tbio	no																						0.001810	18826	6	0
DAAM1	ENSG00000100592	1	2023	MSSM - Roussos Lab	RNA	Not prioritized for experimental validation 	Tbio	no																						0.044690	5275	117	0
DAAM2	ENSG00000146122	1	2018	MSSM - Zhang Lab	Genetics; RNA	not prioritized for experimental validation	Tbio	no																						0.014206	11606	37	0
DAGLA	ENSG00000134780	1	2023	Duke	Metabolomics; Genetics; RNA; Protein; Phenomics	Not prioritized for experimental validation 	Tchem	yes	5232	0.026073858748005704			-0.786				0.30614329012595576	0.3	3			49	0.4489795918367347	0.5165	Hydrolase	false	true			0.011772	12524	27	6
DAP3	ENSG00000132676	1	2018	Columbia-Rush	Protein; Clinical	not prioritized for experimental validation	Tbio	no																						0.175115	631	350	0
DAXX	ENSG00000204209	1	2018	Columbia-Rush	Genetics; RNA; Protein; Clinical	not prioritized for experimental validation	Tbio	no																						0.123827	1283	275	0
DBT	ENSG00000137992	1	2018	Columbia-Rush	Protein; Clinical	not prioritized for experimental validation	Tbio	no																						0.087404	2280	210	0
DCAF12	ENSG00000198876	1	2019	Chang Lab	Genetics; RNA		Tbio	no																						0.036299	6492	77	0
DCHS2	ENSG00000197410	1	2023	ASU	RNA	Validation studies ongoing 	Tbio	yes	5432	0.024140453311938655			0.676				0.8949784827863001	0.3	2			18	0.1111111111111111	0.7411		false	true			0.004794	16697	14	6
DCLK1	ENSG00000133083	1	2018	Emory	Protein	not prioritized for experimental validation	Tchem	yes	1487	0.15127215294200597			-1.26				0.28181397813094367	0.3	3			78	0.3333333333333333	0.5532	Protein Kinase	false	false	0.0235	0.0036	0.037138	6350	107	6
DCLK2	ENSG00000170390	1	2023	MSSM - Roussos Lab	RNA	Not prioritized for experimental validation 	Tchem	no																						0.004651	16811	15	0
DCN	ENSG00000011465	1	2018	MSSM - Zhang Lab	Genetics; RNA	not prioritized for experimental validation	Tbio	yes	2256	0.08827029172514031			0.825				0.697974419950775	0.3	2			312	0.358974358974359	0.3832		false	true			0.127557	1210	305	6
DCTN1	ENSG00000204843	1	2018	Emory	Protein	not prioritized for experimental validation	Tbio	yes	4410	0.03633543450316293			-1.922				0.4684352382055841	0.3	1			210	0.2761904761904762	0.1919	Unclassified protein	true	false			0.138431	1030	316	6
DDB1	ENSG00000167986	1	2023	Duke	Metabolomics; Genetics; RNA; Protein; Phenomics	Not prioritized for experimental validation 	Tbio	yes	1321	0.20534780675918746			-0.228				0.20050345406633024	1	2	2.5	2	140	0.4142857142857143	0.2347	Unclassified protein	true	false	0.1274	0.0069	0.212394	384	453	7
DDO	ENSG00000203797	1	2023	Duke	Metabolomics; Genetics	Not prioritized for experimental validation 	Tchem	no																						0.024411	8720	68	0
DDR2	ENSG00000162733	1	2023	Mayo-UFL-ISB	Genetics; RNA	Validation studies ongoing	Tchem	yes	571	0.3184972080003154			1.133				0.3924199307683016	1	3			71	0.23943661971830985	0.4332	TK protein kinase group	false	true	0.0332	0.0023	0.022118	9275	64	6
DDX1	ENSG00000079785	1	2022	Emory-Sage-SGC	Risk Scores; Pathway Modeling		Tchem	yes	1277	0.2135554372411061			-1.221				0.3532545402078377	0.3	2			45	0.37777777777777777	0.1532	Enzyme	false	false	0.0432	0.0024	0.083773	2430	236	6
DENND1B	ENSG00000213047	1	2023	MSSM - Roussos Lab	RNA	Not prioritized for experimental validation 	Tbio	no																						0.017955	10363	53	0
DESI1	ENSG00000100418	1	2018	Columbia-Rush	Genetics; RNA; Protein; Clinical	not prioritized for experimental validation	Tdark	no																						0.027619	8040	49	0
DHCR24	ENSG00000116133	1	2018	Duke	Genetics; Metabolomics	not prioritized for experimental validation	Tchem	yes	2068	0.09580385501424249			-1.744				0.62677906686488	1	3			216	0.3333333333333333	0.4546	Oxidoreductase	false	false			0.050212	4654	120	6
DHRS11	ENSG00000278535	1	2018	Columbia-Rush	Genetics; RNA; Protein; Clinical	not prioritized for experimental validation	Tbio	no																						0.036826	6399	91	0
DHTKD1	ENSG00000181192	1	2018	Duke	Genetics; Metabolomics	not prioritized for experimental validation	Tbio	no																						0.044999	5248	117	0
DHX58	ENSG00000108771	1	2022	Emory-Sage-SGC	Risk Scores; Pathway Modeling		Tbio	no																						0.082222	2513	209	0
DIRAS1	ENSG00000176490	1	2018	Columbia-Rush	Protein; Clinical	not prioritized for experimental validation	Tbio	no																						0.009066	13845	27	0
DLAT	ENSG00000150768	1	2025	Emory-Sage-SGC	Genetics; RNA; Protein	Validation studies ongoing	Tbio	yes	2284	0.08728288448023658			-0.571				0.8148324826719205	0.3	2			85	0.6941176470588235	0.2384	Transferase	false	false			0.107951	1620	261	6
DLD	ENSG00000091140	1	2018	Columbia-Rush	Protein; Clinical	not prioritized for experimental validation	Tbio	yes	242	0.4020483648929487			-0.916				0.7645523850580029	0.3	2			327	0.3547400611620795	0.1933	Oxidoreductase	false	true	0.0984	0.0053	0.132652	1125	336	6
DLG2	ENSG00000150672	1	2018	Duke	Genetics; Metabolomics	not prioritized for experimental validation	Tbio	yes	1054	0.24758713424535875	0.386236759115988		-0.831				0.43557559610271146	0.3	2			434	0.347926267281106	0.6103		false	false	0.1032	0.0416	0.071474	3053	174	6
DLG4	ENSG00000132535	1	2018	Emory	Protein	not prioritized for experimental validation	Tchem	yes	1584	0.12408264342504408			0.402				0.14014156264155234	0.3	3			408	0.2696078431372549	0.4293	Structural protein	false	false	0.3284	0.1519	0.229957	305	523	6
DLGAP1	ENSG00000170579	1	2018	MSSM - Zhang Lab	Genetics; RNA	not prioritized for experimental validation	Tbio	yes	3573	0.05368374067138307			-1.259				0.20061964010661035	0.3	2			77	0.3246753246753247	0.8081		false	true			0.045963	5143	113	6
DMXL2	ENSG00000104093	1	2018	Emory	Protein	not prioritized for experimental validation	Tbio	no																						0.011765	12526	27	0
DNAJC6	ENSG00000116675	1	2019	Chang Lab	Genetics; RNA; Protein		Tbio	yes	4855	0.03013767706654204			-1.174				0.4114364389714608	0.3	2			111	0.36036036036036034	0.645		false	true			0.059889	3790	148	6
DND1	ENSG00000256453	1	2018	Columbia-Rush	Genetics; RNA; Protein; Clinical	not prioritized for experimental validation	Tbio	no																						0.013028	12010	37	0
DNM1L	ENSG00000087470	1	2023	MSSM - Zhang Lab	Protein	Not prioritized for experimental validation	Tchem	yes	1783	0.10984628944111313			-1.138				0.4753270021012245	0.3	3			245	0.35918367346938773	0.2484	Hydrolase	true	false	0.1264	0.0243	0.093356	2073	243	6
DNM2	ENSG00000079805	1	2019	Chang Lab	Genetics; Protein		Tchem	yes	2407	0.08392314419879922			0.348				0.23338139539501884	0.3	3			137	0.2773722627737226	0.1771	Hydrolase	true	true			0.101164	1786	256	6
DNM3	ENSG00000197959	1	2018	Emory	Protein	not prioritized for experimental validation	Tbio	yes	5017	0.02809866440463348			1.419				0.5898956774918032	0.3	3			55	0.36363636363636365	0.6738		false	false			0.033995	6833	94	6
DOCK1	ENSG00000150760	1	2019	Chang Lab	Genetics; RNA		Tbio	yes	749	0.2869872846815947	0.46317722524902505		1.28				0.6050129456260248	0.3	3			64	0.1875	0.2395	Unclassified protein	false	true	0.072	0.0119	0.074434	2867	178	6
DOCK3	ENSG00000088538	1	2018	MSSM - Zhang Lab	Genetics; RNA	not prioritized for experimental validation	Tbio	yes	455	0.3418626974822397	0.5326531151265683		-1.172				0.28002748257508553	0.3	2			39	0.1794871794871795	0.5901		false	false	0.0313	0.0041	0.020749	9604	56	6
DOCK4	ENSG00000128512	1	2018	Duke	Genetics; Metabolomics	not prioritized for experimental validation	Tbio	yes	1137	0.23688221946906424	0.3824115586387532		0.962				0.42835195654231123	0.3	2			45	0.35555555555555557	0.4415		false	true	0.1031	0.0053	0.203028	431	415	6
DOCK7	ENSG00000116641	1	2023	Duke	Metabolomics; Genetics	Not prioritized for experimental validation 	Tbio	no																						0.020457	9695	55	0
DOCK8	ENSG00000107099	1	2022	IUSM-Purdue	RNA	not prioritized for experimental validation	Tbio	yes	1955	0.10073680630698284			0.953				0.6602682951839638	0.3	2			67	0.4626865671641791	0.6258		false	false	0.0307	0.0025	0.031087	7331	82	6
DPP10	ENSG00000175497	1	2018	Duke	Genetics; Metabolomics	not prioritized for experimental validation	Tbio	yes	5912	0.020133211037310042			-0.133				0.3650334137397307	0.3	3			76	0.39473684210526316	0.8031		false	true			0.027616	8041	70	6
DPY30	ENSG00000162961	1	2018	Mayo-UFL-ISB	Protein	not prioritized for experimental validation	Tbio	no																						0.100604	1807	230	0
DPYD	ENSG00000188641	1	2023	MSSM - Roussos Lab	RNA	Not prioritized for experimental validation 	Tclin	no																						0.062408	3615	150	0
DPYS	ENSG00000147647	1	2023	MSSM - Roussos Lab	RNA	Not prioritized for experimental validation 	Tbio	no																						0.020703	9619	55	0
DPYSL3	ENSG00000113657	1	2018	Emory	Protein	not prioritized for experimental validation	Tbio	no																						0.040662	5806	105	0
DTNA	ENSG00000134769	1	2020	MSSM - Zhang Lab	Genetics; Protein	not prioritized for experimental validation	Tbio	yes	3151	0.06486352283106378			1.944				0.5506002864386024	0.3	2			58	0.3103448275862069	0.4791		false	true			0.042105	5582	109	6
DTX3L	ENSG00000163840	1	2018	MSSM - Zhang Lab	Genetics; RNA	not prioritized for experimental validation	Tbio	no																						0.025386	8512	64	0
DYNC2LI1	ENSG00000138036	1	2019	Chang Lab	Genetics; RNA		Tbio	no																						0.032488	7095	72	0
EDA	ENSG00000158813	1	2023	MSSM - Roussos Lab	RNA	Not prioritized for experimental validation 	Tbio	no																						0.012082	12390	31	0
EDAR	ENSG00000135960	1	2023	ASU	RNA	Validation studies ongoing 	Tbio	no																						0.019963	9843	53	0
EFNA1	ENSG00000169242	1	2018	Duke	Genetics; Metabolomics	not prioritized for experimental validation	Tbio	no																						0.036158	6510	74	0
EFNA5	ENSG00000184349	1	2018	Duke	Genetics; Metabolomics	not prioritized for experimental validation	Tbio	no																						0.066381	3337	157	0
ELAVL2	ENSG00000107105	1	2018	MSSM - Zhang Lab	Genetics; RNA	not prioritized for experimental validation	Tbio	yes	1178	0.2295932087797336	0.36110957828773854		0.972				0.2642120499446887	0.3	1			45	0.28888888888888886	0.8199		false	false	0.0165	0.0026	0.031638	7227	94	6
ELAVL4	ENSG00000162374	1	2018	MSSM - Zhang Lab	Genetics; RNA	not prioritized for experimental validation	Tbio	yes	2927	0.07048271334244548			-1.179				0.1334030379193761	0.3	1			84	0.34523809523809523	0.841		false	true			0.037443	6311	108	6
ELL2	ENSG00000118985	1	2023	MSSM - Roussos Lab	RNA	Not prioritized for experimental validation 	Tbio	no																						0.041334	5705	78	0
ELOVL2	ENSG00000197977	1	2023	Duke	Metabolomics; Genetics	Not prioritized for experimental validation 	Tbio	yes	5340	0.025021981241558723			0.767				1.320164358655199	0.3	2			63	0.4126984126984127	0.6925	Transferase	false	false			0.017455	10518	42	6
EN2	ENSG00000164778	1	2023	ASU	RNA	Validation studies ongoing 	Tbio	yes	3149	0.06490090604302293			-0.384				0.5254294433093134	0	0			71	0.18309859154929578	0.9438		false	false			0.011007	12879	33	6
ENC1	ENSG00000171617	1	2018	MSSM - Zhang Lab	Genetics; RNA	not prioritized for experimental validation	Tbio	yes	5280	0.0256485444632984			-2.402				0.6815587546376859	0.3	2			44	0.29545454545454547	0.5985		false	true			0.031314	7291	61	6
ENO1	ENSG00000074800	1	2018	Emory	Protein	not prioritized for experimental validation	Tchem	yes	3994	0.04465119075697695			-1.16				0.9540289864782022	0.3	3			294	0.40476190476190477	0.2414	Enzyme	false	true			0.213294	378	542	6
ENO3	ENSG00000108515	1	2023	Duke	Metabolomics; Genetics; RNA; Protein; Phenomics	Not prioritized for experimental validation 	Tbio	yes	4571	0.03392694089601359	0.045835487818596365		-0.749				1.2335257617121584	0.3	3			61	0.32786885245901637	0.7327		false	true			0.098830	1880	251	6
ENOSF1	ENSG00000132199	1	2023	MSSM - Roussos Lab	RNA	Not prioritized for experimental validation 	Tbio	no																						0.009915	13394	31	0
EPHA1-AS1	ENSG00000229153	1	2023	MSSM - Roussos Lab	Genetics; RNA	Validation studies ongoing 		no																									0
EPHA5	ENSG00000145242	1	2018	Duke	Genetics; Metabolomics	not prioritized for experimental validation	Tchem	yes	5281	0.025648478724130196			-1.201				0.7084382831188266	1	3			63	0.4444444444444444	0.8171	Enzyme	false	true			0.022187	9256	52	6
EPHX1	ENSG00000143819	1	2023	Duke	Genetics	Not prioritized for experimental validation 	Tchem	no																						0.053143	4354	119	0
ERBB4	ENSG00000178568	1	2018	Mayo-UFL-ISB	RNA	not prioritized for experimental validation	Tclin	yes	1944	0.10125658824716845			1.23				0.3438706199396836	1	4			613	0.25774877650897227	0.6405	TK protein kinase group	false	true	0.2156	0.0608	0.134399	1095	307	6
ERBIN	ENSG00000112851	1	2023	MSSM - Zhang Lab	Protein	Not prioritized for experimental validation	Tbio	yes	5892	0.020298244929715055							0.4696080525946892	0.3	3			42	0.42857142857142855	0.2199		false	true			0.064088	3499	180	5
ERC2	ENSG00000187672	1	2018	MSSM - Zhang Lab	Genetics; RNA	not prioritized for experimental validation	Tbio	no																						0.022294	9227	57	0
ESRRG	ENSG00000196482	1	2018	Duke	Genetics; Metabolomics	not prioritized for experimental validation	Tchem	yes	2814	0.07374301664760177			0.615				0.46968790047659253	0.85	2			47	0.2978723404255319	0.7791	Nuclear hormone receptor subfamily 3 group B	false	false			0.022408	9207	58	6
ETFA	ENSG00000140374	1	2018	Columbia-Rush	Protein; Clinical	not prioritized for experimental validation	Tbio	no																						0.092305	2102	234	0
EXOC3L2	ENSG00000283632	1	2018	Duke	Genetics; Metabolomics	not prioritized for experimental validation	Tbio	yes	4962	0.028754648107577295			0.87				0.5749422307708459	0	0			97	0.21649484536082475	0.6826		false	false			0.014729	11435	35	6
EYA4	ENSG00000112319	1	2023	ASU	RNA	Validation studies ongoing 	Tbio	yes	4351	0.037287938149847016			0.293				0.47589246387035855	0.3	1			43	0.3023255813953488	0.7963		false	false			0.033453	6924	93	6
EZR	ENSG00000092820	1	2020	MSSM - Zhang Lab	Genetics; Protein	not prioritized for experimental validation	Tbio	yes	3756	0.04964590926594974			2.128				0.6961433247195805	0.3	2			170	0.3764705882352941	0.239	Structural protein	false	false			0.153975	836	371	6
FA2H	ENSG00000103089	1	2018	Mayo-UFL-ISB	RNA	not prioritized for experimental validation	Tbio	yes	3543	0.05425381177757276			0.404				0.7001613046289242	0.3	2			87	0.2988505747126437	0.7391	Oxidoreductase	false	false			0.034243	6798	95	6
FAAH	ENSG00000117480	1	2023	Duke	Genetics	Not prioritized for experimental validation 	Tchem	yes	2203	0.09017122693553142			-0.997				1.1151485425543846	1	3	0	1	387	0.3049095607235142	0.3761	Hydrolase	false	false			0.054352	4261	140	7
FADS1	ENSG00000149485	1	2018	Duke	Genetics; Metabolomics	not prioritized for experimental validation	Tchem	yes	493	0.33232568816074726	0.21670089540690557		0.543				0.41385424258964004	0.3	3			127	0.3700787401574803	0.3385	Enzyme	false	false	0.0301	0.0019	0.022840	9086	59	6
FADS2	ENSG00000134824	1	2018	Duke	Genetics; Metabolomics	not prioritized for experimental validation	Tbio	yes	80	0.5003205203718559	0.24093095774497952		0.248				0.43635900248357645	0.3	2			130	0.4153846153846154	0.4319	Oxidoreductase	false	true	0.0312	0.0022	0.029461	7637	75	6
FADS3	ENSG00000221968	1	2023	Duke	Metabolomics; Genetics	Not prioritized for experimental validation 	Tbio	no																						0.007749	14627	22	0
FAHD2CP	ENSG00000231584	1	2019	Chang Lab	Genetics; RNA			no																									0
FAM107A	ENSG00000168309	1	2018	Mayo-UFL-ISB	RNA	not prioritized for experimental validation	Tbio	no																						0.003991	17274	13	0
FAM111A	ENSG00000166801	1	2018	MSSM - Zhang Lab	Genetics; RNA	not prioritized for experimental validation	Tbio	no																						0.009995	13351	32	0
FAM163A	ENSG00000143340	1	2023	ASU	RNA	Validation studies ongoing 	Tbio	no																						0.005182	16406	17	0
FAN1	ENSG00000198690	1	2019	Chang Lab	Genetics; RNA		Tbio	no																						0.030820	7378	69	0
FARSA	ENSG00000179115	1	2023	Duke	Metabolomics; Genetics; RNA; Protein; Phenomics	Not prioritized for experimental validation 	Tbio	no																						0.062149	3640	175	0
FBXL16	ENSG00000127585	1	2018	Columbia-Rush	Protein; Clinical	not prioritized for experimental validation	Tbio	yes	2692	0.07663402544600482			-0.82				0.3582755502069326	0.3	1			15	0.3333333333333333	0.6659		false	false			0.012466	12229	37	6
FBXL7	ENSG00000183580	1	2023	Duke	Metabolomics; Genetics	Not prioritized for experimental validation 	Tbio	no																						0.028445	7867	90	0
FBXO40	ENSG00000163833	1	2023	ASU	RNA	Validation studies ongoing 	Tbio	no																						0.028714	7813	81	0
FBXW7	ENSG00000109670	1	2018	MSSM - Zhang Lab	Genetics; RNA	not prioritized for experimental validation	Tbio	yes	3119	0.06539901786912075			-1.205				0.21091038399606352	0.3	2			130	0.3153846153846154	0.384		false	false			0.178474	595	470	6
FCGR1A	ENSG00000150337	1	2018	Mayo-UFL-ISB	RNA	validation studies ongoing	Tclin	yes	3218	0.06306779819738784			1.461				0.5899376874335795	0.5	3			50	0.32	0.801	Membrane receptor	true	true			0.119540	1372	313	6
FCGR2A	ENSG00000143226	1	2022	IUSM-Purdue	Genetics; RNA	not prioritized for experimental validation	Tbio	yes	4599	0.033462425035115116			0.316				0.9121186074951676	0.3	3			86	0.47674418604651164	0.6845	Membrane receptor	false	true			0.120206	1355	320	6
FERMT3	ENSG00000149781	1	2018	Mayo-UFL-ISB	RNA	not prioritized for experimental validation	Tbio	yes	1161	0.23237967639808582			1.217				0.5459960740885662	0.3	2			23	0.34782608695652173	0.5731		false	true	0.0314	0.0048	0.037344	6326	94	6
FGF1	ENSG00000113578	1	2023	MSSM - Zhang Lab	Protein	Not prioritized for experimental validation	Tchem	yes	3318	0.05991635203264673			0.597				1.1684120180541315	1	4			186	0.34408602150537637	0.6348	Secreted protein	false	true			0.102880	1740	259	6
FGF12	ENSG00000114279	1	2018	MSSM - Zhang Lab	Genetics; RNA	not prioritized for experimental validation	Tbio	yes	4209	0.03999020649116225	0.03497037301920706		-1.241				0.928405881982606	0	0			44	0.4090909090909091	0.6935		false	false			0.018764	10131	51	6
FGF14	ENSG00000102466	1	2018	Duke	Genetics; Metabolomics	not prioritized for experimental validation	Tbio	yes	2996	0.06858482923637632			-1.163				0.4121978308784261	0.3	2			92	0.45652173913043476	0.7778	Secreted protein	false	false			0.016830	10702	45	6
FGF2	ENSG00000138685	1	2021	JAX-VUMC-UW Resilience	RNA; Behavior; Genetics	validation studies planned	Tchem	yes	2221	0.08956010035543875			1.528				1.3028138825231788	0.5	4			848	0.3125	0.4635	Secreted protein	false	true			0.255892	241	633	6
FKBP5	ENSG00000096060	1	2018	Mayo-UFL-ISB	RNA	not prioritized for experimental validation	Tchem	yes	2294	0.08707292958725284			0.784				0.6455373484720202	0.3	2			304	0.3717105263157895	0.3238	Enzyme	false	false			0.068704	3209	171	6
FLI1	ENSG00000151702	1	2022	IUSM-Purdue	RNA	not prioritized for experimental validation	Tbio	yes	3982	0.044835709664013186			1.479				0.38913541113072453	0.3	2			116	0.39655172413793105	0.5049	Transcription factor	false	false			0.033445	6926	87	6
FLNC	ENSG00000128591	1	2023	MSSM - Zhang Lab	Protein	Not prioritized for experimental validation	Tbio	yes	3560	0.05390008727604567			0.371				0.4259803814347867	0.3	3			129	0.46511627906976744	0.6175		false	true			0.106688	1642	258	6
FOXE1	ENSG00000178919	1	2023	ASU	RNA	Validation studies ongoing 	Tbio	no																						0.021200	9499	57	0
FPR1	ENSG00000171051	1	2022	IUSM-Purdue	RNA	not prioritized for experimental validation	Tchem	yes	1298	0.20967726750546412			0.191				0	0.3	3			101	0.36633663366336633	0.8013	Family A G protein-coupled receptor	false	true	0.0865	0.0091	0.059809	3796	158	6
FRAT2	ENSG00000181274	1	2018	Columbia-Rush	Genetics; RNA; Protein; Clinical	not prioritized for experimental validation	Tbio	no																						0.012455	12236	35	0
FRMD3	ENSG00000172159	1	2023	Duke	Metabolomics; Genetics	Not prioritized for experimental validation 	Tbio	no																						0.010631	13053	31	0
FRMPD4	ENSG00000169933	1	2018	MSSM - Zhang Lab	Genetics; RNA	not prioritized for experimental validation	Tbio	no																						0.007586	14730	23	0
FSCN3	ENSG00000106328	1	2019	Chang Lab	Genetics; RNA		Tdark	no																						0.005241	16350	17	0
G3BP2	ENSG00000138757	1	2023	MSSM - Zhang Lab	Protein	Not prioritized for experimental validation	Tbio	yes	915	0.2648388205396235	0.40409941082117107		-0.48				0.32103491437366766	0.3	1			51	0.4117647058823529	0.2267	Unclassified protein	false	false	0.0391	0.0026	0.055367	4166	145	6
GAB1	ENSG00000109458	1	2023	MSSM - Roussos Lab	RNA	Not prioritized for experimental validation 	Tchem	yes	3818	0.04815876868422271			1.045				0.41917632241334263	0.3	3			215	0.26976744186046514	0.4049	Unclassified protein	false	true			0.061604	3673	142	6
GABARAPL1	ENSG00000139112	1	2019	Chang Lab	Genetics; RNA		Tbio	yes	4637	0.03301344965649387			-1.009				0.6319828510671514	0.3	3			143	0.38461538461538464	0.1803	Unclassified protein	false	false			0.126401	1227	288	6
GABRA1	ENSG00000022355	1	2018	MSSM - Zhang Lab	Genetics; RNA	not prioritized for experimental validation	Tclin	yes	358	0.3680726893812746			-1.701				0.3211586413970552	1	3	3	8	169	0.38461538461538464	0.874	Ligand-gated ion channel	false	true	0.1328	0.038	0.059051	3856	147	7
GABRA4	ENSG00000109158	1	2018	MSSM - Zhang Lab	Genetics; RNA	not prioritized for experimental validation	Tclin	yes	355	0.36841492603331133	0.05351610917943178		-1.267				0.39117391185869593	1	3	3	7	62	0.2903225806451613	0.8463	Ligand-gated ion channel	false	true	0.0776	0.0193	0.028882	7775	71	7
GABRB2	ENSG00000145864	1	2018	MSSM - Zhang Lab	Genetics; RNA	validation studies ongoing	Tclin	yes	688	0.2972827521715188			-0.705				0.44406567207012937	1	3	3	7	101	0.39603960396039606	0.8517	Ligand-gated ion channel	false	true	0.1082	0.0304	0.045046	5238	117	7
GABRG2	ENSG00000113327	1	2018	MSSM - Zhang Lab	Genetics; RNA	not prioritized for experimental validation	Tclin	yes	595	0.31389913384500767			-1.824				0.4305134672157506	1	3	3	7	148	0.3310810810810811	0.8559		false	true	0.1105	0.0329	0.051225	4528	130	7
GAD1	ENSG00000128683	1	2018	MSSM - Zhang Lab	Genetics; RNA	not prioritized for experimental validation	Tbio	yes	1896	0.1035144031933476			-0.963				0.6173053709563792	0.3	3			404	0.44554455445544555	0.7277	Lyase	false	true	0.2049	0.0461	0.129080	1187	318	6
GALNT2	ENSG00000143641	1	2023	MSSM - Roussos Lab	RNA	Not prioritized for experimental validation 	Tchem	yes	5233	0.026058048943110864			1.418				0.5137920854177475	0.3	3			36	0.4722222222222222	0.3414	Transferase	false	true			0.036564	6450	105	6
GAPDH	ENSG00000111640	1	2019	Chang Lab	Genetics; RNA; Protein		Tchem	yes	1829	0.106711328055614			-1.789				0.6621659697397454	0.3	3			9463	0.2799323681707704	0.2052	Oxidoreductase	true	true	0.8518	0.103	0.724934	5	1937	6
GAS7	ENSG00000007237	1	2023	MSSM - Roussos Lab	RNA	Not prioritized for experimental validation 	Tbio	yes	3060	0.06684037607912027			-0.631				0.5397612856037276	0.3	2			61	0.3114754098360656	0.4608		false	true			0.025481	8485	80	6
GBP1	ENSG00000117228	1	2018	Mayo-UFL-ISB	RNA	not prioritized for experimental validation	Tbio	yes	5001	0.028308930402644074			2.143				1.1346791063123416	0.3	3			73	0.3150684931506849	0.4022		false	false			0.055942	4112	135	6
GBP2	ENSG00000162645	1	2018	Mayo-UFL-ISB	RNA	not prioritized for experimental validation	Tbio	yes	3832	0.04795229808670439			1.774				1.11361257597667	0.3	2			169	0.35502958579881655	0.3647		false	false			0.037124	6355	100	6
GBP3	ENSG00000117226	1	2018	Mayo-UFL-ISB	RNA	not prioritized for experimental validation	Tbio	no																						0.017671	10453	50	0
GCDH	ENSG00000105607	1	2023	Duke	Metabolomics; Genetics; RNA; Protein; Phenomics	Not prioritized for experimental validation 	Tbio	yes	3564	0.05385026101258745			0.546				0.7924949748295015	0.3	2			37	0.4594594594594595	0.2479	Oxidoreductase	false	false			0.060352	3751	162	6
GCKR	ENSG00000084734	1	2020	ASU	Genetics; RNA; Protein	validation studies ongoing		no																						0.030073	7518	91	0
GDA	ENSG00000119125	1	2018	MSSM - Zhang Lab	Genetics; RNA	not prioritized for experimental validation	Tbio	yes	5908	0.020187373503350342			-1.213				0.448040952666947	0.3	2			160	0.3	0.8189	Hydrolase	false	false			0.023728	8858	55	6
GDAP1	ENSG00000104381	1	2019	Chang Lab	Genetics; RNA		Tbio	yes	3447	0.056618166323770695			-1.043				1.1275526801125448	0.3	3			78	0.23076923076923078	0.516		false	false			0.034863	6708	93	6
GDF10	ENSG00000266524	1	2018	Mayo-UFL-ISB	RNA	not prioritized for experimental validation	Tbio	no																						0.006105	15708	17	0
GDNF	ENSG00000168621	1	2018	Duke	Genetics; Metabolomics	not prioritized for experimental validation	Tbio	yes	3375	0.05852993514852401			0.462				0.7672499807757911	0.3	2			1826	0.3094194961664841	0.791		false	true			0.104005	1708	267	6
GGTA1	ENSG00000204136	1	2023	MSSM - Roussos Lab	RNA	Not prioritized for experimental validation 	Tdark	no																									0
GIMAP4	ENSG00000133574	1	2022	IUSM-Purdue	RNA	not prioritized for experimental validation	Tbio	no																						0.012659	12157	37	0
GIMAP6	ENSG00000133561	1	2022	IUSM-Purdue	RNA	not prioritized for experimental validation	Tbio	no																						0.008717	14046	23	0
GJA1	ENSG00000152661	1	2018	MSSM - Zhang Lab	Genetics; RNA	validation studies completed	Tbio	yes	1754	0.1110170285374625			1.144				0.5065552415224681	0.3	3			383	0.370757180156658	0.3126	Unclassified protein	false	true	0.1816	0.016	0.141465	987	363	6
GLDN	ENSG00000186417	1	2023	MSSM - Roussos Lab	RNA	Not prioritized for experimental validation 	Tbio	no																						0.010259	13235	28	0
GMNC	ENSG00000205835	1	2023	ASU	RNA	Validation studies ongoing 	Tbio	yes	1258	0.21667730330341095	0.35430600095049986		-0.044				0.7237281896154283	0.3	1			22	0.36363636363636365	0.9519		false	false	0.0016	0.0001	0.008613	14124	22	6
GNB5	ENSG00000069966	1	2019	Chang Lab	Genetics; Protein		Tbio	yes	2016	0.09774583877105919			-2.036				0.8796704195684342	0.3	3			45	0.28888888888888886	0.4746		false	false			0.162441	753	349	6
GPC2	ENSG00000213420	1	2018	Duke	Genetics; Metabolomics	not prioritized for experimental validation	Tbio	yes	4950	0.02890122628238807			0.386				0.9482045045699024	0.3	2			31	0.5806451612903226	0.718		false	true			0.025606	8451	67	6
GPC6	ENSG00000183098	1	2018	Duke	Genetics; Metabolomics	not prioritized for experimental validation	Tbio	no																						0.028850	7783	80	0
GPI	ENSG00000105220	1	2018	Emory	Protein	not prioritized for experimental validation	Tbio	yes	5282	0.025630230182150122			-2.091				0.9229446089984255	0.3	3			2268	0.21075837742504408	0.2037	Enzyme	false	true			0.153861	837	361	6
GPM6B	ENSG00000046653	1	2018	Emory	Protein	not prioritized for experimental validation	Tbio	no																						0.008868	13962	24	0
GPR37	ENSG00000170775	1	2018	Mayo-UFL-ISB	RNA	not prioritized for experimental validation	Tbio	yes	2173	0.09149410525483677			1.461				0.6668088924230535	0.3	3			85	0.25882352941176473	0.7634	Family A G protein-coupled receptor	false	true			0.042504	5536	122	6
GPR84	ENSG00000139572	1	2018	Mayo-UFL-ISB	RNA	not prioritized for experimental validation	Tchem	yes	5111	0.02725175987614976			-0.216				0.9674401665745525	0.85	3			50	0.34	0.8443	Membrane receptor	false	true			0.016610	10785	47	6
GPSM3	ENSG00000213654	1	2022	IUSM-Purdue	RNA	not prioritized for experimental validation	Tbio	no																						0.066427	3332	236	0
GRAMD2B	ENSG00000155324	1	2018	MSSM - Zhang Lab	Genetics; RNA	not prioritized for experimental validation	Tdark	yes	5617	0.022370928263026363							0.8989850148559521	0.3	1			4	0.5			false	false			0.008071	14425	23	4
GRAMD4	ENSG00000075240	1	2023	Duke	Metabolomics; Genetics	Not prioritized for experimental validation 	Tbio	no																						0.003582	17584	12	0
GRIA3	ENSG00000125675	1	2023	MSSM - Zhang Lab	Protein	Not prioritized for experimental validation	Tclin	yes	1676	0.1158458383244615			-0.69				0.12301326471072997	1	3	2	2	156	0.30128205128205127	0.7051	Ion channel	false	true	0.1124	0.0756	0.059993	3780	138	7
GRIN2A	ENSG00000183454	1	2018	MSSM - Zhang Lab	Genetics; RNA	not prioritized for experimental validation	Tclin	yes	13	0.6234275987159364			-0.984				0.277069250351326	1	4	4	67	1322	0.2821482602118003	0.8191	NMDA receptor	false	true	0.2314	0.1258	0.118446	1397	280	7
GRIN2B	ENSG00000273079	1	2023	ASU	RNA	Validation studies ongoing 	Tclin	yes	11	0.6341731366460872			-0.867				0.09177931947216243	1	4	4	61	1999	0.2666333166583292	0.8654	NMDA receptor	false	true	0.2897	0.9153	0.144645	936	347	7
GSTK1	ENSG00000197448	1	2018	Columbia-Rush	Protein; Clinical	not prioritized for experimental validation	Tchem	no																						0.021219	9493	57	0
GUCY1A1	ENSG00000164116	1	2023	MSSM - Roussos Lab	RNA	Not prioritized for experimental validation 	Tclin	yes	2806	0.07391597093694036							0.9470927507108643	1	2	2	1	11	0.6363636363636364			false	false			0.027100	8142	53	5
GUCY1B1	ENSG00000061918	1	2018	MSSM - Zhang Lab	Genetics; RNA	not prioritized for experimental validation	Tclin	yes	2708	0.07629625650737829							0.7814235176880462	1	2	2	1	8	0.75			false	false			0.028767	7800	57	5
HABP4	ENSG00000130956	1	2018	Columbia-Rush	Genetics; RNA; Protein; Clinical	not prioritized for experimental validation	Tbio	no																						0.110653	1554	243	0
HAND1	ENSG00000113196	1	2023	ASU	RNA	Validation studies ongoing 	Tbio	yes	5448	0.02391776246376476	0.037823076108973		0.346				1.1669806014197193	0	0			46	0.2826086956521739	0.9558		false	false			0.005430	16209	15	6
HAVCR2	ENSG00000135077	1	2022	IUSM-Purdue	RNA	not prioritized for experimental validation	Tchem	yes	775	0.28274299109129203	0.4303330788542028		0.369				0.8378472865861916	1	3			108	0.6111111111111112	0.5427	Unclassified protein	false	true	0.1506	0.0124	0.126988	1223	323	6
HCK	ENSG00000101336	1	2022	IUSM-Purdue	RNA	validation studies ongoing	Tclin	yes	2644	0.07782058850345168			-0.161				0.7392353889123218	1	3	1.5	2	146	0.2808219178082192	0.7034	Tyrosine protein kinase Src family	false	false			0.106362	1650	258	7
HCLS1	ENSG00000180353	1	2022	IUSM-Purdue	RNA	not prioritized for experimental validation	Tbio	no																						0.138343	1032	329	0
HCP5	ENSG00000206337	1	2018	Duke	Genetics; Metabolomics	not prioritized for experimental validation		no																									0
HDAC1	ENSG00000116478	1	2018	Harvard-MIT	RNA		Tclin	yes	2160	0.09219370789390134			0.726				0.40723635807461467	1	3	1	1	728	0.29532967032967034	0.2719	Histone deacetylase	false	false			0.431702	38	949	7
HDAC9	ENSG00000048052	1	2023	ASU	RNA	Validation studies ongoing 	Tclin	yes	2910	0.07093284414869531			-0.778				0.38169635105730876	1	3			183	0.2786885245901639	0.5123	Eraser	false	false			0.081853	2533	198	6
HEBP2	ENSG00000051620	1	2018	Columbia-Rush	Protein; Clinical	not prioritized for experimental validation	Tbio	no																						0.009344	13692	21	0
HECW2	ENSG00000138411	1	2019	Chang Lab	Genetics; RNA		Tbio	no																						0.015698	11114	49	0
HGF	ENSG00000019991	1	2023	Emory	Protein	Not prioritized for experimental validation	Tchem	yes	1810	0.10864907976934168	0.06225468029381794		1.521				0.45646211210430726	0.85	3			895	0.3039106145251397	0.6166	Secreted protein	false	false	0.2499	0.0198	0.161193	762	399	6
HLA-DMB	ENSG00000242574	1	2022	IUSM-Purdue	RNA	not prioritized for experimental validation	Tbio	no																						0.029505	7625	68	0
HLA-DOA	ENSG00000204252	1	2022	IUSM-Purdue	RNA	not prioritized for experimental validation	Tbio	no																						0.021621	9383	41	0
HLA-DQB1	ENSG00000179344	1	2023	Duke	Metabolomics; Genetics	Not prioritized for experimental validation 		yes	4848	0.030185987874954467			-2.07				0.7839441534483074	0	0			388	0.29381443298969073	0.546		false	true			0.069968	3146	183	6
HLA-DRB1	ENSG00000196126	1	2023	MSSM - Zhang Lab	Protein	Not prioritized for experimental validation	Tchem	yes	1967	0.10014336455399586			-0.903				0.6085646193840408	0.85	3			747	0.3038821954484605	0.3645	Surface antigen	false	true	0.1455	0.0315	0.118238	1401	305	6
HNF1A	ENSG00000135100	1	2023	Duke	Metabolomics; Genetics	Not prioritized for experimental validation 	Tbio	no																						0.065724	3391	171	0
HNRNPA2B1	ENSG00000122566	1	2023	MSSM - Zhang Lab	Protein	Not prioritized for experimental validation	Tbio	yes	4273	0.03884651282758632			-0.61				0.16755303288893636	0.3	2			240	0.3875	0.1296	Unclassified protein	false	false			0.187886	531	450	6
HNRNPU	ENSG00000153187	1	2018	Emory	Protein	not prioritized for experimental validation	Tbio	no																						0.143993	951	352	0
HPR	ENSG00000261701	1	2023	Duke	Metabolomics; Genetics; RNA; Protein; Phenomics	Not prioritized for experimental validation 	Tbio	no																						0.037632	6272	85	0
HS3ST4	ENSG00000182601	1	2023	MSSM - Roussos Lab	RNA	Not prioritized for experimental validation 	Tbio	no																						0.009709	13512	27	0
HS3ST5	ENSG00000249853	1	2018	Duke	Genetics; Metabolomics	not prioritized for experimental validation	Tbio	no																						0.014183	11612	42	0
HSDL1	ENSG00000103160	1	2023	Emory	Genetics; Protein	Not prioritized for experimental validation	Tbio	no																						0.019690	9905	61	0
HSPA2	ENSG00000126803	1	2019	Chang Lab	Genetics; RNA; Protein		Tchem	yes	3576	0.05363575556704426			1.264				0.5902091816772557	0.3	3			95	0.22105263157894736	0.482	Other cytosolic protein	false	false			0.119528	1373	304	6
HSPB2	ENSG00000170276	1	2018	Columbia-Rush	Genetics; RNA; Protein; Clinical	validation studies completed	Tbio	yes	5338	0.025075348558931773			0.387				1.5528180405117487	0	0			77	0.18181818181818182	0.4101		false	false			0.070998	3081	179	6
HTRA3	ENSG00000170801	1	2023	MSSM - Roussos Lab	RNA	Not prioritized for experimental validation 	Tbio	no																						0.003876	17364	12	0
IARS1	ENSG00000196305	1	2018	Columbia-Rush	Protein; Clinical	not prioritized for experimental validation	Tchem	yes	4451	0.035604822284978695							0.855943911310135	0.3	2			3	0.6666666666666666		Ligase	true	false			0.083844	2427	205	4
ICA1	ENSG00000003147	1	2019	Chang Lab	Genetics; RNA		Tbio	yes	2742	0.07555498138690467			-1.798				0.7335978873422673	0.3	2			58	0.41379310344827586	0.4402		false	false			0.009243	13753	26	6
ICA1L	ENSG00000163596	1	2020	Emory	Genetics; Protein	validation studies planned	Tdark	yes	1413	0.1789065871231913	0.27860790514439376		-0.302				1.0327245596307342	0.3	1			28	0.5357142857142857	0.5353		false	false	0.0084	0.001	0.008709	14053	27	6
ICAM1	ENSG00000090339	1	2023	MSSM - Zhang Lab	Protein	Not prioritized for experimental validation	Tchem	yes	2931	0.07044740071676717			1.114				0.9066295803016713	0.85	3			573	0.3699825479930192	0.5411	Adhesion	false	true			0.258349	234	642	6
IDH2	ENSG00000182054	1	2019	Chang Lab	Genetics; RNA		Tclin	no																						0.157443	802	401	0
IFI30	ENSG00000216490	1	2022	IUSM-Purdue	RNA	not prioritized for experimental validation	Tbio	no																						0.029238	7691	91	0
IFIH1	ENSG00000115267	1	2022	Emory-Sage-SGC	Risk Scores; Pathway Modeling		Tbio	yes	5553	0.022991493423702384			-0.479				1.3498019015836078	0.3	2			126	0.3412698412698413	0.584	Hydrolase	false	false			0.163917	739	384	6
IFITM2	ENSG00000185201	1	2019	Chang Lab	Genetics; RNA		Tbio	yes	5765	0.021236140401763224			0.577				1.3193364734722643	0.3	2			73	0.4246575342465753	0.4016		true	true			0.019037	10067	50	6
IFNLR1	ENSG00000185436	1	2023	MSSM - Roussos Lab	RNA	Not prioritized for experimental validation 	Tbio	no																						0.055171	4189	119	0
IGF1R	ENSG00000140443	1	2018	Mayo-UFL-ISB	RNA	not prioritized for experimental validation	Tclin	yes	1730	0.11281233261777997			1.143				0.3913329449232233	1	4			1224	0.32516339869281047	0.3149	Protein Kinase	false	true	0.3078	0.0334	0.207194	411	481	6
IGFBP5	ENSG00000115461	1	2018	Columbia-Rush	Genetics; RNA; Protein; Clinical	validation studies completed	Tchem	yes	2264	0.08805628452310836			-0.665				0.6938618215281868	0.3	3			190	0.3631578947368421	0.3885	Secreted protein	false	true			0.037160	6347	100	6
IKBKB	ENSG00000104365	1	2023	MSSM - Roussos Lab	RNA	Not prioritized for experimental validation 	Tchem	yes	865	0.27194798026353073			0.396				0.47834254991785924	0.85	2	0	1	119	0.35294117647058826	0.2487	Other protein kinase group	false	false	0.2655	0.0199	0.175520	627	393	7
IL10	ENSG00000136634	1	2018	Mayo-UFL-ISB	RNA	validation studies completed	Tbio	yes	1605	0.12124095712925045			-0.055				0.62590177044544	0.5	2			3940	0.3581218274111675	0.8432	Secreted protein	false	true	0.5135	0.0517	0.356785	87	852	6
IL15	ENSG00000164136	1	2023	MSSM - Roussos Lab	RNA	Not prioritized for experimental validation 	Tchem	yes	4033	0.043585163770092625			0.639				0.9286806962725548	0.85	2			424	0.3891509433962264	0.6103	Secreted protein	false	true			0.167128	707	412	6
IL1B	ENSG00000125538	1	2026	IUSM-Purdue	RNA; Protein	not prioritized for experimental validation	Tclin	yes	1534	0.1374722746291706			0.265				0.6953183640274957	1	4	2	1	1842	0.39033659066232357	0.8059	Secreted protein	false	true	0.7208	0.1058	0.498205	21	1220	7
IL1R1	ENSG00000115594	1	2026	IUSM-Purdue	RNA	validation studies ongoing	Tclin	yes	3814	0.04824504975827251			1.508				0.625561792309506	1	4			154	0.35714285714285715	0.4303	Membrane receptor	false	true			0.108336	1603	267	6
IL23R	ENSG00000162594	1	2018	Duke	Genetics; Metabolomics	not prioritized for experimental validation	Tchem	yes	4694	0.03227475234826816			-0.971				0.7958828940313564	0.3	2			307	0.36156351791530944	0.9728	Membrane receptor	false	true			0.083427	2444	196	6
IL6ST	ENSG00000134352	1	2019	Chang Lab	Genetics; RNA		Tclin	yes	2401	0.08412081337563189			1.625				0.36968570457537075	1	3			240	0.2708333333333333	0.2786	Membrane receptor	false	true			0.072074	3026	153	6
IMMT	ENSG00000132305	1	2018	Emory	Protein	not prioritized for experimental validation	Tbio	yes	4246	0.03930628499886687			-1.296				0.561784495293237	0.3	2			47	0.3191489361702128	0.1856	Unclassified protein	false	false			0.085894	2345	209	6
INPPL1	ENSG00000165458	1	2018	Mayo-UFL-ISB	RNA	not prioritized for experimental validation	Tchem	yes	2150	0.09250986185123151			0.927				0.7773301823661182	0.3	3			52	0.19230769230769232	0.192	Phosphatase	false	true			0.059674	3810	140	6
INSR	ENSG00000171105	1	2018	Duke	Genetics; Metabolomics	not prioritized for experimental validation	Tclin	yes	1029	0.2513886450958937			0.371				0.5757800436433436	1	4	2.5	14	2126	0.28410159924741296	0.3536	Protein Kinase	false	true	0.1541	0.0121	0.123854	1282	297	7
IQGAP1	ENSG00000140575	1	2019	Chang Lab	Genetics; RNA		Tbio	no																						0.155991	815	402	0
IQUB	ENSG00000164675	1	2023	ASU	RNA	Validation studies ongoing 	Tbio	no																						0.014699	11441	45	0
IRAK1	ENSG00000184216	1	2025	IUSM-Purdue	RNA	Validation studies ongoing	Tchem	yes	5019	0.028082021328802616			0.685					1	3			241	0.3112033195020747	0.2395	Protein Kinase	false	false			0.103635	1720	236	5
IRAK4	ENSG00000198001	1	2025	IUSM-Purdue	RNA	Validation studies ongoing	Tchem	yes	2863	0.0723512290279427			1.264				1.091229536785746	0.85	3			154	0.37012987012987014	0.3323	Protein Kinase	false	true			0.063103	3562	135	6
IRS1	ENSG00000169047	1	2018	Duke	Genetics; Metabolomics	not prioritized for experimental validation	Tchem	yes	1953	0.10080387624407829			0.642				0.6900927927130541	0.85	3			650	0.2969230769230769	0.4992	Unclassified protein	false	true	0.3085	0.0283	0.182407	560	422	6
ISYNA1	ENSG00000105655	1	2023	Duke	Metabolomics; Genetics; RNA; Protein; Phenomics	Not prioritized for experimental validation 	Tbio	no																						0.029488	7627	84	0
ITGB1	ENSG00000150093	1	2023	MSSM - Zhang Lab	Protein	Not prioritized for experimental validation	Tclin	yes	3646	0.05169470886425588			1.198				0.39004304171970877	1	4			307	0.44299674267100975	0.3813	Membrane receptor	false	true			0.265293	223	610	6
ITGB4	ENSG00000132470	1	2023	MSSM - Zhang Lab	Protein	Not prioritized for experimental validation	Tbio	yes	449	0.34344461337459753			0.713				0.8736875599915715	0.3	3			81	0.38271604938271603	0.5041	Unclassified protein	false	true	0.077	0.0062	0.089048	2213	189	6
ITGB5	ENSG00000082781	1	2023	MSSM - Roussos Lab	RNA	Not prioritized for experimental validation 	Tbio	yes	3984	0.04480605534344707	0.04187843088906588		1.661				0.5871233917372202	0.85	4			104	0.36538461538461536	0.4002	Membrane receptor	false	true			0.094945	2018	205	6
ITIH2	ENSG00000151655	1	2018	Mayo-UFL-ISB	Protein	not prioritized for experimental validation	Tbio	no																						0.032694	7050	87	0
ITPK1	ENSG00000100605	1	2018	Columbia-Rush	Genetics; RNA; Protein; Clinical	validation studies completed	Tbio	no																						0.018318	10268	43	0
ITPKB	ENSG00000143772	1	2023	MSSM - Roussos Lab	RNA	Not prioritized for experimental validation 	Tchem	yes	544	0.32285071621332706			3.156				0.29774003060962656	0.3	2			99	0.35353535353535354	0.3059	Enzyme	false	false	0.0275	0.0018	0.022302	9225	51	6
ITPR1	ENSG00000150995	1	2018	MSSM - Zhang Lab	Genetics; RNA	not prioritized for experimental validation	Tchem	yes	2871	0.07213699834312245			-1.093				0.35719492668087144	0.3	3			185	0.3081081081081081	0.4123	IP3 receptor	false	false			0.147367	899	343	6
ITPR2	ENSG00000123104	1	2023	MSSM - Roussos Lab	RNA	Not prioritized for experimental validation 	Tbio	yes	3845	0.04782464309470403			2.035				0.7326157431190222	0.3	3			104	0.27884615384615385	0.4422		false	false			0.071098	3071	165	6
JARID2	ENSG00000008083	1	2023	MSSM - Roussos Lab	RNA	Not prioritized for experimental validation 	Tbio	yes	1260	0.21630856815732527	0.3538058423544948		0.617				0.24082929444459328	0.3	2			42	0.3333333333333333	0.3883		false	false	0.0689	0.0029	0.102576	1748	257	6
JMJD6	ENSG00000070495	1	2019	Chang Lab	Genetics; RNA		Tchem	yes	4601	0.033439162036845486			1.043				0.5572313275601111	0.3	3			43	0.3488372093023256	0.2411	Oxidoreductase	false	false			0.041164	5729	112	6
KANK2	ENSG00000197256	1	2023	Mayo-UFL-ISB	Genetics; RNA	Validation studies ongoing	Tbio	no																						0.017313	10559	51	0
KAT2B	ENSG00000114166	1	2019	Chang Lab	Genetics; RNA		Tchem	yes	4992	0.02836307306800774			1.488				0.4487690894313054	0.3	2			55	0.18181818181818182	0.2235	Epigenetic regulator	false	false			0.237309	285	514	6
KCNC2	ENSG00000166006	1	2018	MSSM - Zhang Lab	Genetics; RNA	not prioritized for experimental validation	Tclin	yes	2870	0.07216672423847476			-0.846				0.6795906299302631	1	2			33	0.3333333333333333	0.8964	Voltage-gated potassium channel	false	true			0.068037	3252	196	6
KCND3	ENSG00000171385	1	2018	Duke	Genetics; Metabolomics	not prioritized for experimental validation	Tclin	yes	710	0.2944673731583942	0.4544337442244919		0.795				0.3071160769561907	1	3			51	0.2549019607843137	0.5583	Voltage-gated potassium channel	false	true	0.0728	0.0064	0.092394	2099	242	6
KCNIP1	ENSG00000182132	1	2018	Duke	Genetics; Metabolomics	not prioritized for experimental validation	Tbio	no																						0.016770	10728	42	0
KCNJ3	ENSG00000162989	1	2018	Duke	Genetics; Metabolomics	not prioritized for experimental validation	Tchem	yes	779	0.28247078154646377	0.45831420383806715		-0.702				0.23359684993897625	1	3			33	0.36363636363636365	0.8046	Ion channel	false	true	0.0496	0.0067	0.044360	5317	106	6
KCNK4	ENSG00000182450	1	2018	Columbia-Rush	Genetics; RNA; Protein; Clinical	not prioritized for experimental validation	Tbio	no																						0.019143	10037	51	0
KCNN2	ENSG00000080709	1	2023	ASU	RNA	Validation studies ongoing 	Tchem	yes	1539	0.13470186677270232	0.1829778207425261		-0.711				0.608225805684556	0.3	3			66	0.36363636363636365	0.7434	Potassium channels	false	true	0.027	0.0024	0.027048	8154	57	6
KCNN3	ENSG00000143603	1	2023	Duke	Metabolomics; Genetics; RNA; Protein; Phenomics	Not prioritized for experimental validation 	Tchem	no																						0.038734	6083	95	0
KCNN4	ENSG00000104783	1	2023	MSSM - Roussos Lab	Genetics; RNA	Validation studies ongoing 	Tchem	yes	1575	0.1257760343373036			-0.046				0.9249019588936666	1	3	2	2	47	0.46808510638297873	0.6971	Potassium channels	false	true	0.0379	0.0036	0.043895	5371	103	7
KCNQ5	ENSG00000185760	1	2018	MSSM - Zhang Lab	Genetics; RNA	not prioritized for experimental validation	Tclin	yes	2047	0.09675410746934658	0.15193369089018363		-1.158				0.41425593218284834	1	3			71	0.352112676056338	0.7952	Voltage-gated potassium channel	false	true			0.085544	2358	222	6
KDM3B	ENSG00000120733	1	2019	Chang Lab	Genetics; RNA		Tbio	no																						0.035051	6679	89	0
KHDRBS2	ENSG00000112232	1	2018	Duke	Genetics; Metabolomics	not prioritized for experimental validation	Tbio	yes	462	0.340440739117211	0.5501939472845042		0.634				0.814175370790759	0.3	1			38	0.3157894736842105	0.797		false	false	0.007	0.0007	0.016892	10674	49	6
KIAA1549L	ENSG00000110427	1	2018	MSSM - Zhang Lab	Genetics; RNA	not prioritized for experimental validation		no																						0.004467	16954	11	0
KIDINS220	ENSG00000134313	1	2018	Duke	Genetics; Metabolomics	not prioritized for experimental validation	Tbio	yes	5564	0.022906344892821427			0.647				0.4930974495986927	0.3	2			45	0.3111111111111111	0.2966		false	false			0.012978	12028	32	6
KIF13B	ENSG00000197892	1	2018	MSSM - Zhang Lab	Genetics; RNA	not prioritized for experimental validation	Tbio	no																						0.033342	6940	83	0
KLC1-AS1	ENSG00000246451	1	2018	MSSM - Zhang Lab	Genetics; RNA	not prioritized for experimental validation		no																									0
KLF15	ENSG00000163884	1	2018	Duke	Genetics; Metabolomics	not prioritized for experimental validation	Tbio	yes	4958	0.028833308491591318			1.704				0.3718250537097054	0.3	1			49	0.42857142857142855	0.3438		false	false			0.017168	10611	45	6
KLHDC9	ENSG00000162755	1	2023	Emory	Genetics; Protein	Not prioritized for experimental validation	Tbio	no																						0.006613	15326	22	0
KLHL29	ENSG00000119771	1	2023	Duke	Metabolomics; Genetics	Not prioritized for experimental validation 	Tbio	no																						0.003168	17873	10	0
KPNB1	ENSG00000108424	1	2019	Chang Lab	Genetics; Protein		Tbio	no																						0.150730	865	360	0
KRT8	ENSG00000170421	1	2023	MSSM - Zhang Lab	Protein	Not prioritized for experimental validation	Tbio	yes	1200	0.2246922049020059			-0.081				0.7848553482984107	0.3	2			66	0.4090909090909091	0.5725		true	false	0.0716	0.0059	0.065599	3396	189	6
LAMA4	ENSG00000112769	1	2020	ASU	Genetics; RNA; Protein	validation studies ongoing	Tbio	yes	3245	0.062279287237374165			0.81				0.7107312679126112	1	2			64	0.375	0.5152		false	true			0.055250	4178	131	6
LAMB2	ENSG00000172037	1	2023	MSSM - Zhang Lab	Protein	Not prioritized for experimental validation	Tbio	yes	2813	0.07374676694121465			1.036				0.6836458938269818	1	3			81	0.32098765432098764	0.2844		false	true			0.032024	7166	70	6
LAMP5	ENSG00000125869	1	2023	MSSM - Roussos Lab	RNA	Not prioritized for experimental validation 	Tbio	yes	2415	0.08363395903390744			-1.958				1.5744438592075578	0.3	1			92	0.7065217391304348	0.7732		false	true			0.006647	15295	21	6
LDB2	ENSG00000169744	1	2019	Chang Lab	Genetics; RNA		Tbio	no																						0.034798	6722	81	0
LDB3	ENSG00000122367	1	2023	Mayo-UFL-ISB	RNA; Protein	Not prioritized for experimental validation	Tbio	yes	3513	0.054957664397937894			1.313				0.9004501865800734	0.3	2			45	0.2222222222222222	0.6502		false	true			0.048248	4893	119	6
LGALS9	ENSG00000168961	1	2022	IUSM-Purdue	RNA	not prioritized for experimental validation	Tchem	yes	1828	0.10688690158731287			0.243				1.0059877521541647	0.3	3			76	0.5394736842105263	0.4991	Other cytosolic protein	false	true	0.0794	0.0142	0.069100	3183	185	6
LILRA2	ENSG00000239998	1	2022	IUSM-Purdue	RNA	not prioritized for experimental validation	Tbio	no																						0.017129	10625	47	0
LILRB1	ENSG00000104972	1	2018	Mayo-UFL-ISB	RNA	validation studies planned		yes	3827	0.048029986113597566			-0.374				0.9827766105100316	0	0			46	0.5217391304347826	0.7742		false	true			0.052948	4376	130	6
LIMS1	ENSG00000169756	1	2020	MSSM - Zhang Lab	Genetics; Protein	not prioritized for experimental validation	Tbio	yes	2876	0.0719680797806105			1.288				0.6058154982137809	0.3	2			26	0.19230769230769232	0.3203	Unclassified protein	false	false			0.021667	9373	50	6
LINGO2	ENSG00000174482	1	2023	ASU	RNA	Validation studies ongoing 	Tbio	yes	3732	0.04999724826217892			-0.663				0.715862401689403	0.3	3			27	0.2962962962962963	0.8863		false	false			0.014779	11411	44	6
LIPC	ENSG00000166035	1	2023	Duke	Metabolomics; Genetics	Not prioritized for experimental validation 	Tchem	yes	1045	0.24875687111459924	0.3889931573076497		-0.462				1.1150078468260352	0.3	3			180	0.25	0.9133	Hydrolase	false	true	0.0804	0.0143	0.072767	2971	167	6
LMO7	ENSG00000136153	1	2023	MSSM - Zhang Lab	Protein	Not prioritized for experimental validation	Tbio	no																						0.032035	7165	88	0
LMOD3	ENSG00000163380	1	2023	ASU	RNA	Validation studies ongoing 	Tbio	no																						0.013775	11752	39	0
LNX1	ENSG00000072201	1	2018	MSSM - Zhang Lab	Genetics; RNA	not prioritized for experimental validation	Tbio	no																						0.044940	5257	129	0
LPAR6	ENSG00000139679	1	2023	MSSM - Roussos Lab	RNA	Not prioritized for experimental validation 	Tchem	no																						0.030298	7482	70	0
LPCAT3	ENSG00000111684	1	2023	Duke	Metabolomics; Genetics	Not prioritized for experimental validation 	Tbio	yes	2736	0.07572720834884755	0.11110651071674657		0.557				0.47704765354903134	0.3	2			73	0.6575342465753424	0.2553	Transferase	false	false			0.038731	6084	91	6
LPIN1	ENSG00000134324	1	2018	Duke	Genetics; Metabolomics	not prioritized for experimental validation	Tbio	no																						0.056482	4054	128	0
LPP	ENSG00000145012	1	2018	MSSM - Zhang Lab	Genetics; RNA	not prioritized for experimental validation	Tbio	yes	5827	0.020760027008343142			1.23				0.8250830820017705	0.3	2			159	0.2389937106918239	0.5172		false	true			0.012109	12381	32	6
LRAT	ENSG00000121207	1	2023	ASU	RNA	Validation studies ongoing 	Tbio	yes	937	0.261976973178804							1.286783991286997	0.3	1			164	0.23170731707317074	0.7347	Transferase	false	true	0.0191	0.0015	0.048340	4877	105	5
LRPPRC	ENSG00000138095	1	2019	Chang Lab	Genetics; Protein		Tbio	yes	3846	0.047820302324841815			-1.095				0.7742786168229352	0.3	2			88	0.36363636363636365	0.2601	Unclassified protein	true	false			0.075636	2803	188	6
LRRC25	ENSG00000175489	1	2023	MSSM - Roussos Lab	Genetics; RNA	Validation studies ongoing 	Tbio	yes	362	0.3660740980364667	0.5678262167051465		0.282				0.5601965028962435	0.3	2			22	0.5909090909090909	0.7632		false	false	0.0057	0.0009	0.009887	13408	31	6
LRRC8D	ENSG00000171492	1	2020	ASU	Genetics; RNA; Protein	validation studies ongoing	Tbio	no																						0.010970	12897	33	0
LY86	ENSG00000112799	1	2022	IUSM-Purdue	RNA	not prioritized for experimental validation	Tbio	yes	5845	0.02068025126754362			0.09				1.6763543231158355	0.3	2			80	0.3625	0.7152		false	true			0.033371	6931	93	6
LYL1	ENSG00000104903	1	2018	Mayo-UFL-ISB	RNA	not prioritized for experimental validation	Tbio	no																						0.023389	8949	55	0
LYN	ENSG00000254087	1	2022	IUSM-Purdue	Genetics; RNA	validation studies ongoing	Tclin	yes	2524	0.08079675141203274			0.983				0.2991452353968306	1	3	1.5	2	500	0.252	0.612	Tyrosine protein kinase Src family	false	true			0.186870	537	430	7
MAF1	ENSG00000179632	1	2018	Columbia-Rush	Genetics; RNA; Protein; Clinical	not prioritized for experimental validation	Tbio	yes	1970	0.10005904980193876	0.12084068851480152		0.069				0.412747020459994	0.3	2			20	0.3	0.1789		false	false	0.0368	0.0021	0.045510	5188	121	6
MAML3	ENSG00000196782	1	2023	MSSM - Roussos Lab	RNA	Not prioritized for experimental validation 	Tbio	yes	1287	0.211362442852353	0.34545073341081234		-0.735				0.3655150019737253	0	0			25	0.44	0.4157		false	false	0.0644	0.0155	0.048844	4823	116	6
MANF	ENSG00000145050	1	2020	ASU	Genetics; RNA; Protein	validation studies ongoing	Tbio	yes	1603	0.12150323803548344	0.07942291489157216		-0.521				0.822098637252663	0.3	2			87	0.3218390804597701	0.2756		false	true	0.0159	0.0019	0.029241	7690	82	6
MAOB	ENSG00000069535	1	2023	MSSM - Zhang Lab	Protein	Not prioritized for experimental validation	Tclin	yes	1547	0.13316465045032147			0.133				0.5516490208595006	1	3	2	2	1066	0.35647279549718575	0.3334	Oxidoreductase	false	false	0.1429	0.0606	0.084068	2419	205	7
MAP1B	ENSG00000131711	1	2019	Chang Lab	Genetics; RNA; Protein		Tchem	yes	2369	0.08490891986448477	0.07923855773031557		1.568				0.11040681639535156	0.3	2			391	0.18925831202046037	0.415	Other cytosolic protein	false	true			0.071573	3049	186	6
MAP2	ENSG00000078018	1	2019	Chang Lab	Genetics; RNA; Protein		Tchem	yes	2157	0.09224271052878896			-0.519				0.1590881840591724	0.3	3			3397	0.27553723874006475	0.5807	Other cytosolic protein	false	true			0.059260	3843	166	6
MAP4	ENSG00000047849	1	2018	Emory	Protein	not prioritized for experimental validation	Tbio	yes	4722	0.0319707670570995			-1.908				0.5404901458348214	0.3	2			172	0.22674418604651161	0.2755	Unclassified protein	false	true			0.016635	10772	51	6
MAP7	ENSG00000135525	1	2018	Emory	Protein	not prioritized for experimental validation	Tbio	yes	1188	0.22752034099057805			0.303				0.6913868667664218	0.3	3			39	0.38461538461538464	0.5477	Structural protein	false	true	0.0139	0.0011	0.009635	13548	26	6
MAPK1	ENSG00000100030	1	2018	Emory	Protein	validation studies ongoing	Tchem	yes	2271	0.08765355411086337	0.03220887921046474		-1.186				0.42810322014899144	0.85	3			657	0.3318112633181126	0.2033	Protein Kinase	false	false			0.304136	147	667	6
MAPK9	ENSG00000050748	1	2018	MSSM - Zhang Lab	Genetics; RNA	not prioritized for experimental validation	Tchem	yes	3786	0.04900983224628925			-1.17				0.7130283553867786	0.85	3			119	0.3277310924369748	0.3879	CMGC protein kinase MAPK family	false	true			0.166420	715	340	6
MARK4	ENSG00000007047	1	2018	Duke	Genetics; Metabolomics	not prioritized for experimental validation	Tchem	yes	2999	0.0685654022184105			-0.562				0.342229112257557	0.3	2			163	0.3374233128834356	0.2915	Enzyme	false	true			0.017853	10397	41	6
MBD3	ENSG00000071655	1	2018	Mayo-UFL-ISB	Protein	not prioritized for experimental validation	Tbio	no																						0.059243	3846	149	0
MBP	ENSG00000197971	1	2023	Mayo-UFL-ISB	RNA; Protein	Not prioritized for experimental validation	Tbio	yes	1557	0.1298298720949378			-1.239				0.678767964753801	0.3	2			2219	0.270392068499324	0.6665		false	false	0.1378	0.0243	0.082830	2480	210	6
MDH1	ENSG00000014641	1	2018	MSSM - Zhang Lab	Genetics; RNA	not prioritized for experimental validation	Tchem	yes	2650	0.07764311985073898	0.09909574719677171		-1.998				0.5968559677114887	0.3	1			174	0.43103448275862066	0.2438	Oxidoreductase	false	false						6
MDH2	ENSG00000146701	1	2019	Chang Lab	Genetics; RNA; Protein		Tchem	yes	3947	0.04555785980755453	0.055624992587993		-1.405				1.0388090194033364	0.3	2			139	0.34532374100719426	0.2212	Oxidoreductase	false	false			0.136626	1058	329	6
MFF	ENSG00000168958	1	2018	Duke	Genetics; Metabolomics	not prioritized for experimental validation	Tbio	no																						0.033904	6847	90	0
MFNG	ENSG00000100060	1	2022	IUSM-Purdue	RNA	not prioritized for experimental validation	Tbio	no																						0.010091	13314	24	0
MGST3	ENSG00000143198	1	2018	Duke	Genetics; Metabolomics	not prioritized for experimental validation	Tbio	yes	5878	0.020368867814850256			-0.941				1.3072959698507924	0.3	2			44	0.36363636363636365	0.181	Enzyme	false	false			0.042862	5501	84	6
MITF	ENSG00000187098	1	2023	MSSM - Roussos Lab	RNA	Not prioritized for experimental validation 	Tchem	yes	5816	0.020828053259402995			1.284				0.4212691402226538	0.3	2			231	0.38095238095238093	0.5584	Transcription factor	false	false			0.058754	3880	151	6
MKNK1	ENSG00000079277	1	2023	MSSM - Roussos Lab	RNA	Not prioritized for experimental validation 	Tchem	yes	5913	0.020133192421185588			0.98				0.8256032697002105	0.85	2			44	0.18181818181818182	0.2933	CAMK protein kinase MAPKAPK family	false	false			0.017062	10635	36	6
MMP17	ENSG00000198598	1	2018	Duke	Genetics; Metabolomics	not prioritized for experimental validation	Tchem	no																						0.009224	13767	22	0
MNDA	ENSG00000163563	1	2023	MSSM - Roussos Lab	RNA	Not prioritized for experimental validation 	Tbio	no																						0.050339	4637	144	0
MOG	ENSG00000204655	1	2018	Mayo-UFL-ISB	RNA	not prioritized for experimental validation	Tbio	yes	1681	0.11570524884285452			-0.255				0.8106249762819451	0.3	1			978	0.28732106339468305	0.8482		false	true	0.0796	0.0102	0.050101	4664	138	6
MRPL1	ENSG00000169288	1	2018	Columbia-Rush	Protein; Clinical	not prioritized for experimental validation	Tbio	no																						0.239621	280	472	0
MRPL11	ENSG00000174547	1	2018	Columbia-Rush	Protein; Clinical	not prioritized for experimental validation	Tbio	no																						0.262113	230	531	0
MRPL12	ENSG00000262814	1	2018	Columbia-Rush	Protein; Clinical	not prioritized for experimental validation	Tbio	no																						0.218733	349	419	0
MRPL14	ENSG00000180992	1	2018	Columbia-Rush	Protein; Clinical	not prioritized for experimental validation	Tdark	no																						0.077962	2700	121	0
MRPL15	ENSG00000137547	1	2018	Columbia-Rush	Protein; Clinical	not prioritized for experimental validation	Tdark	yes	4649	0.032878111212063535			-1.116				1.2067532054898338	0.3	2			28	0.42857142857142855	0.2115		false	false			0.173247	651	357	6
MRPL16	ENSG00000166902	1	2018	Columbia-Rush	Protein; Clinical	not prioritized for experimental validation	Tdark	yes	729	0.2903173025319367			-0.752				1.1244667664351218	0.3	2			12	0.3333333333333333	0.1993		true	false	0.1159	0.0034	0.237311	284	458	6
MRPL17	ENSG00000158042	1	2018	Columbia-Rush	Protein; Clinical	not prioritized for experimental validation	Tdark	no																						0.245791	271	461	0
MRPL30	ENSG00000185414	1	2018	Columbia-Rush	Protein; Clinical	not prioritized for experimental validation	Tdark	no																						0.125034	1251	239	0
MRPL39	ENSG00000154719	1	2018	Columbia-Rush	Protein; Clinical	not prioritized for experimental validation	Tbio	no																						0.108310	1604	205	0
MRPL40	ENSG00000185608	1	2018	Columbia-Rush	Protein; Clinical	not prioritized for experimental validation	Tbio	no																						0.147440	898	281	0
MRPL43	ENSG00000055950	1	2018	Columbia-Rush	Protein; Clinical	not prioritized for experimental validation	Tbio	no																						0.182135	561	378	0
MRPL44	ENSG00000135900	1	2018	Columbia-Rush	Protein; Clinical	not prioritized for experimental validation	Tbio	no																						0.141129	992	277	0
MRPL46	ENSG00000259494	1	2018	Columbia-Rush	Protein; Clinical	not prioritized for experimental validation	Tdark	no																						0.170451	677	343	0
MRPL48	ENSG00000175581	1	2018	Columbia-Rush	Protein; Clinical	not prioritized for experimental validation	Tdark	no																						0.082059	2521	136	0
MRPL49	ENSG00000149792	1	2018	Columbia-Rush	Protein; Clinical	not prioritized for experimental validation	Tbio	no																						0.144473	942	267	0
MRPL50	ENSG00000136897	1	2018	Columbia-Rush	Protein; Clinical	not prioritized for experimental validation	Tdark	no																						0.086716	2311	142	0
MRPL53	ENSG00000204822	1	2018	Columbia-Rush	Protein; Clinical	not prioritized for experimental validation	Tdark	no																						0.080876	2586	135	0
MRPL57	ENSG00000173141	1	2018	Columbia-Rush	Protein; Clinical	not prioritized for experimental validation	Tdark	no																						0.073959	2894	114	0
MRPL58	ENSG00000167862	1	2018	Columbia-Rush	Protein; Clinical	not prioritized for experimental validation	Tbio	no																						0.200364	450	419	0
MRPS15	ENSG00000116898	1	2018	Columbia-Rush	Protein; Clinical	not prioritized for experimental validation	Tdark	yes	580	0.316049808432593			-1.516				1.1359821767164295	0.3	2			12	0.5	0.2865		false	false	0.14	0.0042	0.297167	157	579	6
MRPS16	ENSG00000182180	1	2018	Columbia-Rush	Protein; Clinical	not prioritized for experimental validation	Tbio	no																						0.236237	290	446	0
MRPS18B	ENSG00000204568	1	2018	Columbia-Rush	Protein; Clinical	not prioritized for experimental validation	Tbio	no																						0.088648	2229	154	0
MRPS2	ENSG00000122140	1	2018	Columbia-Rush	Protein; Clinical	not prioritized for experimental validation	Tbio	no																						0.253397	249	511	0
MRPS22	ENSG00000175110	1	2018	Columbia-Rush	Protein; Clinical	not prioritized for experimental validation	Tbio	no																						0.113886	1486	223	0
MRPS23	ENSG00000181610	1	2018	Columbia-Rush	Protein; Clinical	not prioritized for experimental validation	Tbio	no																						0.085197	2374	145	0
MS4A2	ENSG00000149534	1	2018	Duke	Genetics; Metabolomics	not prioritized for experimental validation	Tbio	yes	3598	0.053186859587315616	0.07825761747152392		0.364				1.2912501595997146	0.3	2			94	0.2553191489361702	0.7122		false	false			0.039243	5997	104	6
MS4A7	ENSG00000166927	1	2022	IUSM-Purdue	RNA	not prioritized for experimental validation	Tdark	no																						0.008310	14266	24	0
MT-ND3	ENSG00000198840	1	2020	ASU	Genetics; RNA; Protein	validation studies ongoing	Tclin	yes	5629	0.02225156745233966								1	2	0.5	1	108	0.39814814814814814	0.09			false			0.114452	1478	219	5
MT1G	ENSG00000125144	1	2023	MSSM - Zhang Lab	Protein	Not prioritized for experimental validation	Tbio	yes	5950	0.019943957730685677			1.09				1.5782873132758795	0.3	1			74	0.25675675675675674	0.6074		false	false			0.008345	14244	20	6
MTHFD1	ENSG00000100714	1	2023	Duke	Metabolomics; Genetics; RNA; Protein; Phenomics	Not prioritized for experimental validation 	Tchem	yes	4188	0.040393459009066504			-1.021				0.5129591722410276	0.3	2			53	0.18867924528301888	0.4115	Enzyme	false	false			0.054560	4248	132	6
MTMR10	ENSG00000166912	1	2019	Chang Lab	Genetics; RNA		Tdark	yes	247	0.39776254823838997			0.47				0.7939360011061999	0.3	1			20	0.15	0.3598		false	false	0.0058	0.0003	0.010214	13255	26	6
MTSS2	ENSG00000132613	1	2023	Emory	Genetics; Protein	Not prioritized for experimental validation	Tbio	yes	4425	0.03612670622190381	0.052965325061551535						0.5545428642526914	0.3	2			6	0.8333333333333334			false	true			0.005538	16138	18	4
MYO1D	ENSG00000176658	1	2019	Chang Lab	Genetics; RNA; Protein		Tbio	no																						0.008710	14052	24	0
MYO1E	ENSG00000157483	1	2023	MSSM - Roussos Lab	RNA	Not prioritized for experimental validation 	Tbio	no																						0.022641	9145	64	0
MYO1F	ENSG00000142347	1	2022	IUSM-Purdue	RNA	not prioritized for experimental validation	Tbio	yes	5397	0.02448610262785194			0.929				0.5074681867801413	0.3	2			21	0.38095238095238093	0.7126	Unclassified protein	false	false			0.039084	6023	111	6
MYRF	ENSG00000124920	1	2018	Mayo-UFL-ISB	RNA	not prioritized for experimental validation	Tbio	yes	5318	0.025261635398067757			0.99				0.192379903457783	0.3	1			83	0.5180722891566265	0.635		false	false			0.017864	10393	51	6
N4BP3	ENSG00000145911	1	2018	Duke	Genetics; Metabolomics	not prioritized for experimental validation	Tdark	no																						0.003194	17845	9	0
NBAS	ENSG00000151779	1	2020	ASU	Genetics; RNA; Protein	validation studies ongoing	Tbio	no																						0.040682	5798	107	0
NCKAP1L	ENSG00000123338	1	2022	IUSM-Purdue	RNA	not prioritized for experimental validation	Tbio	no																						0.059147	3849	157	0
NCKAP5	ENSG00000176771	1	2023	MSSM - Roussos Lab	RNA	Not prioritized for experimental validation 	Tbio	yes	1150	0.23484610153985	0.3824115586387532		1.067				0.6551388805893406	0.3	1			13	0.3076923076923077	0.7163		false	true	0.0013	0.0001	0.001433	19034	4	6
NDUFA11	ENSG00000174886	1	2019	Chang Lab	Genetics; Protein		Tclin	yes	1176	0.23030439836502517			-1.281				1.9440312799199437	1	3	0.5	1	50	0.46	0.1058		true	false	0.1406	0.0049	0.100763	1799	195	7
NDUFA13	ENSG00000186010	1	2019	Chang Lab	Genetics; RNA; Protein		Tclin	yes	5780	0.02110895048449231			-1.273				1.425412292799224	1	3	0.5	1	58	0.3448275862068966	0.1491	Oxidoreductase	false	false			0.142577	971	281	7
NDUFA9	ENSG00000139180	1	2018	Emory	Protein	not prioritized for experimental validation	Tclin	yes	67	0.5113914577940954			-1.111				0.7101550346909903	1	2	0.5	1	111	0.3153153153153153	0.23		false	false	0.175	0.0077	0.143613	957	295	7
NDUFS6	ENSG00000145494	1	2023	MSSM - Zhang Lab	Protein	Not prioritized for experimental validation	Tclin	yes	547	0.32264463500675145			-0.967				1.660885342906406	1	3	0.5	1	56	0.42857142857142855	0.15	Oxidoreductase	false	false	0.1567	0.0057	0.130092	1166	253	7
NDUFS7	ENSG00000115286	1	2018	Emory	Protein	not prioritized for experimental validation	Tclin	yes	5468	0.023744203469104417			-1.55				0.5862025042299037	1	3	0.5	1	87	0.2988505747126437	0.1852	Oxidoreductase	false	false			0.127119	1220	245	7
NECTIN2	ENSG00000130202	1	2020	Duke BARU	Genetics		Tbio	yes	219	0.4175167979576705	0.6443240096454668						0.5727983359232258	0.3	2			133	0.5488721804511278	0.2452		false	true	0.0449	0.0148	0.045737	5164	110	5
NEDD9	ENSG00000111859	1	2023	MSSM - Roussos Lab	RNA	Not prioritized for experimental validation 	Tbio	yes	4513	0.034681267761605246			0.925				0.47091561586436836	0.3	2			75	0.10666666666666667	0.477		false	true			0.036791	6410	95	6
NEFL	ENSG00000277586	1	2018	MSSM - Zhang Lab	Genetics; RNA	not prioritized for experimental validation	Tbio	yes	1514	0.1412663075015699			-1.564				0.921118458173338	0.3	1			701	0.41797432239657634	0.7725		false	true	0.156	0.0585	0.081107	2572	210	6
NEK7	ENSG00000151414	1	2026	IUSM-Purdue	RNA; Protein	validation studies ongoing	Tchem	yes	2550	0.07990352857568375			1.364				0.598837948599865	0.3	2			81	0.5802469135802469	0.2769	Protein Kinase	false	false			0.030347	7471	88	6
NEUROD6	ENSG00000164600	1	2018	Mayo-UFL-ISB	RNA	not prioritized for experimental validation	Tbio	yes	2653	0.07754774776189216			-1.462				0.43560277215864446	0.3	1			79	0.4050632911392405	0.9156		false	false			0.019139	10039	60	6
NFKBIA	ENSG00000100906	1	2018	Mayo-UFL-ISB	RNA	not prioritized for experimental validation	Tchem	yes	2193	0.09063636588422597			1.449				0.4669666923360485	0.3	3			259	0.3552123552123552	0.2213	Other cytosolic protein	false	false			0.246434	266	623	6
NFKBIZ	ENSG00000144802	1	2018	Mayo-UFL-ISB	RNA	not prioritized for experimental validation	Tbio	no																						0.032773	7040	86	0
NFS1	ENSG00000244005	1	2018	Columbia-Rush	Protein; Clinical	not prioritized for experimental validation	Tbio	no																						0.061750	3662	154	0
NGFR	ENSG00000064300	1	2021	Longo Lab	Genetics; RNA; Protein		Tclin	yes	1554	0.1305984546453306			-0.281				0.9422556819659923	0.3	3			304	0.23684210526315788	0.5831	Membrane receptor	false	true	0.162	0.0475	0.117556	1419	271	6
NHSL1	ENSG00000135540	1	2018	MSSM - Zhang Lab	Genetics; RNA	not prioritized for experimental validation	Tdark	no																						0.003905	17345	10	0
NIPSNAP2	ENSG00000146729	1	2018	Duke	Genetics; Metabolomics	not prioritized for experimental validation	Tbio	no																						0.036674	6432	114	0
NKAIN2	ENSG00000188580	1	2023	ASU	RNA	Validation studies ongoing 	Tbio	no																						0.003961	17295	10	0
NLK	ENSG00000087095	1	2023	MSSM - Roussos Lab	RNA	Not prioritized for experimental validation 	Tchem	yes	2217	0.08987088818205896			-0.803				0.30834846992113224	0.3	2			69	0.3188405797101449	0.3893	Protein Kinase	false	false			0.021342	9455	53	6
NLRP3	ENSG00000162711	1	2026	IUSM-Purdue	RNA; Protein	validation studies ongoing		yes	1623	0.11921177381364367			-0.875				0.6687615325105105	0	0			3402	0.5487948265726044	0.7649	Unclassified protein	false	true	0.2214	0.0189	0.120645	1348	298	6
NMNAT2	ENSG00000157064	1	2018	MSSM - Zhang Lab	Genetics; RNA	not prioritized for experimental validation	Tbio	yes	3329	0.059583305739154005			-2.204				0.43775795395686307	0.3	1			96	0.34375	0.7158		false	false			0.033028	6993	63	6
NPC1	ENSG00000141458	1	2023	MSSM - Roussos Lab	RNA	Not prioritized for experimental validation 	Tchem	yes	1795	0.1095025952559785			0.316				0.7249175106716556	0.3	3			519	0.2524084778420039	0.3086	Transporter	false	false	0.0601	0.0101	0.039953	5900	105	6
NPM3	ENSG00000107833	1	2018	Columbia-Rush	Genetics; RNA; Protein; Clinical	not prioritized for experimental validation	Tbio	no																						0.010171	13276	29	0
NQO2	ENSG00000124588	1	2026	IUSM-Purdue	Genetics; RNA; Protein	validation studies ongoing	Tchem	yes	3121	0.06536125113992326			-1.226				1.2119131614592822	0.3	2			74	0.36486486486486486	0.4151	Oxidoreductase	false	false			0.008363	14235	26	6
NR1H2	ENSG00000131408	1	2018	Duke	Genetics; Metabolomics	validation studies planned	Tchem	yes	69	0.5087908967606237			-0.66				0.8623819418080398	0.85	2			99	0.32323232323232326	0.1783	Transcription factor	false	false	0.055	0.0072	0.037866	6238	91	6
NR1H3	ENSG00000025434	1	2018	Duke	Genetics; Metabolomics	validation studies planned	Tchem	yes	2093	0.09485595877376822	0.0879370705002923		-0.197				0.580062826890792	0.85	2			152	0.2894736842105263	0.3754	Transcription factor	false	false			0.057103	4001	138	6
NR1H4	ENSG00000012504	1	2018	Duke	Genetics; Metabolomics	validation studies planned	Tclin	yes	5904	0.02021793841157452			0.294				0.5568290127170148	1	2			61	0.3114754098360656	0.8977	Transcription factor	false	false			0.091807	2113	234	6
NR3C1	ENSG00000113580	1	2018	Mayo-UFL-ISB	RNA	not prioritized for experimental validation	Tclin	yes	272	0.38520737492022405			0.985				0.29560781190285434	1	3	3	3	972	0.2767489711934156	0.3304	Nuclear hormone receptor subfamily 3	false	false	0.2472	0.0232	0.157931	790	403	7
NR5A2	ENSG00000116833	1	2018	Duke	Genetics; Metabolomics	not prioritized for experimental validation	Tchem	yes	3888	0.04680695488913967			-1.445				0.5757687371704935	0.3	2			40	0.25	0.796	Transcription factor	false	false			0.053440	4332	139	6
NRG1	ENSG00000157168	1	2018	Mayo-UFL-ISB	RNA	not prioritized for experimental validation	Tbio	yes	1715	0.11386101244430397			-1.249				0.4180697239992301	0.3	1			565	0.22123893805309736	0.6736		false	true	0.1223	0.0371	0.063878	3515	172	6
NSF	ENSG00000073969	1	2019	Chang Lab	Genetics; RNA; Protein		Tbio	yes	5004	0.02822979077222417			1.369				0.4352825397671756	0.3	2			1880	0.2398936170212766	0.3955	Vesicle fusion pores	true	false			0.108278	1607	256	6
NTRK2	ENSG00000148053	1	2023	Longo Lab	RNA; Protein; Phenomics; Genetics	Validation studies planned	Tclin	yes	1581	0.1244035752209644	0.0804501641183921		0.894				0.21880834532009488	1	4			324	0.3611111111111111	0.5404	Kinase	false	true	0.2625	0.068	0.138335	1033	344	6
NUAK2	ENSG00000163545	1	2018	Duke	Genetics; Metabolomics	not prioritized for experimental validation	Tchem	yes	461	0.3404797548023816							0.9751791097340234	0.3	2			14	0.35714285714285715	0.6269	CAMK protein kinase CAMK1 family	false	false	0.0107	0.0006	0.006566	15351	21	5
NUMA1	ENSG00000137497	1	2023	MSSM - Zhang Lab	Protein	Not prioritized for experimental validation	Tbio	no																						0.066007	3366	175	0
NUPR1	ENSG00000176046	1	2018	Columbia-Rush	Genetics; RNA; Protein; Clinical	not prioritized for experimental validation	Tbio	yes	5270	0.02580240983293191			0.696				1.96901228580757	0	0			82	0.3780487804878049	0.3268		false	false			0.022001	9301	61	6
NXPH2	ENSG00000144227	1	2023	Emory	Protein	Not prioritized for experimental validation	Tdark	no																						0.008226	14322	26	0
NYAP1	ENSG00000166924	1	2018	Duke	Genetics; Metabolomics	not prioritized for experimental validation	Tdark	no																						0.005938	15865	19	0
OPALIN	ENSG00000197430	1	2018	Mayo-UFL-ISB	RNA	not prioritized for experimental validation	Tdark	no																						0.024369	8727	73	0
OR2B2	ENSG00000168131	1	2023	ASU	RNA	Validation studies ongoing 	Tdark	no																						0.006368	15506	15	0
OSBPL3	ENSG00000070882	1	2023	MSSM - Roussos Lab	RNA	Not prioritized for experimental validation 	Tbio	no																						0.012636	12167	39	0
OXR1	ENSG00000164830	1	2018	MSSM - Zhang Lab	Genetics; RNA	not prioritized for experimental validation	Tbio	yes	3165	0.06422309681946897			-0.743				0.5086242077633127	0.3	1			94	0.46808510638297873	0.2735	Unclassified protein	false	false			0.004824	16680	13	6
P2RY12	ENSG00000169313	1	2018	Mayo-UFL-ISB	RNA	not prioritized for experimental validation	Tclin	yes	2175	0.09148640949593995			-0.569				1.7352764860835943	1	3	2	1	787	0.5438373570520966	0.7121	Nucleotide-like receptor (family A GPCR)	false	true			0.068431	3231	180	7
P2RY13	ENSG00000181631	1	2018	Mayo-UFL-ISB	RNA	not prioritized for experimental validation	Tchem	no																						0.026909	8184	75	0
PACSIN1	ENSG00000124507	1	2018	Emory	Protein	not prioritized for experimental validation	Tbio	no																						0.024168	8769	65	0
PALLD	ENSG00000129116	1	2023	MSSM - Zhang Lab	Protein	Not prioritized for experimental validation	Tbio	no																						0.024246	8755	66	0
PAPOLA	ENSG00000090060	1	2019	Chang Lab	Genetics; RNA		Tbio	yes	211	0.42388038811202905			1.243				0.22950561753569867	0.3	1			35	0.17142857142857143	0.1511		false	false	0.026	0.002	0.072411	2998	164	6
PAQR9	ENSG00000188582	1	2023	Duke	Metabolomics; Genetics	Not prioritized for experimental validation 	Tdark	no																						0.005839	15934	17	0
PARP8	ENSG00000151883	1	2023	MSSM - Roussos Lab	RNA	Not prioritized for experimental validation 	Tbio	yes	1074	0.24447829613801622	0.40048162234158413		-0.766				0.5189485072202598	0.3	2			9	0.4444444444444444	0.4539	Transferase	false	false	0.0415	0.0017	0.094032	2041	229	6
PARP9	ENSG00000138496	1	2018	MSSM - Zhang Lab	Genetics; RNA	not prioritized for experimental validation	Tbio	no																						0.055426	4161	128	0
PAX6	ENSG00000007372	1	2018	Duke	Genetics; Metabolomics	not prioritized for experimental validation	Tbio	yes	1670	0.11599935878368715	0.15379505413287614		0.609				0.21675295728338528	0.3	1			646	0.30495356037151705	0.9005		false	false	0.1472	0.0135	0.157834	792	412	6
PCDHA6	ENSG00000081842	1	2023	MSSM - Zhang Lab	Protein	Not prioritized for experimental validation	Tdark	no																						0.002851	18127	5	0
PCED1B	ENSG00000179715	1	2023	ASU	RNA	Validation studies ongoing 	Tdark	no																						0.000415	19414	1	0
PCLO	ENSG00000186472	1	2023	MSSM - Roussos Lab	RNA	Not prioritized for experimental validation 	Tbio	no																						0.022421	9206	58	0
PCM1	ENSG00000078674	1	2023	Duke	Metabolomics; Genetics; RNA; Protein; Phenomics	Not prioritized for experimental validation 	Tbio	no																						0.048746	4833	124	0
PCSK9	ENSG00000169174	1	2023	Duke	Metabolomics; Genetics	Not prioritized for experimental validation 	Tclin	yes	1692	0.11510570806939831			0.079				1.1441346736692857	1	4			613	0.4632952691680261	0.8691	Serine protease S8A subfamily	false	true	0.1109	0.015	0.061136	3707	156	6
PDCD1	ENSG00000188389	1	2018	Mayo-UFL-ISB	RNA	validation studies completed	Tclin	yes	1918	0.10226168735416356			-0.142				0.7191506693283767	1	4			379	0.49604221635883905	0.8196	Surface antigen	false	true	0.1592	0.0118	0.130025	1169	324	6
PDE10A	ENSG00000112541	1	2023	Duke	Metabolomics; Genetics	Not prioritized for experimental validation 	Tclin	yes	1316	0.20588401541573167	0.31292303163085006		0.53				0.5212702848294506	1	2			114	0.38596491228070173	0.6369	Phosphodiesterase 10	false	false	0.0323	0.0031	0.049300	4782	105	6
PDE1A	ENSG00000115252	1	2023	ASU	RNA	Validation studies ongoing 	Tclin	no																						0.050007	4679	98	0
PFKP	ENSG00000067057	1	2019	Chang Lab	Genetics; RNA; Protein		Tbio	yes	262	0.38808193886322423	0.33516749731708834		-0.853				1.2637215205651429	0.3	2			103	0.4077669902912621	0.2642	Enzyme	false	false	0.0526	0.0029	0.072558	2984	180	6
PGM2L1	ENSG00000165434	1	2018	MSSM - Zhang Lab	Genetics; RNA	not prioritized for experimental validation	Tbio	yes	3238	0.062487183859776946	0.0982398375281065		-1.54				0.6322439627771891	0.3	1			16	0.25	0.539		false	false			0.033425	6928	83	6
PGM5	ENSG00000154330	1	2020	ASU	Genetics; RNA; Protein	validation studies ongoing	Tbio	no																						0.038527	6123	95	0
PHF24	ENSG00000122733	1	2018	Emory	Protein	not prioritized for experimental validation	Tdark	no																						0.003175	17863	11	0
PHGDH	ENSG00000092621	1	2018	Columbia-Rush	Protein; Clinical	not prioritized for experimental validation	Tchem	yes	2575	0.07919107153154716			0.094				1.2031115133676578	0.3	3			132	0.38636363636363635	0.3286	Oxidoreductase	false	true			0.110153	1562	313	6
PHYHD1	ENSG00000175287	1	2023	Duke	Metabolomics; Genetics; RNA; Protein; Phenomics	Not prioritized for experimental validation 	Tbio	yes	4384	0.03672679915331765			1.013				1.2460702727214943	0.3	1			26	0.3076923076923077	0.2486		false	false			0.000794	19325	3	6
PIK3AP1	ENSG00000155629	1	2022	IUSM-Purdue	RNA	not prioritized for experimental validation	Tbio	no																						0.018991	10073	49	0
PIK3C2A	ENSG00000011405	1	2026	IUSM-Purdue	Unknown	validation studies ongoing	Tchem	yes	490	0.3334450460071556			1.514				0.5615219119936082	0.3	3			53	0.33962264150943394	0.2052	Transferase	false	true	0.116	0.0095	0.088596	2233	207	6
PIK3CA	ENSG00000121879	1	2018	Duke	Genetics; Metabolomics	not prioritized for experimental validation	Tclin	yes	3032	0.067677854169797			-0.449				0.2694577141767922	1	3			378	0.42328042328042326	0.2867	Transferase	true	false			0.290790	171	663	6
PIK3CB	ENSG00000051382	1	2018	Duke	Genetics; Metabolomics	not prioritized for experimental validation	Tchem	yes	99	0.4811557469962654			1.702				0.3724354849450982	0.85	3			102	0.39215686274509803	0.2864	Transferase	false	false	0.2227	0.0183	0.171198	666	347	6
PKD2L1	ENSG00000107593	1	2023	Duke	Metabolomics; Genetics	Not prioritized for experimental validation 	Tchem	no																						0.029115	7720	80	0
PLAT	ENSG00000104368	1	2023	MSSM - Roussos Lab	RNA	Not prioritized for experimental validation 	Tclin	yes	2096	0.09476886162058612			0.21				0.8155647182271304	1	4			674	0.22255192878338279	0.3206	Protease	false	true			0.086096	2332	219	6
PLCD1	ENSG00000187091	1	2020	MSSM - Zhang Lab	Genetics; Protein	not prioritized for experimental validation	Tchem	yes	1590	0.12304462852177492	0.19453785523571876		0.677				0.9902500050148954	0.3	2			43	0.16279069767441862	0.3443	Hydrolase	false	false	0.0625	0.0042	0.059273	3841	121	6
PLD4	ENSG00000166428	1	2018	Mayo-UFL-ISB	RNA	not prioritized for experimental validation	Tbio	no																						0.040735	5787	79	0
PLEK	ENSG00000115956	1	2022	IUSM-Purdue	RNA	not prioritized for experimental validation	Tbio	no																						0.171493	661	453	0
PLEKHA1	ENSG00000107679	1	2020	Emory	Genetics; Protein	validation studies planned	Tbio	yes	3975	0.04501203522924964			0.516				0.8696637346067584	0.3	2			52	0.5192307692307693	0.2894	Reader	false	true			0.007918	14528	20	6
PLEKHG1	ENSG00000120278	1	2023	MSSM - Roussos Lab	RNA	Not prioritized for experimental validation 	Tbio	no																						0.010267	13229	34	0
PLEKHH1	ENSG00000054690	1	2018	Duke	Genetics; Metabolomics	not prioritized for experimental validation	Tdark	no																						0.001840	18811	6	0
PLG	ENSG00000122194	1	2023	Duke	Metabolomics; Genetics; RNA; Protein; Phenomics	Not prioritized for experimental validation 	Tclin	yes	2122	0.09352528000384586			-0.737				0.5095054817970123	1	4			505	0.24752475247524752	0.98	Protease	false	true			0.158668	788	372	6
PLIN4	ENSG00000167676	1	2018	Mayo-UFL-ISB	RNA	not prioritized for experimental validation	Tbio	no																						0.013039	12006	37	0
PLLP	ENSG00000102934	1	2018	Mayo-UFL-ISB	RNA	not prioritized for experimental validation	Tbio	no																						0.010464	13130	29	0
PLP1	ENSG00000123560	1	2018	Mayo-UFL-ISB	RNA	not prioritized for experimental validation	Tbio	yes	2111	0.09413413731541687			1.151					0.3	1			469	0.44562899786780386	0.6801		false	true			0.046872	5049	132	5
PLPP4	ENSG00000203805	1	2023	ASU	RNA	Validation studies ongoing 	Tbio	no																						0.032569	7076	54	0
PLPPR4	ENSG00000117600	1	2018	MSSM - Zhang Lab	Genetics; RNA	not prioritized for experimental validation	Tbio	no																						0.005185	16401	17	0
PLXDC2	ENSG00000120594	1	2023	Emory	Genetics; Protein	Not prioritized for experimental validation	Tbio	yes	2728	0.07584242034663181			1.005				0.755638102217692	0.3	2			57	0.5263157894736842	0.4594		false	false			0.004987	16553	15	6
PLXNA1	ENSG00000114554	1	2018	Emory	Protein	not prioritized for experimental validation	Tbio	no																						0.055885	4121	134	0
PNMA2	ENSG00000240694	1	2018	MSSM - Zhang Lab	Genetics; RNA	not prioritized for experimental validation	Tbio	no																						0.020312	9738	54	0
PNPLA3	ENSG00000100344	1	2023	Duke	Metabolomics; Genetics	Not prioritized for experimental validation 	Tbio	no																						0.047648	4967	105	0
POLR2G	ENSG00000168002	1	2023	Duke	Metabolomics; Genetics; RNA; Protein; Phenomics	Not prioritized for experimental validation 	Tbio	no																						0.198378	455	390	0
PPARA	ENSG00000186951	1	2018	Duke	Genetics; Metabolomics	validation studies planned	Tclin	yes	1885	0.10410057241069588			1.358				0.744399409749531	1	2			337	0.34124629080118696	0.3702	Nuclear hormone receptor subfamily 1 group C member 1	false	false	0.2898	0.0292	0.195025	477	478	6
PPARG	ENSG00000132170	1	2023	MSSM - Roussos Lab	RNA	Not prioritized for experimental validation 	Tclin	yes	218	0.41795442298042057			-1.525				0.6501887613256534	1	2	3	17	590	0.3644067796610169	0.6124	Nuclear receptor	false	false	0.5322	0.0601	0.327639	122	814	7
PPP1CC	ENSG00000186298	1	2019	Chang Lab	Genetics; RNA		Tchem	no																						0.185343	547	417	0
PPP1R18	ENSG00000146112	1	2019	Chang Lab	Genetics; RNA		Tbio	no																						0.006375	15502	18	0
PPP1R7	ENSG00000115685	1	2018	Emory	Protein	not prioritized for experimental validation	Tbio	no																						0.031829	7207	80	0
PPP3CA	ENSG00000138814	1	2018	MSSM - Zhang Lab	Genetics; RNA	not prioritized for experimental validation	Tchem	yes	4056	0.043076441351049446			-1.48				0.32896224784249406	1	4			171	0.25146198830409355	0.3877	Enzyme	false	true			0.090299	2160	206	6
PREPL	ENSG00000138078	1	2018	MSSM - Zhang Lab	Genetics; RNA	validation studies ongoing	Tbio	yes	4432	0.03602864612554428			-1.178				1.3181200465942955	0.3	1			98	0.14285714285714285	0.3382	Enzyme	false	false			0.012418	12245	37	6
PRKAR2B	ENSG00000005249	1	2018	Emory	Protein	not prioritized for experimental validation	Tchem	yes	3723	0.05018312945104313			-0.205				0.43860833070485616	0.3	2			57	0.2631578947368421	0.4257	Enzyme	false	true			0.051498	4506	131	6
PRKCA	ENSG00000154229	1	2023	MSSM - Roussos Lab	RNA	Not prioritized for experimental validation 	Tchem	yes	2106	0.09451555382669666			-0.803				0.4281077544801185	1	3			253	0.2924901185770751	0.3974	Protein Kinase	false	true			0.200447	449	458	6
PRPF31	ENSG00000105618	1	2020	ASU	Genetics; RNA; Protein	validation studies ongoing	Tbio	no																						0.131428	1141	250	0
PSAP	ENSG00000197746	1	2018	Mayo-UFL-ISB	RNA	not prioritized for experimental validation	Tbio	yes	32	0.558857918205042			-0.664				0.5288604983684365	0.3	3			272	0.4264705882352941	0.1014	Unclassified protein	false	true	0.0641	0.0071	0.049763	4710	132	6
PSAT1	ENSG00000135069	1	2023	MSSM - Zhang Lab	Protein	Not prioritized for experimental validation	Tbio	no																						0.067800	3266	190	0
PSMC3	ENSG00000165916	1	2025	Emory-Sage-SGC	Genetics; RNA; Protein	Validation studies ongoing	Tbio	yes	2075	0.09550886772076417	0.12646390454898251		-1.019				0.35034617942211954	1	3			85	0.4117647058823529	0.1045	Enzyme	true	false			0.142574	972	369	6
PSME1	ENSG00000092010	1	2023	MSSM - Zhang Lab	Protein	Not prioritized for experimental validation	Tbio	yes	5965	0.019798412719136457			-0.712				0.6009446148734356	0.3	1			76	0.39473684210526316	0.2352	Unclassified protein	false	false			0.085132	2375	234	6
PSPH	ENSG00000146733	1	2018	Duke	Genetics; Metabolomics	not prioritized for experimental validation	Tbio	no																						0.048608	4851	121	0
PTK2B	ENSG00000120899	1	2022	IUSM-Purdue	Genetics; RNA	validation studies ongoing	Tclin	yes	195	0.4378117054781248	0.6812178960309845		-1.305				0.6051744812854586	0.85	3			581	0.3080895008605852	0.4156	Protein Kinase	false	false	0.1596	0.0813	0.110181	1561	264	6
PTPRG	ENSG00000144724	1	2023	MSSM - Roussos Lab	RNA	Not prioritized for experimental validation 	Tchem	yes	1986	0.09911731657201402			0.632				0.7275443639206873	0.3	3			80	0.4375	0.406	Phosphatase	false	true	0.0107	0.0008	0.017583	10489	50	6
PTPRR	ENSG00000153233	1	2018	MSSM - Zhang Lab	Genetics; RNA	not prioritized for experimental validation	Tbio	yes	3843	0.047860868091749845			-1.177				0.6451196865914061	0.3	2			20	0.3	0.8469	Phosphatase	false	true			0.013024	12012	26	6
PTPRZ1	ENSG00000106278	1	2019	Chang Lab	Genetics; RNA		Tchem	yes	4405	0.03639481458946586			1.007				0.4601338077756214	0.3	3			71	0.4647887323943662	0.636	Hydrolase	false	true			0.041602	5660	113	6
PTTG1IP	ENSG00000183255	1	2018	MSSM - Zhang Lab	Genetics; RNA	not prioritized for experimental validation	Tbio	no																						0.010837	12957	30	0
PYCARD	ENSG00000103490	1	2025	IUSM-Purdue	RNA	Validation studies ongoing	Tbio	yes	2293	0.08707374227957113			0.611				1.6943652916804948	0.3	2			177	0.4463276836158192	0.4413	Unclassified protein	false	false			0.060406	3746	140	6
PYGL	ENSG00000100504	1	2023	Duke	Metabolomics; Genetics; RNA; Protein; Phenomics	Not prioritized for experimental validation 	Tchem	no																						0.076476	2768	189	0
QKI	ENSG00000112531	1	2023	MSSM - Zhang Lab	Protein	Not prioritized for experimental validation	Tbio	yes	1192	0.2268109009433534	0.32471594732939607		1.711				0.43448148614168536	0.3	1			99	0.31313131313131315	0.3873		false	false	0.0381	0.0026	0.070639	3100	174	6
QPCT	ENSG00000115828	1	2023	Emory	Genetics; Protein	Not prioritized for experimental validation	Tchem	yes	237	0.4065471089443651	0.039418076726192165		-0.213				1.3027955235171238	0.3	3			231	0.27705627705627706	0.6402	Aminoacyltransferase	false	true	0.012	0.0194	0.009250	13746	30	6
RAB21	ENSG00000080371	1	2018	Duke	Genetics; Metabolomics	not prioritized for experimental validation	Tbio	yes	4014	0.044117670911983244			0.735				0.6236753421253078	0.3	2			41	0.2926829268292683	0.2743		false	false			0.021563	9400	60	6
RAB3IL1	ENSG00000167994	1	2023	Duke	Metabolomics; Genetics	Not prioritized for experimental validation 	Tbio	no																						0.022151	9269	62	0
RABEP2	ENSG00000177548	1	2018	Columbia-Rush	Genetics; RNA; Protein; Clinical	not prioritized for experimental validation	Tbio	no																						0.012580	12183	35	0
RANBP2	ENSG00000153201	1	2023	MSSM - Zhang Lab	Protein	Not prioritized for experimental validation	Tbio	no																						0.191031	510	458	0
RAPGEF2	ENSG00000109756	1	2020	ASU	Genetics; RNA; Protein	validation studies ongoing	Tbio	yes	2094	0.09485582237648145	0.07397890254468037		0.631				0.36280839651940655	0.3	2			34	0.2647058823529412	0.2368		false	true			0.024145	8774	51	6
RAPSN	ENSG00000165917	1	2023	ASU	RNA	Validation studies ongoing 	Tbio	yes	4583	0.033699134163860854	0.05328703288267605		-0.026				0.9663463540159074	0.3	2			42	0.38095238095238093	0.9102	Unclassified protein	false	false			0.024575	8689	57	6
RDX	ENSG00000137710	1	2023	MSSM - Zhang Lab	Protein	Not prioritized for experimental validation	Tbio	yes	5299	0.025475364609234975			0.928				0.5133933347969308	0.3	2			73	0.3150684931506849	0.3747	Structural protein	false	false			0.093710	2055	226	6
REST	ENSG00000084093	1	2018	Harvard-MIT	RNA		Tbio	yes	1888	0.10383585762140493			1.63				0.15599728173189278	0.3	1			15984	0.2849099099099099	0.3453		false	false	0.0803	0.0073	0.068016	3254	172	6
RET	ENSG00000165731	1	2018	Duke	Genetics; Metabolomics	not prioritized for experimental validation	Tclin	yes	1722	0.11350009175881821	0.1535735646437737		0.682				0.2356662003104965	1	4			778	0.24293059125964012	0.6519	TK protein kinase group	false	true	0.1119	0.0099	0.109610	1574	269	6
RGPD5	ENSG00000015568	1	2023	MSSM - Zhang Lab	Protein	Not prioritized for experimental validation	Tdark	no																						0.021791	9341	60	0
RHBDF2	ENSG00000129667	1	2022	IUSM-Purdue	RNA	not prioritized for experimental validation	Tbio	yes	2060	0.09635295155229433			0.936				0.5232025781648342	0.3	2			98	0.29591836734693877	0.4321		false	true			0.009408	13655	25	6
RHPN2	ENSG00000131941	1	2023	Duke	Metabolomics; Genetics; RNA; Protein; Phenomics	Not prioritized for experimental validation 	Tbio	no																						0.009645	13543	28	0
RIMS2	ENSG00000176406	1	2018	MSSM - Zhang Lab	Genetics; RNA	not prioritized for experimental validation	Tbio	no																						0.027530	8059	71	0
RIN3	ENSG00000100599	1	2018	Mayo-UFL-ISB	RNA	not prioritized for experimental validation	Tbio	yes	405	0.3531776159429284	0.5416920014158233		-1.169				0.8872267486260443	0.3	1			289	0.3217993079584775	0.5477		false	false	0.0632	0.0311	0.026742	8215	70	6
RNASE6	ENSG00000169413	1	2022	IUSM-Purdue	RNA	not prioritized for experimental validation	Tbio	no																						0.012611	12172	38	0
ROBO1	ENSG00000169855	1	2018	Duke	Genetics; Metabolomics	not prioritized for experimental validation	Tbio	yes	1025	0.2516971765289876	0.4091521250706486		-0.45				0.8713422819481981	0.3	2			150	0.30666666666666664	0.3513		false	true	0.0443	0.0046	0.049464	4754	125	6
RPS6KA2	ENSG00000071242	1	2018	Columbia-Rush	Protein; Clinical	not prioritized for experimental validation	Tchem	no																						0.037955	6217	93	0
RRBP1	ENSG00000125844	1	2023	MSSM - Zhang Lab	Protein	Not prioritized for experimental validation	Tbio	yes	5920	0.020073614575385475			1.568				0.6752418607143146	0.3	2			58	0.22413793103448276	0.2754	Unclassified protein	false	false			0.036490	6458	103	6
RREB1	ENSG00000124782	1	2018	MSSM - Zhang Lab	Genetics; RNA	not prioritized for experimental validation	Tbio	yes	2359	0.08528395644289424			1.192				0.31613511671268624	0.3	1			37	0.16216216216216217	0.3747		false	false			0.016805	10716	52	6
RRM1	ENSG00000167325	1	2018	Duke	Genetics; Metabolomics	not prioritized for experimental validation	Tclin	no																						0.160735	768	398	0
RRM2B	ENSG00000048392	1	2018	Duke	Genetics; Metabolomics	not prioritized for experimental validation	Tbio	no																						0.064899	3444	144	0
RSPO2	ENSG00000147655	1	2023	Emory	Protein	Not prioritized for experimental validation	Tbio	yes	5981	0.019651846899019828			-0.986				0.7092638047051392	0.3	2			49	0.30612244897959184	0.7764		false	true			0.022206	9250	61	6
RTN1	ENSG00000139970	1	2019	Chang Lab	Genetics; RNA; Protein		Tbio	yes	4552	0.03414136036860377			-1.918				0.5333812982434941	0.3	2			97	0.25773195876288657	0.6195		false	false			0.024280	8747	66	6
RTN3	ENSG00000133318	1	2018	Emory	Protein	not prioritized for experimental validation	Tbio	yes	2107	0.0944633149630526			-2.252				0.7991341906970392	0.3	2			171	0.21637426900584794	0.3141	Unclassified protein	false	false			0.027999	7972	72	6
RTN4	ENSG00000115310	1	2018	Emory	Protein	not prioritized for experimental validation	Tbio	yes	2185	0.09090369773442672			0.696				0.47539957346228384	0.85	2			208	0.2692307692307692	0.181	Unclassified protein	false	true			0.044364	5316	112	6
RXRA	ENSG00000186350	1	2018	Duke	Genetics; Metabolomics	validation studies planned	Tclin	yes	1675	0.11585344351430826			-0.604				0.23624148492827216	1	2	2	3	175	0.2914285714285714	0.261	Transcription factor	false	false	0.1677	0.0141	0.144644	937	356	7
S100A11	ENSG00000163191	1	2020	MSSM - Zhang Lab	Genetics; Protein	not prioritized for experimental validation	Tbio	yes	3260	0.061704019595125344			0.446				1.4202073368712718	0.3	2			119	0.3025210084033613	0.3626	Unclassified protein	false	false			0.020947	9561	57	6
S100A4	ENSG00000196154	1	2018	Mayo-UFL-ISB	RNA	not prioritized for experimental validation	Tchem	yes	371	0.3630120071206642			-0.055				1.4592565282966137	0.3	3			202	0.3465346534653465	0.4214	Unclassified protein	false	true	0.0997	0.008	0.058825	3875	165	6
S100A6	ENSG00000197956	1	2019	Chang Lab	Genetics; Protein		Tbio	yes	3669	0.05124876051792268			-0.192				2.2402725187681662	0.3	2			197	0.350253807106599	0.2415	Unclassified protein	false	false			0.044172	5339	116	6
S100A8	ENSG00000143546	1	2018	Mayo-UFL-ISB	RNA	not prioritized for experimental validation	Tbio	yes	2822	0.07351458399826952			-0.454				1.1238222872060266	0.3	3			482	0.3921161825726141	0.6791	Unclassified protein	false	true			0.058960	3865	159	6
S100A9	ENSG00000163220	1	2018	Mayo-UFL-ISB	RNA	not prioritized for experimental validation	Tchem	yes	1759	0.11084084067326885			0.171				1.4805610171566455	0.3	3			497	0.3501006036217304	0.58	Unclassified protein	false	true	0.0946	0.0086	0.053010	4371	151	6
S1PR1	ENSG00000170989	1	2018	Duke	Genetics; Metabolomics	validation studies ongoing	Tclin	yes	1734	0.1124086415446578			1.12				0.34320569225533976	1	3	2	2	150	0.3933333333333333	0.3377	Small molecule receptor (family A GPCR)	false	true	0.0598	0.0044	0.054449	4257	150	7
SACK1E	ENSG00000105523	1	2023	ASU	RNA	Validation studies ongoing 	Tdark	no																									0
SAMD4A	ENSG00000020577	1	2023	Duke	Metabolomics; Genetics	Not prioritized for experimental validation 	Tbio	no																						0.009783	13466	27	0
SASH1	ENSG00000111961	1	2019	Chang Lab	Genetics; RNA		Tbio	yes	4657	0.03280730222643079			1.472				0.45191852225302803	0.3	1			40	0.25	0.3678		false	false			0.005418	16223	16	6
SCG3	ENSG00000104112	1	2018	Columbia-Rush	Genetics; RNA; Protein; Clinical	not prioritized for experimental validation	Tbio	yes	4692	0.03228939169467884			-0.597				0.8870153974390501	0.3	2			68	0.4264705882352941	0.749		false	true			0.012050	12407	30	6
SCML4	ENSG00000146285	1	2023	ASU	RNA	Validation studies ongoing 	Tdark	no																						0.003648	17536	13	0
SCN2A	ENSG00000136531	1	2018	MSSM - Zhang Lab	Genetics; RNA	validation studies ongoing	Tclin	yes	442	0.34470631844933364			-1.105				0.15404551952641599	1	3	3	5	197	0.28426395939086296	0.8486	Ion channel	false	true	0.1191	0.0246	0.082311	2510	203	7
SCN7A	ENSG00000136546	1	2018	Duke	Genetics; Metabolomics	not prioritized for experimental validation	Tclin	yes	467	0.33963362034816635			-0.349				1.0244804982560558	1	3	3	5	33	0.36363636363636365	0.692	Ion channel	false	true	0.0337	0.0045	0.025116	8566	60	7
SCN8A	ENSG00000196876	1	2018	MSSM - Zhang Lab	Genetics; RNA	not prioritized for experimental validation	Tclin	yes	307	0.3740886421096306			-1.561				0.22097217157402638	1	3	3	5	106	0.36792452830188677	0.77	Ion channel	false	true	0.0757	0.017	0.057938	3939	145	7
SCN9A	ENSG00000169432	1	2018	Duke	Genetics; Metabolomics	not prioritized for experimental validation	Tclin	yes	436	0.3459282550929885			-1.582				0.8098968817277862	1	3	3	5	104	0.2980769230769231	0.6908	Ion channel	false	true	0.0527	0.0075	0.049014	4810	125	7
SCRN2	ENSG00000141295	1	2023	Duke	Metabolomics; Genetics; RNA; Protein; Phenomics	Not prioritized for experimental validation 	Tdark	no																						0.008228	14321	22	0
SDHA	ENSG00000073578	1	2018	Emory	Protein	not prioritized for experimental validation	Tbio	no																						0.236847	286	569	0
SDR42E1	ENSG00000184860	1	2023	Duke	Metabolomics; Genetics	Not prioritized for experimental validation 	Tdark	yes	4911	0.029384391764928557	0.048335093205297504		-0.323					0.3	3			6	0.3333333333333333	0.7671		false	false			0.057598	3970	162	6
SDR9C7	ENSG00000170426	1	2018	Duke	Genetics; Metabolomics	not prioritized for experimental validation	Tbio	no																						0.015118	11303	40	0
SELENBP1	ENSG00000143416	1	2023	MSSM - Roussos Lab	RNA	Not prioritized for experimental validation 	Tbio	yes	4859	0.03009283266271364			0.344				1.4183642918880124	0.3	2			56	0.2857142857142857	0.3658		false	false			0.023120	9020	57	6
SEMA3F	ENSG00000001617	1	2018	Columbia-Rush	Genetics; RNA; Protein; Clinical	not prioritized for experimental validation	Tbio	yes	690	0.2969273666904404	0.45853112312482797		1.392				0.41293913925203773	0.3	1			81	0.3333333333333333	0.4633		false	true	0.0228	0.0028	0.022257	9238	58	6
SENP1	ENSG00000079387	1	2019	Chang Lab	Genetics; RNA		Tchem	yes	2451	0.08273769230057408			0.155				0.32531493581098675	0.3	2			64	0.296875	0.5352	Cysteine protease	false	false			0.043934	5365	118	6
SEPTIN10	ENSG00000186522	1	2019	Chang Lab	Genetics; RNA; Protein		Tbio	no																						0.011558	12616	20	0
SEPTIN11	ENSG00000138758	1	2018	Emory	Protein	not prioritized for experimental validation	Tbio	no																						0.017630	10473	36	0
SERPINA1	ENSG00000197249	1	2022	IUSM-Purdue	RNA	not prioritized for experimental validation	Tbio	yes	3007	0.06839442549407687			-0.776				1.1901133649798687	0.3	3			370	0.3162162162162162	0.7839		false	true			0.130342	1157	332	6
SERPINA3	ENSG00000196136	1	2018	Mayo-UFL-ISB	Protein	not prioritized for experimental validation	Tbio	yes	1907	0.10311094006445495			1.475				1.6068195826180438	0.3	3			369	0.3794037940379404	0.5774	Unclassified protein	false	true	0.0738	0.0291	0.050851	4573	136	6
SERPINI1	ENSG00000163536	1	2020	ASU	Genetics; RNA; Protein	validation studies ongoing	Tbio	yes	4414	0.03626027854122716			-1.241				0.6789007395751369	0.3	1			72	0.3472222222222222	0.5961		false	true			0.007341	14870	21	6
SGIP1	ENSG00000118473	1	2018	Emory	Protein	validation studies planned	Tbio	yes	5999	0.01949458829695845			-1.359				0.4632323161351731	0.3	2			49	0.2653061224489796	0.5164		false	false			0.046339	5103	104	6
SGK1	ENSG00000118515	1	2023	ASU	RNA	Validation studies ongoing 	Tchem	yes	1960	0.10043665382743529			0.51				0.5615635199037832	0.3	3			257	0.35797665369649806	0.3629	Protein Kinase	false	true	0.0912	0.0073	0.063040	3568	161	6
SGPL1	ENSG00000166224	1	2018	Duke	Genetics; Metabolomics	validation studies ongoing	Tchem	yes	3648	0.05167423130854376			-0.688				0.7060843205486794	0.3	3			58	0.2413793103448276	0.2976	Lyase	false	false			0.033046	6990	89	6
SGPP1	ENSG00000126821	1	2018	Duke	Genetics; Metabolomics	validation studies ongoing	Tbio	no																						0.030057	7524	51	0
SH3GLB2	ENSG00000148341	1	2018	Emory	Protein	not prioritized for experimental validation	Tbio	yes	709	0.29460164472541733			-1.256				0.70295375137668	0.3	1			20	0.2	0.1698		false	false	0.0185	0.0027	0.014264	11589	37	6
SIDT2	ENSG00000149577	1	2023	Duke	Metabolomics; Genetics	Not prioritized for experimental validation 	Tbio	no																						0.015768	11097	48	0
SIGLEC1	ENSG00000088827	1	2018	Mayo-UFL-ISB	RNA	not prioritized for experimental validation	Tbio	no																						0.064572	3468	182	0
SIGLEC14	ENSG00000254415	1	2018	Mayo-UFL-ISB	RNA	not prioritized for experimental validation	Tbio	yes	5446	0.02393110430865705							0.5317610717960792	0.3	2			18	0.2222222222222222	0.8124	Adhesion	false	true			0.008140	14380	23	5
SIGLEC8	ENSG00000105366	1	2018	Mayo-UFL-ISB	RNA	not prioritized for experimental validation	Tbio	yes	3542	0.05425718460695174			-0.671				1.0201989056956744	0.85	2			35	0.2857142857142857	0.7622	Unclassified protein	false	false			0.014062	11658	43	6
SIGLEC9	ENSG00000129450	1	2018	Mayo-UFL-ISB	RNA	not prioritized for experimental validation	Tbio	yes	5798	0.02099643494031903			-0.225				0.9424818881636343	0.3	2			30	0.5333333333333333	0.7721	Adhesion	false	false			0.022583	9168	63	6
SLA	ENSG00000155926	1	2022	IUSM-Purdue	RNA	not prioritized for experimental validation	Tbio	no																						0.017196	10603	50	0
SLC12A4	ENSG00000124067	1	2023	Duke	Metabolomics; Genetics; RNA; Protein; Phenomics	Not prioritized for experimental validation 	Tbio	yes	731	0.290141820526913			1.073				0.8452215014840497	0.3	3			24	0.2916666666666667	0.2826		false	true	0.0155	0.0013	0.013086	11991	38	6
SLC16A9	ENSG00000165449	1	2023	Duke	Metabolomics; Genetics	Not prioritized for experimental validation 	Tbio	no																						0.010192	13267	29	0
SLC19A4P	ENSG00000042304	1	2023	ASU	RNA	Validation studies ongoing 		no																									0
SLC1A2	ENSG00000110436	1	2019	Chang Lab	Genetics; RNA		Tchem	yes	1738	0.11190017892108615			1.407				0.47369671567368715	0.3	3			351	0.4017094017094017	0.762	SLC01 family of amino acid transporters	false	true	0.1158	0.0456	0.064273	3482	185	6
SLC1A5	ENSG00000105281	1	2022	IUSM-Purdue	RNA	not prioritized for experimental validation	Tbio	no																						0.064739	3457	192	0
SLC22A23	ENSG00000137266	1	2018	Columbia-Rush	Genetics; RNA; Protein; Clinical	not prioritized for experimental validation	Tbio	yes	805	0.27902568947542794	0.45760822760638087		-0.542				0.5914927218394744	0.3	2			11	0.5454545454545454	0.3339		false	false	0.0025	0.0002	0.005868	15913	20	6
SLC22A4	ENSG00000197208	1	2023	Duke	Metabolomics; Genetics	Not prioritized for experimental validation 	Tbio	no																						0.024192	8765	70	0
SLC24A4	ENSG00000140090	1	2023	ASU	RNA	Validation studies ongoing 	Tbio	yes	193	0.4388080588293513	0.7085597625892728		-0.232				0.8436875090830837	0.3	2			324	0.21604938271604937	0.7459	Unclassified protein	false	true	0.0524	0.0268	0.028902	7772	74	6
SLC25A19	ENSG00000125454	1	2020	ASU	Genetics; RNA; Protein	validation studies ongoing	Tbio	no																						0.028535	7850	83	0
SLC25A4	ENSG00000151729	1	2023	MSSM - Zhang Lab	Protein	Not prioritized for experimental validation	Tbio	yes	500	0.3317507873061027			-1.496				0.6873193412463583	0.3	2			89	0.4044943820224719	0.4445	SLC superfamily of solute carriers	false	false	0.0605	0.0172	0.077124	2740	183	6
SLC25A45	ENSG00000162241	1	2019	Chang Lab	Genetics; RNA		Tdark	no																						0.007330	14879	24	0
SLC2A5	ENSG00000142583	1	2022	IUSM-Purdue	RNA	validation studies planned	Tbio	no																						0.017169	10609	48	0
SLC2A8	ENSG00000136856	1	2018	Duke	Genetics; Metabolomics	not prioritized for experimental validation	Tbio	no																						0.025215	8549	82	0
SLC30A3	ENSG00000115194	1	2018	Emory	Protein	not prioritized for experimental validation	Tbio	yes	1957	0.10047802619016047			-1.158				0.8152194242529249	0.3	2			91	0.27472527472527475	0.8677		false	false	0.0178	0.001	0.020292	9744	55	6
SLC35C1	ENSG00000181830	1	2023	ASU	RNA	Validation studies ongoing 	Tbio	yes	292	0.3771671535440724	0.049497175605512166		0.497				0.6226830844093687	0.3	2			10	0.5	0.3839		false	false	0.0128	0.0005	0.025432	8501	68	6
SLC38A2	ENSG00000134294	1	2019	Chang Lab	Genetics; RNA		Tbio	yes	5117	0.027206781040725048			1.033				0.296037928844933	0.3	2			71	0.5774647887323944	0.31	Unclassified protein	false	true			0.020409	9712	55	6
SLC4A10	ENSG00000144290	1	2018	MSSM - Zhang Lab	Genetics; RNA	validation studies ongoing	Tbio	yes	5674	0.021940606891110232	0.03204008746085029		-0.158				0.3944215929449907	0.3	2			56	0.44642857142857145	0.8365		false	true			0.007204	14959	23	6
SLC5A3	ENSG00000198743	1	2019	Chang Lab	Genetics; RNA		Tbio	no																						0.009290	13721	26	0
SLC7A11	ENSG00000151012	1	2025	IUSM-Purdue	RNA	Validation studies ongoing	Tchem	yes	2198	0.090336869765046			1.026				0.8515285129438112	0.3	3			406	0.5960591133004927	0.6471	SLC superfamily of solute carriers	false	true			0.038552	6120	106	6
SLC7A7	ENSG00000155465	1	2022	IUSM-Purdue	RNA	not prioritized for experimental validation	Tbio	yes	4436	0.03599071285990372			0.459				1.0633727870329985	0.3	2			47	0.2765957446808511	0.6156		false	true			0.015914	11048	47	6
SLC8A2	ENSG00000118160	1	2018	Emory	Protein	not prioritized for experimental validation	Tbio	yes	4753	0.03143524841212061			-0.85				0.3119446989061262	0.3	2			34	0.38235294117647056	0.7858		false	true			0.016165	10954	43	6
SLC9A7	ENSG00000065923	1	2023	MSSM - Roussos Lab	RNA	Not prioritized for experimental validation 	Tbio	yes	5271	0.025800767729078654			-0.921					0.3	2			20	0.35	0.5715		false	true			0.012266	12308	35	5
SLCO1A2	ENSG00000084453	1	2018	Mayo-UFL-ISB	RNA	not prioritized for experimental validation	Tbio	yes	5694	0.021770970554713883			1.364				1.1902015778296584	0.3	1			69	0.3188405797101449	0.8314	Transporter	false	true			0.044714	5272	114	6
SLCO2B1	ENSG00000137491	1	2022	IUSM-Purdue	RNA	not prioritized for experimental validation	Tchem	no																						0.025326	8525	70	0
SLITRK4	ENSG00000179542	1	2018	MSSM - Zhang Lab	Genetics; RNA	not prioritized for experimental validation	Tdark	no																						0.002901	18079	9	0
SLMAP	ENSG00000163681	1	2023	Emory	Protein	Not prioritized for experimental validation	Tbio	yes	905	0.26597712399085177	0.4369042416993183		0.923				0.4393721586980739	0.3	2			386	0.21502590673575128	0.4139		false	true	0.0376	0.0028	0.031668	7225	69	6
SMAD3	ENSG00000166949	1	2023	Mayo	Genetics; RNA	validation studies ongoing	Tchem	yes	2129	0.09335874439282985			0.619				0.375342474252517	0.3	3			600	0.365	0.2644	Transcription factor	false	false			0.266545	220	611	6
SMAD4	ENSG00000141646	1	2018	Mayo-UFL-ISB	RNA	not prioritized for experimental validation	Tbio	yes	4196	0.04031570427377427			1.071				0.20798991549600815	0.3	2			420	0.3	0.2196	Unclassified protein	false	false			0.241423	277	585	6
SMARCA5	ENSG00000153147	1	2023	MSSM - Zhang Lab	Protein	Not prioritized for experimental validation	Tbio	yes	5660	0.022010007691791823			0.347				0.19011048121106594	0.3	2			37	0.3783783783783784	0.2512	Hydrolase	false	false			0.169997	682	389	6
SMC3	ENSG00000108055	1	2023	MSSM - Zhang Lab	Protein	Not prioritized for experimental validation	Tbio	no																						0.135522	1079	323	0
SMOC2	ENSG00000112562	1	2023	Emory	Protein	Not prioritized for experimental validation	Tbio	yes	1426	0.17468537289602548	0.27215072106213667		0.811				0.8301800128520851	0.3	1			59	0.5254237288135594	0.5582		false	true	0.0118	0.0014	0.012091	12388	38	6
SNAP25	ENSG00000132639	1	2018	MSSM - Zhang Lab	Genetics; RNA	not prioritized for experimental validation	Tclin	yes	1536	0.13644337993986044			-2.677				0.2698318889349513	1	4			1313	0.37242955064737243	0.7134	Other cytosolic protein	false	false	0.2091	0.0505	0.162973	749	391	6
SNCA	ENSG00000145335	1	2019	Chang Lab	Genetics; RNA		Tchem	yes	1637	0.11826345743485885			-2.065				0.7148795687998291	0.85	3			3110	0.31189710610932475	0.5487	Unclassified protein	false	true	0.3819	0.1031	0.223880	329	534	6
SNTB1	ENSG00000172164	1	2018	Emory	Protein	not prioritized for experimental validation	Tbio	no																						0.021407	9435	48	0
SNX27	ENSG00000143376	1	2023	MSSM - Roussos Lab	RNA	Not prioritized for experimental validation 	Tbio	yes	5390	0.02461749447653827			0.23				0.4388329051978053	0.3	2			100	0.25	0.228		false	false			0.050906	4564	125	6
SP1	ENSG00000185591	1	2018	Mayo-UFL-ISB	RNA	not prioritized for experimental validation	Tbio	yes	2413	0.0836645263299416			0.864				0.17867875839902878	0.3	1			1225	0.21306122448979592	0.224	Transcription factor	false	false			0.130144	1163	314	6
SP6	ENSG00000189120	1	2023	ASU	RNA	Validation studies ongoing 	Tbio	yes	5824	0.020769771866855764			-0.346				0.7236954451760788	0	0			320	0.140625	0.8166		false	false			0.014708	11438	43	6
SPATA22	ENSG00000141255	1	2020	ASU	Genetics; RNA; Protein	validation studies ongoing	Tbio	no																						0.013794	11748	41	0
SPATS1	ENSG00000249481	1	2023	ASU	RNA	Validation studies ongoing 	Tbio	no																						0.007514	14759	22	0
SPCS1	ENSG00000114902	1	2018	Columbia-Rush	Genetics; RNA; Protein; Clinical	not prioritized for experimental validation	Tbio	yes	4250	0.03925861080833106			-1.146				1.033862855360834	0.3	2			18	0.5	0.1571		false	false			0.053163	4352	154	6
SPG7	ENSG00000197912	1	2018	Columbia-Rush	Protein; Clinical	not prioritized for experimental validation	Tbio	yes	3166	0.06415289743332821			-0.096				1.4818272725036792	0.3	3			100	0.33	0.2243		false	false			0.112358	1522	280	6
SPI1	ENSG00000066336	1	2018	Mayo-UFL-ISB	RNA	not prioritized for experimental validation	Tbio	yes	216	0.4204941977127133	0.2669136177937882		0.493				0.25291358956215826	0.3	2			547	0.4954296160877514	0.6536		false	false	0.2078	0.0172	0.160243	773	416	6
SPTB	ENSG00000070182	1	2020	ASU	Genetics; RNA; Protein	validation studies ongoing	Tbio	no																						0.027820	8002	72	0
SPTLC1	ENSG00000090054	1	2023	Duke	Metabolomics; Genetics	Not prioritized for experimental validation 	Tchem	no																						0.056479	4055	133	0
SPTLC3	ENSG00000172296	1	2018	Duke	Genetics; Metabolomics	validation studies ongoing	Tbio	no																						0.039491	5959	84	0
SREBF1	ENSG00000072310	1	2018	Duke	Genetics; Metabolomics	not prioritized for experimental validation	Tchem	yes	286	0.37871467017950483			0.982				0.5762263600928709	0.3	3			225	0.35555555555555557	0.3384	Transcription factor	false	false	0.228	0.0203	0.156032	814	385	6
SREBF2	ENSG00000198911	1	2018	Duke	Genetics; Metabolomics	not prioritized for experimental validation	Tchem	yes	3285	0.06081669588195811			1.504				0.608762317084902	0.3	3			394	0.2918781725888325	0.2174	Transcription factor	false	false			0.083269	2457	199	6
SRR	ENSG00000167720	1	2018	Duke	Genetics; Metabolomics	not prioritized for experimental validation	Tbio	yes	671	0.29973992263869176			-1.379				0.851394185074775	0.3	2			117	0.3504273504273504	0.3221	Enzyme	false	false	0.0322	0.0143	0.022493	9186	53	6
SRSF2	ENSG00000161547	1	2018	Emory	Protein	validation studies ongoing	Tbio	no																						0.150484	866	355	0
ST18	ENSG00000147488	1	2023	ASU	RNA	Validation studies ongoing 	Tbio	yes	5583	0.022685531429280266	0.030399378026059		-1.298				0.5756183797224045	0	0			65	0.5384615384615384	0.8665		false	false			0.001027	19206	3	6
ST8SIA3	ENSG00000177511	1	2018	MSSM - Zhang Lab	Genetics; RNA	not prioritized for experimental validation	Tbio	yes	4467	0.03544652742173763			-1.177				0.7394531611734583	0.3	3			12	0.4166666666666667	0.8088		false	false			0.003996	17271	14	6
STARD10	ENSG00000214530	1	2019	Chang Lab	Genetics; RNA		Tbio	no																						0.008276	14289	23	0
STAU1	ENSG00000124214	1	2018	Columbia-Rush	Genetics; RNA; Protein; Clinical	not prioritized for experimental validation	Tbio	no																						0.088284	2245	227	0
STK10	ENSG00000072786	1	2022	IUSM-Purdue	RNA	not prioritized for experimental validation	Tchem	no																						0.014150	11629	48	0
STOM	ENSG00000148175	1	2023	Mayo-UFL-ISB	Genetics; RNA	Validation studies ongoing	Tbio	yes	3661	0.05136072101302382			0.884				1.1403834589395907	0.3	2			66	0.30303030303030304	0.217	Unclassified protein	false	false			0.053498	4325	168	6
STX1B	ENSG00000099365	1	2023	Emory	Genetics; Protein	Not prioritized for experimental validation	Tbio	yes	3086	0.06625184858755949			-0.259				0.33398130688668193	0.3	2			126	0.38095238095238093	0.6765		false	false			0.052366	4418	120	6
STXBP1	ENSG00000136854	1	2023	MSSM - Zhang Lab	Protein	Not prioritized for experimental validation	Tbio	yes	4685	0.03236952136359014			-1.403				0.09874119569009897	0.3	2			185	0.34054054054054056	0.4945	Unclassified protein	false	false			0.079911	2630	194	6
STXBP3	ENSG00000116266	1	2023	Emory	Genetics; Protein	Not prioritized for experimental validation	Tbio	no																						0.033333	6943	82	0
STXBP5L	ENSG00000145087	1	2018	MSSM - Zhang Lab	Genetics; RNA	not prioritized for experimental validation	Tbio	yes	3696	0.050725372076543054			-1.064				0.5530502146438809	0.3	2			23	0.21739130434782608	0.8414		false	true			0.024016	8802	56	6
SULT1A3	ENSG00000261052	1	2020	ASU	Genetics; RNA; Protein	validation studies ongoing	Tbio; Tdark	no																						0.010997	12883	28	0
SULT2A1	ENSG00000105398	1	2018	Duke	Genetics; Metabolomics	not prioritized for experimental validation	Tbio	no																						0.050885	4569	131	0
SULT4A1	ENSG00000130540	1	2019	Chang Lab	Genetics; RNA		Tbio	yes	2773	0.07477447853685508			-1.41				0.517643890193872	0.3	1			23	0.2608695652173913	0.7506	Transferase	false	false			0.013083	11994	34	6
SUMF1	ENSG00000144455	1	2023	Duke	Metabolomics; Genetics; RNA; Protein; Phenomics	Not prioritized for experimental validation 	Tbio	yes	3350	0.05906339468491718			0.272				1.2821220895892407	0.3	3			56	0.375	0.3378		false	false			0.018056	10332	40	6
SYN1	ENSG00000008056	1	2019	Chang Lab	Genetics; RNA; Protein		Tbio	yes	2765	0.07488022296547828			-1.54					0.3	1			528	0.375	0.6916		false	false			0.098772	1882	254	5
SYN2	ENSG00000157152	1	2018	MSSM - Zhang Lab	Genetics; RNA	not prioritized for experimental validation	Tbio	yes	3898	0.04653205406745524			-1.879				0.5474196135775014	0.3	2			136	0.2867647058823529	0.6639		false	false			0.073888	2901	200	6
SYNGR4	ENSG00000105467	1	2020	ASU	Genetics; RNA; Protein	validation studies ongoing	Tdark	no																						0.004391	17007	14	0
SYNJ1	ENSG00000159082	1	2023	ASU	RNA	Validation studies ongoing 	Tchem	yes	1735	0.11214906855941133			-1.179				0.5597860512562985	0.3	2			271	0.2915129151291513	0.397	Hydrolase	false	false	0.1178	0.0231	0.098237	1896	217	6
SYNPO	ENSG00000171992	1	2018	Emory	Protein	not prioritized for experimental validation	Tbio	yes	5633	0.022198696026723405			0.624				0.5629379590792011	0.3	2			93	0.34408602150537637	0.4017		false	true			0.033861	6858	91	6
SYP	ENSG00000102003	1	2018	MSSM - Zhang Lab	Genetics; RNA	not prioritized for experimental validation	Tbio	yes	2220	0.08964006079895422			-1.204					0.3	2			3615	0.2500691562932227	0.6389		false	false			0.129499	1181	335	5
SYT12	ENSG00000173227	1	2018	Emory	Protein	validation studies ongoing	Tbio	no																						0.011680	12554	34	0
SYT13	ENSG00000019505	1	2018	MSSM - Zhang Lab	Genetics; RNA	not prioritized for experimental validation	Tbio	no																						0.002962	18030	9	0
TAL1	ENSG00000162367	1	2022	IUSM-Purdue	RNA	not prioritized for experimental validation	Tbio	yes	1333	0.2019037386901971			1.099				0.8061604019236888	0.3	1			86	0.27906976744186046	0.5609		false	false	0.057	0.004	0.073651	2918	188	6
TARDBP	ENSG00000120948	1	2020	ASU	Genetics; RNA; Protein	validation studies ongoing	Tchem	yes	1529	0.13863068104898926			-0.386				0.2391529823750786	0.3	1			1164	0.3015463917525773	0.1406	Unclassified protein	true	false	0.2507	0.0622	0.216502	362	516	6
TBXAS1	ENSG00000059377	1	2022	IUSM-Purdue	RNA	not prioritized for experimental validation	Tchem	yes	1182	0.22931407354021854	0.3691382778542701		-0.244				1.0056927346815894	1	3			49	0.2857142857142857	0.6942	Cytochrome P450	false	false	0.0183	0.0021	0.021542	9406	66	6
TESPA1	ENSG00000135426	1	2018	MSSM - Zhang Lab	Genetics; RNA	not prioritized for experimental validation	Tbio	no																						0.015687	11118	31	0
TGFB1	ENSG00000105329	1	2018	Mayo-UFL-ISB	RNA	validation studies ongoing	Tbio	yes	1551	0.13167859897180667	0.1063262783626765		-0.48				0.6370906418681819	1	4			648	0.35648148148148145	0.3819	Secreted protein	false	true	0.4922	0.0462	0.339127	105	845	6
TICAM1	ENSG00000127666	1	2022	Emory-Sage-SGC	Risk Scores; Pathway Modeling		Tbio	no																						0.074912	2838	184	0
TIMM13	ENSG00000099800	1	2018	Columbia-Rush	Protein; Clinical	not prioritized for experimental validation	Tdark	yes	5009	0.028146858365260024			-0.528				1.3205461202685234	0.3	2			23	0.2608695652173913	0.1671	Unclassified protein	true	false			0.046659	5075	113	6
TIMP3	ENSG00000100234	1	2018	Mayo-UFL-ISB	RNA	validation studies completed	Tbio	yes	2390	0.08445651190330024			1.256				0.6062072446027983	0.3	2			295	0.30847457627118646	0.3001	Unclassified protein	false	true			0.074414	2869	206	6
TJP2	ENSG00000119139	1	2023	MSSM - Zhang Lab	Protein	Not prioritized for experimental validation	Tbio	yes	541	0.3231674473377835			1.527				0.8139972303568456	0.3	2			64	0.390625	0.2564		false	false	0.0695	0.0061	0.070774	3090	175	6
TKFC	ENSG00000149476	1	2023	Duke	Metabolomics; Genetics; RNA; Protein; Phenomics	Not prioritized for experimental validation 	Tbio	no																						0.020082	9810	49	0
TLR1	ENSG00000174125	1	2018	Mayo-UFL-ISB	RNA	not prioritized for experimental validation	Tbio	yes	4999	0.028326424782438187			-0.313				1.3780646529958953	0.3	3			332	0.2680722891566265	0.7236	Hydrolase	false	true			0.089323	2205	237	6
TLR4	ENSG00000136869	1	2018	Mayo-UFL-ISB	RNA	not prioritized for experimental validation	Tchem	yes	1689	0.11525961414209099			1.326				0.9305182225782251	0.85	3			3446	0.4088798607080673	0.4624	Membrane receptor	false	true	0.5336	0.0492	0.352141	90	846	6
TLR5	ENSG00000187554	1	2018	Mayo-UFL-ISB	RNA	validation studies completed	Tchem	yes	678	0.2986533600763097	0.48418776347965514		0.85				0	0.5	4			177	0.24858757062146894	0.5897	Membrane receptor	false	true	0.0996	0.0083	0.068768	3201	181	6
TLR7	ENSG00000196664	1	2022	IUSM-Purdue	RNA	not prioritized for experimental validation	Tclin	yes	3262	0.061641091597543676			-0.252					1	4			490	0.363265306122449	0.9149	Membrane receptor	false	false			0.141405	988	364	5
TM6SF2	ENSG00000213996	1	2023	Duke	Metabolomics; Genetics	Not prioritized for experimental validation 	Tbio	no																						0.013677	11793	35	0
TMBIM1	ENSG00000135926	1	2018	MSSM - Zhang Lab	Genetics; RNA	not prioritized for experimental validation	Tbio	no																						0.002484	18355	7	0
TMEM119	ENSG00000183160	1	2022	IUSM-Purdue	RNA	not prioritized for experimental validation	Tbio	yes	2095	0.09478930998909577			0.371					0.3	1			762	0.536745406824147	0.6099		false	true			0.017527	10503	46	5
TMEM184B	ENSG00000198792	1	2019	Chang Lab	Genetics; RNA		Tbio	no																						0.007284	14910	24	0
TMEM229B	ENSG00000198133	1	2018	Duke	Genetics; Metabolomics	not prioritized for experimental validation	Tdark	no																						0.004527	16907	15	0
TMEM258	ENSG00000134825	1	2023	Duke	Metabolomics; Genetics	Not prioritized for experimental validation 	Tdark	no																						0.023507	8915	50	0
TMPO	ENSG00000120802	1	2018	Emory	Protein	not prioritized for experimental validation	Tbio; Tbio	no																						0.090273	2161	273	0
TMX3	ENSG00000166479	1	2018	Columbia-Rush	Protein; Clinical	not prioritized for experimental validation	Tbio	no																						0.012873	12064	42	0
TNFAIP8	ENSG00000145779	1	2023	MSSM - Roussos Lab	RNA	Not prioritized for experimental validation 	Tbio	yes	5788	0.021066051717028005			0.552				0.985706848014998	0.3	1			34	0.2647058823529412	0.6606		false	false			0.004267	17083	13	6
TNFRSF11B	ENSG00000164761	1	2023	MSSM - Roussos Lab	RNA	Not prioritized for experimental validation 	Tbio	yes	2856	0.07253135241342283			0.79				0.5599372538009623	0.3	1			90	0.4	0.8093		false	true			0.019590	9936	55	6
TNFRSF1B	ENSG00000028137	1	2026	IUSM-Purdue	RNA	not prioritized for experimental validation	Tbio	yes	3347	0.05913893006871935			0.93				0.6243886736718506	0.3	1			147	0.30612244897959184	0.5084	Membrane receptor	false	true			0.087925	2262	235	6
TNS1	ENSG00000079308	1	2023	MSSM - Zhang Lab	Protein	Not prioritized for experimental validation	Tbio	yes	5529	0.02318767646800777			1.554				0.45436935341997603	0.3	2			38	0.42105263157894735	0.3892		false	true			0.016706	10751	48	6
TOMM70	ENSG00000154174	1	2018	Emory	Protein	not prioritized for experimental validation	Tbio	yes	2935	0.07038322271261524							0.28064661655967355	0.3	2			31	0.3870967741935484	0.1753	Unclassified protein	false	false			0.072365	3001	169	5
TPR	ENSG00000047410	1	2023	MSSM - Zhang Lab	Protein	Not prioritized for experimental validation	Tbio	yes	2656	0.07750570628102707			0.809				0.20371209251097375	0.3	2			554	0.30866425992779783	0.2504	Unclassified protein	true	false			0.115724	1452	282	6
TPST1	ENSG00000169902	1	2019	Chang Lab	Genetics; RNA		Tbio	yes	4175	0.040624506693396324	0.06378457477777824		0.007				0.8351530037392031	0.3	3			17	0.5882352941176471	0.3428		false	false			0.008201	14341	23	6
TRAF6	ENSG00000175104	1	2026	IUSM-Purdue	RNA	not prioritized for experimental validation	Tbio	yes	4168	0.04068661342182062			-0.764				0.3501755610377719	0.3	2			602	0.34053156146179403	0.2634	Ligase	false	false			0.237858	283	515	6
TREML1	ENSG00000161911	1	2018	Mayo-UFL-ISB	RNA	not prioritized for experimental validation	Tbio	yes	2250	0.08841336643340335	0.13390376967662954		0.688				1.6363712630697493	0.3	2			61	0.36065573770491804	0.8849		false	true			0.017169	10610	40	6
TRHDE	ENSG00000072657	1	2023	MSSM - Roussos Lab	RNA	Not prioritized for experimental validation 	Tbio	no																						0.001414	19048	3	0
TRIOBP	ENSG00000100106	1	2018	Columbia-Rush	Genetics; RNA; Protein; Clinical	not prioritized for experimental validation	Tbio	yes	804	0.27921112559600103			0.759				0.803903150633215	0.3	1			29	0.3793103448275862	0.2965		false	false	0.013	0.0012	0.034156	6811	88	6
TRPC3	ENSG00000138741	1	2021	JAX-VUMC-UW Resilience	Protein; Genetics	validation studies completed	Tchem	yes	2014	0.0979373708190003			0.594				0.7456028328129563	0.3	3			121	0.2892561983471074	0.8095	Transient receptor potential channel	false	true			0.043742	5393	96	6
TRPM1	ENSG00000134160	1	2023	ASU	RNA	Validation studies ongoing 	Tchem	no																						0.026609	8232	70	0
TSPAN7	ENSG00000156298	1	2023	MSSM - Zhang Lab	Protein	Not prioritized for experimental validation	Tbio	no																						0.009922	13387	30	0
TTBK2	ENSG00000128881	1	2020	MSSM - Zhang Lab	Genetics; Protein	not prioritized for experimental validation	Tbio	yes	5365	0.024817385723153774			1.699				0.3463260035501251	0.3	2			57	0.22807017543859648	0.433	CK1 protein kinase group	false	true			0.025454	8493	66	6
TTYH2	ENSG00000141540	1	2019	Chang Lab	Genetics; RNA		Tbio	no																						0.004586	16866	13	0
TUBB3	ENSG00000258947	1	2018	Emory	Protein	not prioritized for experimental validation	Tclin	yes	2394	0.08437115583470227			-2.142				0.6748884356251506	1	3	0	1	399	0.3684210526315789	0.6176	Structural protein	false	true			0.094228	2037	251	7
TUFM	ENSG00000178952	1	2018	Columbia-Rush	Protein; Clinical	not prioritized for experimental validation	Tchem	yes	3771	0.04932889296125374	0.07038128817929509		-1.002				0.7238157659244595	0.3	2			65	0.2	0.1127	Unclassified protein	false	false			0.280712	189	574	6
UBE2T	ENSG00000077152	1	2019	Chang Lab	Genetics; RNA		Tbio	no																						0.097205	1935	233	0
UGT8	ENSG00000174607	1	2018	Mayo-UFL-ISB	RNA	not prioritized for experimental validation	Tchem	yes	2755	0.07518305932545488			1.001				0.48064134685043963	0.3	3			49	0.2857142857142857	0.7795	Transferase	false	false			0.036412	6473	69	6
UNC119B	ENSG00000175970	1	2019	Chang Lab	Genetics; RNA		Tbio	no																						0.008721	14044	20	0
UNC13A	ENSG00000130477	1	2018	MSSM - Zhang Lab	Genetics; RNA	not prioritized for experimental validation	Tbio	yes	1997	0.09877107363717358			-1.604				0.3437008228378368	0.3	2			121	0.47107438016528924	0.7681		false	true	0.0396	0.0065	0.039677	5934	100	6
UNC5C	ENSG00000182168	1	2018	Mayo-UFL-ISB	RNA	not prioritized for experimental validation	Tbio	yes	1056	0.2474408628019136	0.3039653988058105		-0.67				0.6008518292504723	0.3	2			155	0.34838709677419355	0.57		false	true	0.0268	0.0112	0.019019	10070	44	6
UNC79	ENSG00000133958	1	2018	MSSM - Zhang Lab	Genetics; RNA	not prioritized for experimental validation	Tbio	no																						0.018847	10113	58	0
UQCRB	ENSG00000156467	1	2023	MSSM - Zhang Lab	Protein	Not prioritized for experimental validation	Tbio	yes	253	0.39296123440815584			0.467				0.9803201257139365	0.3	3			80	0.3875	0.1928	Transporter	true	false	0.1607	0.0055	0.128656	1194	246	6
UQCRC1	ENSG00000010256	1	2018	Columbia-Rush	Protein; Clinical	not prioritized for experimental validation	Tbio	yes	60	0.5204943095474912			-2.021				0.7805292750706545	0.3	3			124	0.3870967741935484	0.1907	Unclassified protein	false	false	0.1731	0.0084	0.151253	859	321	6
UQCRC2	ENSG00000140740	1	2023	MSSM - Zhang Lab	Protein	Not prioritized for experimental validation	Tbio	yes	5274	0.025714250379297476			-1.761				1.1177138197976293	0.3	3			155	0.4	0.165	Unclassified protein	true	false			0.151011	861	311	6
UQCRFS1	ENSG00000169021	1	2023	MSSM - Zhang Lab	Protein	Not prioritized for experimental validation	Tbio	no																						0.181472	566	372	0
USP50	ENSG00000170236	1	2023	ASU	RNA	Validation studies ongoing 	Tbio	no																						0.015590	11156	45	0
USP6NL	ENSG00000148429	1	2023	MSSM - Roussos Lab	Genetics; RNA	Validation studies ongoing 	Tbio	yes	415	0.3499721812992824	0.5671748673673351		-0.394				0.5827494503666016	0.3	2			78	0.6153846153846154	0.4816		false	false	0.009	0.0014	0.010563	13081	29	6
UTRN	ENSG00000152818	1	2023	MSSM - Zhang Lab	Protein	Not prioritized for experimental validation	Tchem	no																						0.048927	4815	118	0
VAV1	ENSG00000141968	1	2022	IUSM-Purdue	Genetics; RNA	validation studies planned	Tchem	yes	5478	0.023666952647371595			-1.013				0.34440297064785813	0.3	3			123	0.3252032520325203	0.6989	Unclassified protein	false	false			0.136112	1071	316	6
VCAN	ENSG00000038427	1	2018	Emory	Protein	not prioritized for experimental validation	Tbio	yes	5359	0.024878047680113584			1.599				0.23040977376271088	0.3	2			248	0.5362903225806451	0.6028		false	true			0.063094	3563	164	6
VCP	ENSG00000165280	1	2018	Emory	Protein	not prioritized for experimental validation	Tchem	yes	734	0.2896876578308932	0.4377101742803672		-0.835				0.13819043608849582	0.3	3			989	0.24266936299292213	0.1371	Endoplasmic reticular retrotranslocon family	true	false	0.2627	0.0384	0.283232	184	676	6
VEGFA	ENSG00000112715	1	2023	Mayo	Genetics; RNA	validation studies ongoing	Tclin	yes	1447	0.16520248238310473	0.21644844268370286		0.705				0.5846185283347473	1	4			936	0.4497863247863248	0.3769	Secreted protein	false	true						6
VIM	ENSG00000026025	1	2020	MSSM - Zhang Lab	Genetics; Protein	not prioritized for experimental validation	Tbio	yes	2994	0.06861723650248593			0.818				0.5308003374849175	0.85	3			1506	0.30810092961487384	0.3032	Structural protein	false	true			0.126118	1229	338	6
VKORC1	ENSG00000167397	1	2023	Emory	Genetics; Protein	Not prioritized for experimental validation	Tclin	no																						0.023675	8875	51	0
VSIG4	ENSG00000155659	1	2022	IUSM-Purdue	RNA	not prioritized for experimental validation	Tbio	yes	4524	0.034552007146231446			0.532					0.3	1			58	0.5344827586206896	0.4937		false	true			0.030644	7403	82	5
VTN	ENSG00000109072	1	2018	Mayo-UFL-ISB	Protein	validation studies planned	Tbio	yes	3380	0.05836697955984393							1.031776917260122	0.3	3			237	0.4641350210970464	0.8373	Adhesion	false	true			0.139883	1011	330	5
WAS	ENSG00000015285	1	2022	IUSM-Purdue	RNA	not prioritized for experimental validation	Tbio	no																						0.142345	979	322	0
WDR7	ENSG00000091157	1	2018	Emory	Protein	not prioritized for experimental validation	Tdark	yes	1009	0.25320240918684944	0.4130578408271939		-1.313				0.3472451640985637	0.3	1			23	0.2608695652173913	0.3668		true	false	0.0162	0.001	0.016284	10903	41	6
WLS	ENSG00000116729	1	2023	MSSM - Roussos Lab	RNA	Not prioritized for experimental validation 	Tbio	no																						0.027678	8031	64	0
WNT10B	ENSG00000169884	1	2018	Mayo-UFL-ISB	RNA	not prioritized for experimental validation	Tbio	no																						0.041348	5701	91	0
WNT2B	ENSG00000134245	1	2023	MSSM - Roussos Lab	RNA	Not prioritized for experimental validation 	Tbio	yes	2612	0.0784036969835201			-0.858				0.6881606336266222	0.3	1			67	0.31343283582089554	0.5204		false	true			0.040255	5858	91	6
WNT7B	ENSG00000188064	1	2023	ASU	RNA	Validation studies ongoing 	Tbio	yes	5230	0.026083714210797308			-0.845				0.7307646709050717	0.3	2			112	0.29464285714285715	0.788		false	true			0.043896	5370	101	6
YAP1	ENSG00000137693	1	2018	MSSM - Zhang Lab	Genetics; RNA	not prioritized for experimental validation	Tchem	yes	1706	0.11436918981714822			2.108				0.18489580233859312	0.3	3			239	0.41841004184100417	0.3502	Unclassified protein	false	true	0.1683	0.0131	0.136704	1057	320	6
YARS1	ENSG00000134684	1	2018	Emory	Protein	not prioritized for experimental validation	Tchem	yes	3858	0.04755305454450678							0.7642275111043868	0.3	2			4	0.5		Ligase	true	false			0.169631	686	452	4
YIF1B	ENSG00000167645	1	2019	Chang Lab	Genetics; RNA		Tbio	no																						0.007706	14650	20	0
YWHAE	ENSG00000108953	1	2026	Emory-Sage-SGC	Genetics; RNA; Protein	Validation studies planned	Tbio	yes	3527	0.05469453493703307			-0.84				0.30451659060943465	0.3	3			166	0.30120481927710846	0.1233	Unclassified protein	false	false			0.171053	670	438	6
YWHAG	ENSG00000170027	1	2026	Emory-Sage-SGC	Genetics; RNA; Protein	Validation studies planned	Tchem	yes	3738	0.049899637515108355			-0.125				0.20327466388025855	0.3	2			203	0.43842364532019706	0.2672	Unclassified protein	false	false			0.111565	1538	294	6
YWHAZ	ENSG00000164924	1	2026	Emory-Sage-SGC	Genetics; RNA; Protein	Validation studies planned	Tchem	yes	2823	0.07351416322950613			-2.008					0.3	2			335	0.3373134328358209	0.1828	Unclassified protein	true	false			0.207218	410	506	5
ZBTB16	ENSG00000109906	1	2018	Mayo-UFL-ISB	RNA	not prioritized for experimental validation	Tbio	yes	4072	0.04254946995571716			0.406				0.25395930114414966	0.3	1			75	0.38666666666666666	0.4166	Transcription factor	false	false			0.086806	2307	243	6
ZFP3	ENSG00000180787	1	2023	ASU	RNA	Validation studies ongoing 	Tdark	no																						0.002892	18093	8	0
ZNF225	ENSG00000256294	1	2023	ASU	RNA	Validation studies ongoing 	Tdark	no																						0.004463	16958	13	0
ZNF536	ENSG00000198597	1	2018	Duke	Genetics; Metabolomics	not prioritized for experimental validation	Tbio	no																						0.004292	17072	15	0
ZNF618	ENSG00000157657	1	2023	MSSM - Roussos Lab	RNA	Not prioritized for experimental validation 	Tdark	no																						0.007900	14540	23	0
ZNF652	ENSG00000198740	1	2023	MSSM - Roussos Lab	Genetics; RNA	Validation studies ongoing 	Tbio	yes	408	0.352225538222804	0.5604613210703864		1.156				0.5378212943241982	0.3	1			27	0.37037037037037035	0.2471		false	false	0.0025	0.0001	0.003523	17629	10	6
ZPR1	ENSG00000109917	1	2023	Duke	Metabolomics; Genetics	Not prioritized for experimental validation 	Tbio	no																						0.039362	5976	110	0
ZWINT	ENSG00000122952	1	2018	Mayo-UFL-ISB	Protein	not prioritized for experimental validation	Tbio	no																						0.097478	1928	203	0
