gene	winner_norm	winner_raw	rank	degree
TP53	1.000000	8.732949e+2	1	2267
ACTB	0.757295	6.613416e+2	2	1852
AKT1	0.744707	6.503485e+2	3	1820
RPS27A	0.736055	6.427932e+2	4	1545
GAPDH	0.724934	6.330814e+2	5	1937
UBA52	0.711945	6.217379e+2	6	1563
EGFR	0.668739	5.840067e+2	7	1527
CTNNB1	0.662411	5.784798e+2	8	1547
TNF	0.634829	5.543927e+2	9	1561
MYC	0.631813	5.517587e+2	10	1579
UBC	0.624572	5.454355e+2	11	1397
SRC	0.624564	5.454289e+2	12	1451
IL6	0.570450	4.981713e+2	13	1377
UBB	0.558625	4.878445e+2	14	1303
HSP90AA1	0.544453	4.754681e+2	15	1292
INS	0.519481	4.536604e+2	16	1284
H4C6	0.517255	4.517163e+2	17	1064
PRKACA	0.516057	4.506702e+2	18	1131
H3C13	0.509655	4.450794e+2	19	1067
STAT3	0.498968	4.357463e+2	20	1183
IL1B	0.498205	4.350797e+2	21	1220
ALB	0.494393	4.317512e+2	22	1265
H3C12	0.491701	4.293998e+2	23	1050
PRKACB	0.487139	4.254162e+2	24	1052
EP300	0.482913	4.217254e+2	25	1048
HSP90AB1	0.482203	4.211051e+2	26	1153
PRKACG	0.476583	4.161975e+2	27	1028
CD4	0.468813	4.094123e+2	28	1126
H3-3B	0.463482	4.047563e+2	29	1028
BRCA1	0.459286	4.010921e+2	30	1008
ESR1	0.451383	3.941904e+2	31	1096
JUN	0.449133	3.922257e+2	32	1088
IFNG	0.439108	3.834708e+2	33	1049
GNB1	0.438492	3.829328e+2	34	879
FN1	0.436618	3.812965e+2	35	1043
RPS2	0.434542	3.794829e+2	36	891
RPS3	0.433813	3.788469e+2	37	868
HDAC1	0.431702	3.770035e+2	38	949
RPS18	0.430495	3.759493e+2	39	805
RPS11	0.428807	3.744747e+2	40	821
RPS9	0.425642	3.717110e+2	41	818
HSPA4	0.423408	3.697601e+2	42	1041
H3-4	0.415475	3.628322e+2	43	936
BCL2	0.415379	3.627480e+2	44	990
RPL23	0.409659	3.577530e+2	45	810
RPS16	0.409642	3.577380e+2	46	821
RPL4	0.406443	3.549449e+2	47	830
RPS6	0.405524	3.541420e+2	48	780
PTEN	0.402826	3.517859e+2	49	995
RPL11	0.402035	3.510948e+2	50	778
RPL5	0.401263	3.504213e+2	51	786
MED1	0.401193	3.503598e+2	52	784
CDC42	0.399451	3.488388e+2	53	911
MAPK3	0.397878	3.474652e+2	54	943
NFKB1	0.392623	3.428756e+2	55	963
RPS14	0.391661	3.420352e+2	56	761
ARRB1	0.390630	3.411348e+2	57	884
RPS20	0.390486	3.410096e+2	58	803
CALM3	0.388937	3.396567e+2	59	885
ARRB2	0.388798	3.395356e+2	60	880
RPS5	0.386039	3.371262e+2	61	757
RPL3	0.383436	3.348523e+2	62	796
RHOA	0.383387	3.348096e+2	63	898
CD8A	0.382419	3.339646e+2	64	921
HSPA8	0.382282	3.338445e+2	65	926
RPS23	0.381784	3.334104e+2	66	721
CDK1	0.379998	3.318503e+2	67	842
RPLP0	0.379319	3.312570e+2	68	797
KRAS	0.377711	3.298534e+2	69	919
CD74	0.377604	3.297594e+2	70	816
HIF1A	0.375141	3.276089e+2	71	951
RPL23A	0.374236	3.268187e+2	72	708
POLR2B	0.370759	3.237822e+2	73	794
EGF	0.370467	3.235272e+2	74	905
CD44	0.369925	3.230537e+2	75	866
FAU	0.369360	3.225599e+2	76	644
RPS13	0.368729	3.220091e+2	77	711
CDH1	0.368076	3.214390e+2	78	882
RACK1	0.366574	3.201268e+2	79	774
EFTUD2	0.366168	3.197725e+2	80	757
EEF2	0.361757	3.159209e+2	81	802
H3-5	0.360284	3.146340e+2	82	836
RPL8	0.359951	3.143434e+2	83	737
CASP3	0.359545	3.139888e+2	84	892
H3-2	0.357561	3.122565e+2	85	838
RPL13A	0.357189	3.119317e+2	86	730
IL10	0.356785	3.115781e+2	87	852
POLR2C	0.355036	3.100510e+2	88	727
MRPS7	0.352898	3.081840e+2	89	724
TLR4	0.352141	3.075229e+2	90	846
RPL9	0.349762	3.054451e+2	91	699
IMP3	0.349275	3.050198e+2	92	684
RPS3A	0.348958	3.047429e+2	93	657
MRTO4	0.348942	3.047292e+2	94	694
MRPL13	0.343981	3.003966e+2	95	723
CALML5	0.343369	2.998626e+2	96	796
MRPL3	0.342869	2.994257e+2	97	721
H2BC21	0.342531	2.991310e+2	98	771
STAT1	0.342445	2.990559e+2	99	779
CUL7	0.342253	2.988881e+2	100	751
RPSA	0.341117	2.978960e+2	101	700
FLT3LG	0.340361	2.972357e+2	102	732
CALML3	0.339910	2.968415e+2	103	784
ERBB2	0.339330	2.963349e+2	104	815
TGFB1	0.339127	2.961579e+2	105	845
RPL35	0.338654	2.957445e+2	106	633
GRB2	0.338236	2.953798e+2	107	729
GSK3B	0.337767	2.949700e+2	108	835
APP	0.336954	2.942600e+2	109	817
EPRS1	0.336708	2.940451e+2	110	780
RPS15	0.336050	2.934705e+2	111	617
EZH2	0.336033	2.934558e+2	112	784
SOX2	0.334355	2.919907e+2	113	861
CXCL8	0.333461	2.912095e+2	114	818
CCND1	0.331492	2.894899e+2	115	828
RPS8	0.330839	2.889200e+2	116	607
ATM	0.329997	2.881843e+2	117	770
MRPS12	0.329102	2.874027e+2	118	624
FOS	0.329073	2.873776e+2	119	823
RPS19	0.329049	2.873565e+2	120	599
RPL7	0.327690	2.861698e+2	121	673
PPARG	0.327639	2.861258e+2	122	814
MRPL4	0.326737	2.853377e+2	123	667
RPS28	0.325475	2.842359e+2	124	600
GNG13	0.325018	2.838365e+2	125	713
CREBBP	0.323630	2.826248e+2	126	724
CALML4	0.322817	2.819140e+2	127	743
RPS24	0.321505	2.807684e+2	128	584
MRPS5	0.321387	2.806653e+2	129	637
CALML6	0.319786	2.792674e+2	130	737
PTPRC	0.319758	2.792427e+2	131	801
MRPS11	0.318713	2.783303e+2	132	627
RPS7	0.316236	2.761675e+2	133	562
RPL17	0.314729	2.748516e+2	134	624
RPL26	0.312626	2.730148e+2	135	622
GNG7	0.311878	2.723612e+2	136	686
SNU13	0.310653	2.712916e+2	137	615
POLR2F	0.310169	2.708686e+2	138	644
RPL30	0.310133	2.708376e+2	139	598
RBX1	0.309379	2.701790e+2	140	647
IL2	0.309376	2.701762e+2	141	749
MTOR	0.309082	2.699200e+2	142	758
BRD4	0.308056	2.690240e+2	143	765
TRIM28	0.307168	2.682482e+2	144	789
HSPA5	0.307059	2.681528e+2	145	785
PLK1	0.304421	2.658493e+2	146	650
MAPK1	0.304136	2.656003e+2	147	667
RPL3L	0.303770	2.652808e+2	148	650
MRPS10	0.303595	2.651279e+2	149	582
RAD51	0.301266	2.630941e+2	150	666
H2AZ1	0.300983	2.628467e+2	151	672
AGT	0.300643	2.625497e+2	152	779
RPL18	0.300316	2.622643e+2	153	574
GRK2	0.298593	2.607600e+2	154	667
CYCS	0.298371	2.605660e+2	155	726
MDM2	0.298248	2.604587e+2	156	709
MRPS15	0.297167	2.595146e+2	157	579
RPS29	0.297082	2.594399e+2	158	577
MMP9	0.297038	2.594013e+2	159	755
RPL19	0.296296	2.587539e+2	160	559
RPL6	0.296005	2.584996e+2	161	582
NPM1	0.295870	2.583819e+2	162	726
PDCD11	0.295713	2.582443e+2	163	578
CDKN2A	0.295488	2.580485e+2	164	746
POLR2A	0.294997	2.576192e+2	165	599
CDK2	0.293430	2.562510e+2	166	694
RPL18A	0.292891	2.557803e+2	167	558
RPL15	0.292042	2.550384e+2	168	547
RPS4X	0.291874	2.548919e+2	169	555
RPL31	0.291622	2.546723e+2	170	541
PIK3CA	0.290790	2.539451e+2	171	663
H2AC20	0.290565	2.537491e+2	172	640
SIRT1	0.290330	2.535438e+2	173	710
RPL7A	0.290039	2.532893e+2	174	567
PIK3R1	0.289759	2.530452e+2	175	654
MRPS14	0.288377	2.518378e+2	176	578
MRPL2	0.286511	2.502086e+2	177	574
PARP1	0.286100	2.498494e+2	178	710
RPL12	0.285844	2.496258e+2	179	603
ATP5F1A	0.285301	2.491522e+2	180	635
RPL13	0.284198	2.481891e+2	181	541
CCL2	0.284007	2.480218e+2	182	708
CCNB1	0.283421	2.475105e+2	183	646
VCP	0.283232	2.473453e+2	184	676
MRPL22	0.283067	2.472013e+2	185	547
RELA	0.282897	2.470525e+2	186	651
HDAC2	0.281784	2.460810e+2	187	605
RPL21	0.281727	2.460312e+2	188	519
TUFM	0.280712	2.451444e+2	189	574
H2AC18	0.279840	2.443827e+2	190	617
MRPL24	0.279188	2.438135e+2	191	540
H2AX	0.278431	2.431526e+2	192	640
RPS12	0.278222	2.429703e+2	193	518
POLR1C	0.277499	2.423388e+2	194	598
RPL26L1	0.276922	2.418343e+2	195	556
RPL10A	0.276149	2.411599e+2	196	561
JAK2	0.275908	2.409492e+2	197	624
TBP	0.275612	2.406903e+2	198	588
FBL	0.275424	2.405267e+2	199	608
POLR2E	0.274449	2.396746e+2	200	574
RPS15A	0.274143	2.394081e+2	201	521
CXCR4	0.272854	2.382817e+2	202	655
HRAS	0.272300	2.377986e+2	203	639
RPL35A	0.272174	2.376884e+2	204	513
SRSF1	0.272109	2.376312e+2	205	625
CCNA2	0.271928	2.374731e+2	206	598
RPL14	0.271790	2.373530e+2	207	535
NHP2	0.271411	2.370218e+2	208	585
RPS27	0.271296	2.369215e+2	209	494
RPL27	0.270898	2.365740e+2	210	529
IL4	0.270528	2.362510e+2	211	655
RPS17	0.269885	2.356891e+2	212	469
PXDN	0.268644	2.346052e+2	213	748
CREB1	0.267408	2.335258e+2	214	651
RPL34	0.267258	2.333948e+2	215	492
GFM1	0.267186	2.333319e+2	216	570
RPL27A	0.267010	2.331784e+2	217	531
RPL36	0.266719	2.329247e+2	218	495
RUVBL1	0.266559	2.327848e+2	219	583
SMAD3	0.266545	2.327725e+2	220	611
H2BC11	0.266268	2.325308e+2	221	568
ITGAM	0.265902	2.322107e+2	222	649
ITGB1	0.265293	2.316787e+2	223	610
EIF4A3	0.265028	2.314476e+2	224	583
POLR1B	0.263240	2.298859e+2	225	573
PKM	0.263123	2.297838e+2	226	611
TP53BP1	0.262998	2.296744e+2	227	627
RPL38	0.262453	2.291992e+2	228	482
PA2G4	0.262239	2.290120e+2	229	566
MRPL11	0.262113	2.289019e+2	230	531
RPS25	0.261306	2.281975e+2	231	471
NPSR1	0.260240	2.272659e+2	232	574
RPL10	0.259877	2.269490e+2	233	509
ICAM1	0.258349	2.256148e+2	234	642
NDUFAB1	0.257820	2.251528e+2	235	537
GNAL	0.257527	2.248971e+2	236	539
CCDC105	0.256763	2.242301e+2	237	532
RPL37A	0.256522	2.240191e+2	238	481
CAV1	0.256254	2.237857e+2	239	642
RPS26	0.255912	2.234867e+2	240	460
FGF2	0.255892	2.234693e+2	241	633
IGF1	0.255579	2.231962e+2	242	632
MRNIP	0.255529	2.231520e+2	243	506
APOE	0.255130	2.228039e+2	244	627
NEDD8	0.254523	2.222739e+2	245	602
SMARCA4	0.254491	2.222455e+2	246	559
POLR2L	0.253576	2.214466e+2	247	525
KIT	0.253526	2.214031e+2	248	613
MRPS2	0.253397	2.212902e+2	249	511
MAPK8	0.253172	2.210939e+2	250	563
EIF5B	0.252920	2.208738e+2	251	530
NRAS	0.252752	2.207273e+2	252	594
PXDNL	0.252660	2.206469e+2	253	702
RPL17-C18ORF32	0.252146	2.201980e+2	254	486
RPL7L1	0.250587	2.188366e+2	255	515
RPS21	0.249377	2.177800e+2	256	440
EEF1A1	0.248170	2.167254e+2	257	560
GTPBP4	0.247969	2.165497e+2	258	511
POLR1A	0.247466	2.161108e+2	259	550
HSPA9	0.247358	2.160166e+2	260	609
NOP56	0.247215	2.158917e+2	261	523
IL1A	0.247089	2.157815e+2	262	615
SNRPE	0.247059	2.157550e+2	263	489
SNRPD2	0.246911	2.156259e+2	264	499
PPARGC1A	0.246509	2.152750e+2	265	583
NFKBIA	0.246434	2.152092e+2	266	623
CDC20	0.246101	2.149186e+2	267	527
RPL24	0.246077	2.148978e+2	268	447
PTPN11	0.245942	2.147802e+2	269	555
FANCE	0.245798	2.146539e+2	270	494
MRPL17	0.245791	2.146477e+2	271	461
FYN	0.245729	2.145941e+2	272	562
CHEK1	0.244983	2.139421e+2	273	564
UBE2I	0.242912	2.121338e+2	274	588
PALB2	0.242694	2.119439e+2	275	549
TFRC	0.241926	2.112725e+2	276	652
SMAD4	0.241423	2.108337e+2	277	585
DHX15	0.240962	2.104307e+2	278	505
HNRNPA1	0.240302	2.098543e+2	279	577
MRPL1	0.239621	2.092598e+2	280	472
SKP1	0.238807	2.085486e+2	281	525
BDNF	0.238787	2.085315e+2	282	598
TRAF6	0.237858	2.077204e+2	283	515
MRPL16	0.237311	2.072426e+2	284	458
KAT2B	0.237309	2.072410e+2	285	514
SDHA	0.236847	2.068372e+2	286	569
RPS10	0.236707	2.067149e+2	287	451
EIF2S1	0.236606	2.066266e+2	288	498
CSF2	0.236263	2.063273e+2	289	575
MRPS16	0.236237	2.063045e+2	290	446
NOP58	0.235997	2.060952e+2	291	469
TLR2	0.235687	2.058239e+2	292	572
RPL29	0.235551	2.057057e+2	293	430
AR	0.234774	2.050273e+2	294	574
NOTCH1	0.234705	2.049665e+2	295	594
CDK4	0.234614	2.048873e+2	296	582
RSAD1	0.234487	2.047764e+2	297	481
CD34	0.234465	2.047574e+2	298	605
CS	0.233681	2.040721e+2	299	568
WDR5	0.233185	2.036396e+2	300	479
TOP2A	0.232638	2.031614e+2	301	567
SMAD2	0.230420	2.012248e+2	302	550
ATP5F1C	0.230274	2.010974e+2	303	488
HNRNPC	0.229960	2.008229e+2	304	536
DLG4	0.229957	2.008200e+2	305	523
RPL28	0.229920	2.007880e+2	306	434
AURKB	0.229868	2.007424e+2	307	533
H2BC4	0.229832	2.007113e+2	308	521
RBBP4	0.229801	2.006836e+2	309	499
NCBP2	0.229387	2.003228e+2	310	485
SNRPF	0.229380	2.003161e+2	311	456
SQSTM1	0.229255	2.002076e+2	312	534
MRPL21	0.229156	2.001207e+2	313	433
MTIF2	0.229150	2.001154e+2	314	477
RBBP7	0.229037	2.000171e+2	315	522
RPL22	0.228662	1.996897e+2	316	447
MRPS9	0.227350	1.985440e+2	317	433
KDR	0.227283	1.984850e+2	318	537
SEC61A1	0.227219	1.984290e+2	319	450
NCOR1	0.227019	1.982549e+2	320	510
PLCG1	0.226990	1.982293e+2	321	494
POLR2H	0.226574	1.978663e+2	322	460
DHX9	0.225959	1.973287e+2	323	506
CHD4	0.225755	1.971503e+2	324	534
CCL5	0.225501	1.969290e+2	325	535
CUL1	0.225481	1.969117e+2	326	491
LEP	0.225410	1.968496e+2	327	553
GNAQ	0.224363	1.959349e+2	328	448
SNCA	0.223880	1.955135e+2	329	534
KDM6A	0.223395	1.950900e+2	330	570
RUVBL2	0.223361	1.950602e+2	331	492
FCGR3A	0.223222	1.949386e+2	332	549
H2BC3	0.222981	1.947282e+2	333	523
BRCA2	0.222974	1.947221e+2	334	500
H2BC12	0.222920	1.946750e+2	335	514
POU5F1	0.222220	1.940636e+2	336	544
MAPT	0.221560	1.934873e+2	337	540
RPL32	0.221062	1.930520e+2	338	424
CXCL10	0.221010	1.930065e+2	339	528
CDC5L	0.220994	1.929928e+2	340	470
BYSL	0.220892	1.929039e+2	341	404
PECAM1	0.220705	1.927402e+2	342	578
ABL1	0.219903	1.920398e+2	343	522
RSL24D1	0.219606	1.917810e+2	344	417
RPS27L	0.219586	1.917634e+2	345	424
MTREX	0.219500	1.916881e+2	346	456
IFI35	0.219305	1.915180e+2	347	439
BRAF	0.219091	1.913314e+2	348	566
MRPL12	0.218733	1.910181e+2	349	419
AURKA	0.218696	1.909861e+2	350	534
NDUFS8	0.218609	1.909104e+2	351	486
SNRPG	0.218378	1.907085e+2	352	433
RPS4Y1	0.218352	1.906860e+2	353	427
SUMO1	0.218250	1.905963e+2	354	545
NCBP1	0.218195	1.905482e+2	355	456
RPL10L	0.218161	1.905189e+2	356	419
EEF1G	0.218086	1.904530e+2	357	501
MYD88	0.217725	1.901379e+2	358	531
CDKN1A	0.217673	1.900926e+2	359	528
EXO1	0.217247	1.897210e+2	360	477
CD40	0.216882	1.894016e+2	361	536
TARDBP	0.216502	1.890704e+2	362	516
PRPF8	0.216451	1.890255e+2	363	445
MRPL19	0.216402	1.889824e+2	364	389
H2BC1	0.216273	1.888700e+2	365	528
BUB1B	0.216246	1.888467e+2	366	456
YBX1	0.215702	1.883714e+2	367	513
CD274	0.215593	1.882761e+2	368	548
SNRPD3	0.214944	1.877091e+2	369	417
PABPC1	0.214298	1.871449e+2	370	482
RUNX1	0.214001	1.868857e+2	371	511
MRPL36	0.213915	1.868111e+2	372	389
IL17A	0.213794	1.867053e+2	373	535
H2AC8	0.213728	1.866476e+2	374	468
CD86	0.213499	1.864474e+2	375	528
H2BC17	0.213358	1.863244e+2	376	499
CD19	0.213295	1.862698e+2	377	502
ENO1	0.213294	1.862688e+2	378	542
PTGS2	0.213119	1.861162e+2	379	543
CDCA8	0.213070	1.860728e+2	380	498
RPL39	0.213034	1.860411e+2	381	405
ACO2	0.212843	1.858743e+2	382	510
RPP38	0.212642	1.856991e+2	383	453
DDB1	0.212394	1.854826e+2	384	453
PPP2CA	0.212339	1.854345e+2	385	451
RPS4Y2	0.212127	1.852492e+2	386	420
NSA2	0.211700	1.848761e+2	387	423
POLR2K	0.211677	1.848562e+2	388	422
MRPL27	0.211390	1.846060e+2	389	382
CXORF66	0.211363	1.845820e+2	390	431
POLR3B	0.211061	1.843183e+2	391	482
AGO2	0.211019	1.842817e+2	392	516
FOXO1	0.210999	1.842642e+2	393	497
GART	0.210171	1.835409e+2	394	550
GNG2	0.209904	1.833084e+2	395	423
RPF2	0.209616	1.830570e+2	396	422
MRPS6	0.209456	1.829170e+2	397	372
ISG15	0.209189	1.826836e+2	398	501
SDHB	0.208833	1.823732e+2	399	499
RAC1	0.208584	1.821550e+2	400	493
MAPK14	0.208568	1.821411e+2	401	480
CTLA4	0.208318	1.819230e+2	402	520
KAT5	0.208316	1.819211e+2	403	463
GRK3	0.207928	1.815822e+2	404	447
PPP1R26	0.207818	1.814866e+2	405	453
BCL2L1	0.207786	1.814585e+2	406	504
PSMD14	0.207654	1.813436e+2	407	523
CD36	0.207441	1.811570e+2	408	526
APOB	0.207336	1.810655e+2	409	516
YWHAZ	0.207218	1.809627e+2	410	506
IGF1R	0.207194	1.809419e+2	411	481
XRCC6	0.206980	1.807541e+2	412	470
H2BC5	0.206935	1.807149e+2	413	497
TPI1	0.206639	1.804566e+2	414	545
MRPL20	0.206173	1.800500e+2	415	379
SYK	0.206009	1.799065e+2	416	480
HSPBP1	0.205063	1.790803e+2	417	458
BECN1	0.204952	1.789838e+2	418	463
SOD2	0.204941	1.789741e+2	419	530
H2BC9	0.204257	1.783769e+2	420	491
RSL1D1	0.204179	1.783089e+2	421	388
KDM1A	0.203924	1.780854e+2	422	452
CCT2	0.203881	1.780479e+2	423	489
DNMT1	0.203870	1.780388e+2	424	484
CUL3	0.203804	1.779814e+2	425	468
HMGN1	0.203621	1.778212e+2	426	434
CXCL12	0.203542	1.777518e+2	427	489
PPP1CA	0.203376	1.776074e+2	428	470
H2AC6	0.203341	1.775771e+2	429	448
MRPL33	0.203323	1.775609e+2	430	373
DOCK4	0.203028	1.773031e+2	431	415
CCT7	0.202887	1.771804e+2	432	478
PDGFRA	0.202627	1.769531e+2	433	470
HTT	0.202511	1.768514e+2	434	470
NCL	0.202504	1.768455e+2	435	518
DICER1	0.202302	1.766690e+2	436	498
RPLP2	0.202279	1.766494e+2	437	399
MRPL32	0.202109	1.765006e+2	438	359
CENPA	0.202001	1.764062e+2	439	418
ARL6IP1	0.201825	1.762527e+2	440	430
H2BC14	0.201547	1.760099e+2	441	485
PCNA	0.201411	1.758909e+2	442	447
NAT10	0.201323	1.758142e+2	443	401
ABCE1	0.201272	1.757698e+2	444	437
FCGR3B	0.201201	1.757081e+2	445	504
EXOSC10	0.201151	1.756646e+2	446	434
B2M	0.200520	1.751129e+2	447	500
PES1	0.200512	1.751064e+2	448	382
PRKCA	0.200447	1.750491e+2	449	458
MRPL58	0.200364	1.749770e+2	450	419
CSF3	0.199600	1.743101e+2	451	467
NCAM1	0.199028	1.738103e+2	452	507
HNRNPK	0.198931	1.737253e+2	453	470
ALDH18A1	0.198586	1.734243e+2	454	558
POLR2G	0.198378	1.732428e+2	455	390
SHH	0.198266	1.731445e+2	456	528
PRKN	0.197846	1.727778e+2	457	460
CCR5	0.197622	1.725825e+2	458	455
H2BC15	0.197464	1.724445e+2	459	480
EIF6	0.197445	1.724276e+2	460	415
PDGFRB	0.197425	1.724107e+2	461	455
WDR36	0.197406	1.723933e+2	462	385
PTK2	0.197369	1.723616e+2	463	423
RPL36AL	0.196649	1.717325e+2	464	369
EIF4A1	0.196492	1.715952e+2	465	441
UBE2D1	0.195911	1.710879e+2	466	464
POLR2D	0.195862	1.710452e+2	467	391
RPL36A	0.195767	1.709627e+2	468	366
MRRF	0.195613	1.708274e+2	469	399
TYMS	0.195603	1.708194e+2	470	469
FOXP3	0.195599	1.708158e+2	471	477
SIL1	0.195573	1.707926e+2	472	443
KIF11	0.195514	1.707411e+2	473	431
NDUFS3	0.195509	1.707371e+2	474	419
BOP1	0.195374	1.706189e+2	475	361
H2BU1	0.195208	1.704740e+2	476	480
PPARA	0.195025	1.703142e+2	477	478
SUMO2	0.194989	1.702828e+2	478	489
RPLP1	0.194923	1.702254e+2	479	363
ELAVL1	0.194875	1.701833e+2	480	470
WDR12	0.194847	1.701588e+2	481	378
NIFK	0.194802	1.701199e+2	482	384
TCP1	0.194595	1.699388e+2	483	477
SCARB1	0.194274	1.696588e+2	484	499
ATP5F1B	0.194074	1.694835e+2	485	467
GNAS	0.194071	1.694812e+2	486	399
LCK	0.194024	1.694402e+2	487	477
SF3B1	0.193953	1.693780e+2	488	401
RAB11A	0.193920	1.693495e+2	489	489
GMPS	0.193796	1.692412e+2	490	468
RSRC1	0.193435	1.689257e+2	491	397
MAD2L1	0.193167	1.686915e+2	492	437
ALYREF	0.192936	1.684897e+2	493	410
XRCC5	0.192577	1.681769e+2	494	441
H2BC13	0.192527	1.681333e+2	495	484
CLTC	0.192521	1.681275e+2	496	464
POMC	0.192146	1.678005e+2	497	437
DDX58	0.192044	1.677110e+2	498	450
ITGB2	0.192032	1.677008e+2	499	449
COPS5	0.192009	1.676808e+2	500	470
E2F1	0.191923	1.676056e+2	501	453
H6PD	0.191863	1.675528e+2	502	502
ATP5PO	0.191802	1.675000e+2	503	423
IL13	0.191761	1.674635e+2	504	463
KRR1	0.191601	1.673243e+2	505	357
DDX5	0.191585	1.673098e+2	506	462
HDAC3	0.191580	1.673060e+2	507	463
SHC1	0.191560	1.672885e+2	508	430
GATA3	0.191485	1.672233e+2	509	486
RANBP2	0.191031	1.668261e+2	510	458
FEN1	0.190733	1.665665e+2	511	445
ACTG1	0.190718	1.665528e+2	512	413
PRKDC	0.190709	1.665453e+2	513	453
SNRPD1	0.190616	1.664637e+2	514	364
EIF5A	0.190459	1.663273e+2	515	408
CCT4	0.190459	1.663272e+2	516	445
H3C14	0.190424	1.662959e+2	517	317
TEX48	0.189997	1.659236e+2	518	400
CCT5	0.189422	1.654209e+2	519	449
GNL2	0.189188	1.652169e+2	520	382
NOC2L	0.188952	1.650112e+2	521	357
ELOC	0.188875	1.649433e+2	522	405
FOXO3	0.188829	1.649033e+2	523	445
CD80	0.188680	1.647730e+2	524	466
POLR3A	0.188590	1.646951e+2	525	427
RPL37	0.188585	1.646900e+2	526	332
IL7R	0.188469	1.645892e+2	527	454
CANX	0.188262	1.644079e+2	528	478
EIF4E	0.188031	1.642062e+2	529	447
RUNX2	0.187944	1.641308e+2	530	465
HNRNPA2B1	0.187886	1.640797e+2	531	450
CHEK2	0.187365	1.636249e+2	532	446
PIK3R2	0.187203	1.634834e+2	533	409
SUPT16H	0.187135	1.634237e+2	534	433
CSF1R	0.187006	1.633116e+2	535	464
BMS1	0.186953	1.632654e+2	536	356
LYN	0.186870	1.631924e+2	537	430
EFL1	0.186808	1.631387e+2	538	409
FTSJ3	0.186429	1.628071e+2	539	368
SOD1	0.186211	1.626173e+2	540	458
HMGN2	0.186205	1.626119e+2	541	394
CDC6	0.185848	1.622998e+2	542	431
POLR2I	0.185657	1.621330e+2	543	363
BRIX1	0.185639	1.621173e+2	544	363
VWF	0.185619	1.620997e+2	545	468
ANXA5	0.185592	1.620765e+2	546	503
PPP1CC	0.185343	1.618590e+2	547	417
VDAC1	0.185128	1.616712e+2	548	436
VCAM1	0.184752	1.613432e+2	549	471
SOD2-2	0.184729	1.613230e+2	550	479
TJP1	0.184697	1.612951e+2	551	441
H3C1	0.183859	1.605630e+2	552	346
FASN	0.183572	1.603127e+2	553	487
ITGAX	0.183526	1.602727e+2	554	451
CASP8	0.183410	1.601713e+2	555	440
KNG1	0.183200	1.599879e+2	556	459
KDM6B	0.183191	1.599797e+2	557	471
COL1A1	0.183047	1.598542e+2	558	450
DDX39B	0.182449	1.593317e+2	559	411
IRS1	0.182407	1.592952e+2	560	422
MRPL43	0.182135	1.590573e+2	561	378
SNRPB	0.182055	1.589874e+2	562	346
PPP2R1A	0.181990	1.589313e+2	563	387
KAT2A	0.181899	1.588515e+2	564	397
DKC1	0.181658	1.586410e+2	565	411
UQCRFS1	0.181472	1.584786e+2	566	372
TNFRSF1A	0.181327	1.583519e+2	567	427
MRPL9	0.181269	1.583017e+2	568	308
CCR7	0.181260	1.582936e+2	569	424
JAK1	0.181051	1.581112e+2	570	390
RPL22L1	0.181006	1.580719e+2	571	361
H4C9	0.180830	1.579177e+2	572	292
PSMC5	0.180814	1.579043e+2	573	454
NANOG	0.180780	1.578739e+2	574	451
MMP2	0.180709	1.578121e+2	575	465
SNW1	0.180622	1.577367e+2	576	373
LRRK2	0.180476	1.576092e+2	577	461
STAT5A	0.180473	1.576065e+2	578	428
U2AF2	0.180457	1.575925e+2	579	382
CEBPB	0.180392	1.575351e+2	580	451
NIP7	0.180361	1.575080e+2	581	358
CRP	0.180122	1.572995e+2	582	453
SCARB2	0.180092	1.572736e+2	583	468
H4C14	0.179805	1.570228e+2	584	286
BTK	0.179405	1.566732e+2	585	462
NOL6	0.179214	1.565065e+2	586	349
IDH1	0.178999	1.563191e+2	587	459
SMKR1	0.178999	1.563185e+2	588	393
CASP1	0.178967	1.562914e+2	589	450
IFNA1	0.178823	1.561651e+2	590	423
H4C3	0.178653	1.560164e+2	591	284
H4C13	0.178622	1.559897e+2	592	283
BARD1	0.178616	1.559844e+2	593	371
YY1	0.178601	1.559709e+2	594	410
FBXW7	0.178474	1.558604e+2	595	470
H4C2	0.178380	1.557788e+2	596	281
PSMA7	0.178354	1.557559e+2	597	457
GZMB	0.178247	1.556625e+2	598	445
RPS10-NUDT3	0.178093	1.555281e+2	599	323
XPO1	0.178064	1.555025e+2	600	443
ERCC3	0.177913	1.553708e+2	601	360
UBE2N	0.177867	1.553305e+2	602	414
ELOB	0.177619	1.551138e+2	603	372
CDH2	0.177603	1.550996e+2	604	452
H4-16	0.177596	1.550933e+2	605	283
MRPL47	0.177510	1.550183e+2	606	356
SUZ12	0.177435	1.549529e+2	607	394
THBS1	0.177268	1.548074e+2	608	460
POLR2J	0.177132	1.546880e+2	609	352
GNB3	0.177064	1.546287e+2	610	399
VCL	0.177009	1.545814e+2	611	417
H3BN98_HUMAN	0.176916	1.544998e+2	612	360
EBNA1BP2	0.176785	1.543855e+2	613	343
H2AZ2	0.176783	1.543837e+2	614	434
IL18	0.176759	1.543630e+2	615	452
H4C5	0.176710	1.543196e+2	616	278
GNAI1	0.176457	1.540989e+2	617	322
H4C8	0.176420	1.540670e+2	618	277
H4C11	0.176157	1.538370e+2	619	277
H4C4	0.176035	1.537301e+2	620	276
BMI1	0.176019	1.537162e+2	621	401
HMGN4	0.175896	1.536091e+2	622	368
SNRNP200	0.175813	1.535369e+2	623	335
H2BS1	0.175807	1.535315e+2	624	459
CYC1	0.175771	1.534999e+2	625	354
H4C12	0.175593	1.533445e+2	626	277
IKBKB	0.175520	1.532805e+2	627	393
RPL39L	0.175408	1.531833e+2	628	350
BUB1	0.175402	1.531780e+2	629	370
GNL3	0.175291	1.530812e+2	630	375
DAP3	0.175115	1.529271e+2	631	350
MET	0.175071	1.528888e+2	632	419
CEBPA	0.174939	1.527736e+2	633	436
DCAF13	0.174881	1.527226e+2	634	335
H4C1	0.174654	1.525246e+2	635	274
CALR	0.174648	1.525196e+2	636	439
LARP7	0.174549	1.524327e+2	637	457
NOP14	0.174542	1.524266e+2	638	326
ERCC2	0.174506	1.523951e+2	639	359
DDX18	0.174494	1.523845e+2	640	363
SIN3A	0.174438	1.523354e+2	641	392
SF3B3	0.174386	1.522906e+2	642	340
H4C15	0.174371	1.522770e+2	643	273
RAC2	0.174219	1.521443e+2	644	385
TBL3	0.173919	1.518822e+2	645	328
RAD23B	0.173734	1.517212e+2	646	418
WDR31	0.173671	1.516658e+2	647	349
TSFM	0.173466	1.514867e+2	648	385
FGF8	0.173430	1.514552e+2	649	448
XBP1	0.173341	1.513781e+2	650	376
MRPL15	0.173247	1.512959e+2	651	357
CCNB2	0.172675	1.507963e+2	652	382
SUPT5H	0.172651	1.507755e+2	653	373
CD40LG	0.172508	1.506503e+2	654	434
NDUFS2	0.172428	1.505801e+2	655	351
FLNA	0.172264	1.504372e+2	656	428
IMP4	0.171875	1.500980e+2	657	315
COX4I1	0.171657	1.499070e+2	658	369
ATP5F1D	0.171654	1.499045e+2	659	386
BIRC5	0.171653	1.499039e+2	660	392
PLEK	0.171493	1.497637e+2	661	453
HSPA1B	0.171435	1.497129e+2	662	451
PKLR	0.171372	1.496585e+2	663	370
EIF4G1	0.171361	1.496484e+2	664	376
WDR3	0.171273	1.495717e+2	665	322
PIK3CB	0.171198	1.495062e+2	666	347
CD28	0.171162	1.494748e+2	667	406
EEF1B2	0.171147	1.494621e+2	668	355
TERT	0.171069	1.493940e+2	669	432
YWHAE	0.171053	1.493796e+2	670	438
KEAP1	0.170888	1.492357e+2	671	414
UBE2C	0.170887	1.492345e+2	672	380
KMT2A	0.170865	1.492159e+2	673	374
IFNB1	0.170746	1.491114e+2	674	401
SDC1	0.170719	1.490881e+2	675	408
FUS	0.170472	1.488721e+2	676	412
MRPL46	0.170451	1.488542e+2	677	343
SEC13	0.170403	1.488119e+2	678	408
EIF2S3	0.170396	1.488057e+2	679	363
ITGB3	0.170225	1.486569e+2	680	391
CBL	0.170121	1.485656e+2	681	369
SMARCA5	0.169997	1.484573e+2	682	389
DDX56	0.169904	1.483763e+2	683	380
NGF	0.169808	1.482922e+2	684	433
LAMP1	0.169733	1.482273e+2	685	441
YARS1	0.169631	1.481378e+2	686	452
ATR	0.169622	1.481300e+2	687	390
PSMD4	0.169590	1.481024e+2	688	406
HSPD1	0.169568	1.480831e+2	689	443
BTRC	0.169436	1.479678e+2	690	391
HSP90B1	0.169289	1.478391e+2	691	423
WDR46	0.169235	1.477917e+2	692	307
GCG	0.169112	1.476843e+2	693	412
STAT5B	0.168890	1.474904e+2	694	411
UTP3	0.168738	1.473579e+2	695	309
MPHOSPH10	0.168563	1.472051e+2	696	312
CDC45	0.168555	1.471986e+2	697	350
EIF3B	0.168414	1.470747e+2	698	369
TAF1	0.168397	1.470600e+2	699	360
H3C15	0.168391	1.470549e+2	700	257
ATRX	0.168237	1.469205e+2	701	412
EIF1AX	0.168046	1.467538e+2	702	324
CCNA1	0.167664	1.464202e+2	703	416
NT5E	0.167498	1.462749e+2	704	390
WDR43	0.167485	1.462642e+2	705	311
GFAP	0.167280	1.460844e+2	706	454
IL15	0.167128	1.459522e+2	707	412
YWHAB	0.167077	1.459074e+2	708	432
NOC4L	0.166915	1.457657e+2	709	324
UTP4	0.166781	1.456490e+2	710	319
RB1	0.166657	1.455403e+2	711	381
CCT8	0.166607	1.454970e+2	712	394
MCM7	0.166501	1.454043e+2	713	390
CHUK	0.166459	1.453679e+2	714	365
MAPK9	0.166420	1.453335e+2	715	340
SNRNP70	0.166316	1.452430e+2	716	358
CALM1	0.166031	1.449937e+2	717	406
HDAC6	0.165825	1.448140e+2	718	411
CCR2	0.165806	1.447973e+2	719	392
RRP9	0.165674	1.446825e+2	720	314
USP7	0.165668	1.446768e+2	721	415
PSMA3	0.165471	1.445051e+2	722	420
NDUFV1	0.165184	1.442541e+2	723	335
CCT3	0.165128	1.442051e+2	724	409
SSRP1	0.165090	1.441723e+2	725	375
MDC1	0.165088	1.441701e+2	726	411
UTP6	0.165030	1.441202e+2	727	310
SNAI1	0.164926	1.440286e+2	728	421
HNF4A	0.164696	1.438284e+2	729	428
PRPF19	0.164577	1.437243e+2	730	335
NOP2	0.164515	1.436701e+2	731	341
PPIG	0.164405	1.435743e+2	732	387
UTP18	0.164364	1.435380e+2	733	308
LEF1	0.164267	1.434539e+2	734	419
NTRK1	0.164081	1.432907e+2	735	384
FGFR1	0.164068	1.432801e+2	736	378
PSMD2	0.164064	1.432764e+2	737	403
VAMP2	0.163944	1.431712e+2	738	374
IFIH1	0.163917	1.431481e+2	739	384
CFTR	0.163574	1.428486e+2	740	436
RBBP5	0.163514	1.427961e+2	741	357
ARF1	0.163508	1.427906e+2	742	385
STUB1	0.163413	1.427077e+2	743	394
TXN	0.163410	1.427049e+2	744	419
KIF23	0.163284	1.425950e+2	745	386
CDK9	0.163153	1.424806e+2	746	360
SDHC	0.163118	1.424502e+2	747	403
HEATR1	0.163021	1.423651e+2	748	316
SNAP25	0.162973	1.423232e+2	749	391
SERBP1	0.162900	1.422601e+2	750	340
H3BNC9_HUMAN	0.162704	1.420887e+2	751	284
SOX9	0.162640	1.420328e+2	752	442
GNB5	0.162441	1.418589e+2	753	349
FMR1	0.162362	1.417902e+2	754	400
EARS2	0.162297	1.417327e+2	755	368
RABIF	0.162234	1.416783e+2	756	412
NOP53	0.162097	1.415585e+2	757	340
SELL	0.161924	1.414070e+2	758	408
SRP54	0.161690	1.412027e+2	759	339
RRS1	0.161516	1.410510e+2	760	348
NDUFV2	0.161374	1.409273e+2	761	331
HGF	0.161193	1.407690e+2	762	399
NCOR2	0.161167	1.407460e+2	763	362
TSR1	0.161120	1.407056e+2	764	308
SPP1	0.161008	1.406078e+2	765	411
QARS1	0.160962	1.405672e+2	766	351
BMP4	0.160854	1.404730e+2	767	418
RRM1	0.160735	1.403693e+2	768	398
DDX21	0.160667	1.403099e+2	769	413
RASA1	0.160548	1.402058e+2	770	391
TLR3	0.160378	1.400576e+2	771	400
NFE2L2	0.160353	1.400351e+2	772	410
SPI1	0.160243	1.399392e+2	773	416
RBM39	0.160083	1.397992e+2	774	400
H2AC14	0.159996	1.397236e+2	775	400
GNL3L	0.159696	1.394616e+2	776	341
EIF3I	0.159562	1.393443e+2	777	336
CDKN1B	0.159437	1.392355e+2	778	379
SUCLG1	0.159288	1.391056e+2	779	391
RRP1B	0.159271	1.390904e+2	780	345
PSMC2	0.159213	1.390402e+2	781	398
NGDN	0.159178	1.390089e+2	782	306
RPA1	0.159146	1.389811e+2	783	332
CD68	0.159024	1.388745e+2	784	422
GOT2	0.158855	1.387273e+2	785	380
SOS1	0.158811	1.386891e+2	786	380
H2AC7	0.158739	1.386257e+2	787	395
PLG	0.158668	1.385641e+2	788	372
PWP2	0.158359	1.382941e+2	789	300
NR3C1	0.157931	1.379205e+2	790	403
PSMA2	0.157925	1.379151e+2	791	410
PAX6	0.157834	1.378358e+2	792	412
CDK6	0.157681	1.377021e+2	793	399
ESPL1	0.157661	1.376843e+2	794	354
DNMT3A	0.157647	1.376724e+2	795	370
LTV1	0.157641	1.376668e+2	796	310
NME8	0.157636	1.376626e+2	797	450
SNRPA1	0.157620	1.376486e+2	798	307
PSMC4	0.157535	1.375742e+2	799	396
CTCF	0.157458	1.375075e+2	800	403
RBM8A	0.157443	1.374941e+2	801	351
IDH2	0.157443	1.374938e+2	802	401
MCM4	0.157258	1.373326e+2	803	346
IRF3	0.157188	1.372718e+2	804	380
PLCG2	0.157091	1.371867e+2	805	318
NDUFS1	0.157025	1.371288e+2	806	320
NF1	0.156920	1.370375e+2	807	430
IKBKG	0.156915	1.370333e+2	808	340
MAP2K1	0.156771	1.369075e+2	809	387
MUC1	0.156648	1.367995e+2	810	408
PGK1	0.156605	1.367626e+2	811	419
UBE2D2	0.156568	1.367303e+2	812	360
FANCD2	0.156327	1.365195e+2	813	356
SREBF1	0.156032	1.362616e+2	814	385
IQGAP1	0.155991	1.362260e+2	815	402
RNF2	0.155928	1.361713e+2	816	323
GNAI2	0.155770	1.360335e+2	817	303
CXCL1	0.155670	1.359455e+2	818	381
GNB2	0.155660	1.359374e+2	819	350
DROSHA	0.155555	1.358454e+2	820	384
RAB5A	0.155463	1.357651e+2	821	392
PPP1CB	0.155257	1.355852e+2	822	354
PINK1	0.155173	1.355118e+2	823	363
UTP14A	0.155127	1.354712e+2	824	297
PSMC1	0.155084	1.354342e+2	825	387
CCL3	0.155011	1.353706e+2	826	383
GPT	0.155007	1.353666e+2	827	409
IL5	0.154808	1.351927e+2	828	377
NOC3L	0.154674	1.350760e+2	829	317
SLCO6A1	0.154664	1.350669e+2	830	437
RECQL4	0.154615	1.350242e+2	831	393
FOXM1	0.154596	1.350079e+2	832	379
EIF5AL1	0.154561	1.349778e+2	833	333
TBK1	0.154177	1.346420e+2	834	360
EIF5A2	0.154152	1.346200e+2	835	331
EZR	0.153975	1.344653e+2	836	371
GPI	0.153861	1.343663e+2	837	361
ADIPOQ	0.153831	1.343395e+2	838	400
SETD2	0.153779	1.342948e+2	839	374
FANCM	0.153775	1.342905e+2	840	348
UBQLN2	0.153532	1.340786e+2	841	402
PIK3C3	0.153469	1.340234e+2	842	347
CLPP	0.153303	1.338784e+2	843	422
CACNA1C	0.153279	1.338573e+2	844	337
PSMD1	0.153156	1.337504e+2	845	382
TRRAP	0.152822	1.334585e+2	846	310
NCOA6	0.152696	1.333491e+2	847	365
NOB1	0.152384	1.330758e+2	848	288
MCM3	0.152173	1.328922e+2	849	343
TLR9	0.152132	1.328564e+2	850	389
RRM2	0.152116	1.328425e+2	851	334
WRN	0.152060	1.327936e+2	852	333
EMG1	0.152018	1.327562e+2	853	312
PHB	0.151916	1.326678e+2	854	424
CDK7	0.151834	1.325959e+2	855	311
AXIN1	0.151445	1.322560e+2	856	382
ITGA2B	0.151285	1.321167e+2	857	361
PIK3R3	0.151268	1.321013e+2	858	307
UQCRC1	0.151253	1.320882e+2	859	321
ATP5MC1	0.151101	1.319555e+2	860	351
UQCRC2	0.151011	1.318770e+2	861	311
RAN	0.150884	1.317665e+2	862	360
NOL10	0.150767	1.316644e+2	863	291
CSNK2A1	0.150751	1.316498e+2	864	377
KPNB1	0.150730	1.316319e+2	865	360
SRSF2	0.150484	1.314166e+2	866	355
SPDYE11	0.150478	1.314118e+2	867	346
PARK7	0.150351	1.313005e+2	868	400
CD38	0.150327	1.312802e+2	869	356
POLD1	0.150207	1.311750e+2	870	322
DIMT1	0.150021	1.310122e+2	871	314
EIF2S2	0.149973	1.309706e+2	872	304
CUL4A	0.149916	1.309210e+2	873	328
ACTL6A	0.149761	1.307855e+2	874	311
PLCB2	0.149688	1.307216e+2	875	338
HNRNPM	0.149683	1.307170e+2	876	345
EHMT2	0.149681	1.307153e+2	877	343
WDR75	0.149565	1.306142e+2	878	284
FGF10	0.149281	1.303660e+2	879	386
AATF	0.149152	1.302539e+2	880	289
GRWD1	0.148806	1.299515e+2	881	320
MAK16	0.148792	1.299389e+2	882	296
SF3B2	0.148751	1.299033e+2	883	287
PLCB1	0.148738	1.298925e+2	884	335
CXCL9	0.148668	1.298310e+2	885	351
PSMD11	0.148465	1.296540e+2	886	366
IRF1	0.148455	1.296446e+2	887	377
CDC73	0.148407	1.296030e+2	888	321
GNB4	0.148312	1.295198e+2	889	329
PSMA6	0.148200	1.294222e+2	890	383
HDAC4	0.148133	1.293638e+2	891	362
SMARCB1	0.148103	1.293378e+2	892	335
SPDYE8P	0.148026	1.292699e+2	893	342
KARS1	0.147991	1.292400e+2	894	357
SPDYE9P	0.147724	1.290064e+2	895	341
NMD3	0.147699	1.289850e+2	896	297
FGFR2	0.147462	1.287774e+2	897	342
MRPL40	0.147440	1.287583e+2	898	281
ITPR1	0.147367	1.286950e+2	899	343
UBE2D3	0.147119	1.284782e+2	900	359
IL7	0.147084	1.284479e+2	901	356
SNRPA	0.147045	1.284140e+2	902	314
GTF2B	0.146982	1.283587e+2	903	291
LSG1	0.146899	1.282864e+2	904	301
RPS6KB1	0.146745	1.281518e+2	905	366
MT-CO2	0.146703	1.281147e+2	906	307
SYNCRIP	0.146641	1.280607e+2	907	354
ANK3	0.146618	1.280410e+2	908	366
CDT1	0.146526	1.279606e+2	909	329
H3C3	0.146436	1.278820e+2	910	251
HNRNPH1	0.146392	1.278438e+2	911	351
MT-ATP6	0.146359	1.278149e+2	912	323
MCM5	0.146309	1.277708e+2	913	327
RPL36A-HNRNPH2	0.146055	1.275490e+2	914	284
FGF4	0.145674	1.272164e+2	915	379
DDX3X	0.145657	1.272018e+2	916	371
RFC4	0.145580	1.271340e+2	917	332
HMOX1	0.145566	1.271224e+2	918	380
ENSP00000498801	0.145460	1.270294e+2	919	335
ENSP00000499200	0.145460	1.270294e+2	920	335
SPDYE14	0.145460	1.270294e+2	921	335
APOA1	0.145453	1.270234e+2	922	342
PIK3CD	0.145434	1.270071e+2	923	285
PXN	0.145429	1.270021e+2	924	339
AGTR1	0.145364	1.269454e+2	925	398
ANK2	0.145351	1.269342e+2	926	358
KIF2C	0.145348	1.269317e+2	927	317
ETF1	0.145345	1.269293e+2	928	298
EIF2AK2	0.145313	1.269013e+2	929	354
COX5B	0.145310	1.268986e+2	930	289
GNAI3	0.145295	1.268857e+2	931	267
RAB8A	0.145091	1.267076e+2	932	334
CYP3A4	0.145044	1.266665e+2	933	306
KIF20A	0.144817	1.264683e+2	934	323
FH	0.144778	1.264338e+2	935	365
GRIN2B	0.144645	1.263173e+2	936	347
RXRA	0.144644	1.263171e+2	937	356
EIF3G	0.144604	1.262824e+2	938	327
EGR1	0.144542	1.262280e+2	939	375
MSH2	0.144521	1.262099e+2	940	338
MCL1	0.144491	1.261835e+2	941	372
MRPL49	0.144473	1.261671e+2	942	267
CAMK2A	0.144417	1.261190e+2	943	339
MT-CO1	0.144398	1.261017e+2	944	302
PRMT1	0.144397	1.261015e+2	945	365
TUBB	0.144372	1.260791e+2	946	350
LDHA	0.144327	1.260404e+2	947	365
FANCI	0.144234	1.259589e+2	948	330
AKT2	0.144212	1.259398e+2	949	319
XRN1	0.144047	1.257955e+2	950	348
HNRNPU	0.143993	1.257484e+2	951	352
NUP98	0.143934	1.256967e+2	952	347
PSMA5	0.143842	1.256166e+2	953	359
MT-ND4	0.143833	1.256084e+2	954	304
ANK1	0.143824	1.256009e+2	955	358
FGF7	0.143751	1.255369e+2	956	367
NDUFA9	0.143613	1.254161e+2	957	295
PSMA4	0.143540	1.253531e+2	958	365
PSMA1	0.143525	1.253400e+2	959	366
ACLY	0.143314	1.251554e+2	960	366
MRPL23	0.143088	1.249584e+2	961	264
FASLG	0.142985	1.248682e+2	962	354
NDUFA8	0.142962	1.248481e+2	963	286
MRPL41	0.142924	1.248145e+2	964	261
G3BP1	0.142921	1.248124e+2	965	366
EIF1AY	0.142892	1.247870e+2	966	280
CCL4	0.142846	1.247467e+2	967	350
SF3A1	0.142729	1.246449e+2	968	284
CSF1	0.142673	1.245955e+2	969	373
MAGOH	0.142613	1.245429e+2	970	287
NDUFA13	0.142577	1.245119e+2	971	281
PSMC3	0.142574	1.245094e+2	972	369
TYROBP	0.142556	1.244935e+2	973	342
MCM2	0.142512	1.244552e+2	974	298
SOCS3	0.142469	1.244178e+2	975	359
CCNE1	0.142449	1.243996e+2	976	371
MED14	0.142421	1.243759e+2	977	293
GRIA1	0.142351	1.243140e+2	978	350
WAS	0.142345	1.243091e+2	979	322
SF3A3	0.142326	1.242926e+2	980	292
MSH6	0.142272	1.242458e+2	981	328
H3C6	0.142158	1.241461e+2	982	244
TAF9	0.142091	1.240877e+2	983	243
RAD21	0.141943	1.239584e+2	984	344
SERPINE1	0.141822	1.238524e+2	985	372
PLCB3	0.141572	1.236340e+2	986	316
GJA1	0.141465	1.235406e+2	987	363
TLR7	0.141405	1.234887e+2	988	364
SRSF3	0.141292	1.233900e+2	989	327
PSMD12	0.141290	1.233879e+2	990	351
NDUFA5	0.141285	1.233836e+2	991	275
MRPL44	0.141129	1.232477e+2	992	277
GNGT1	0.141124	1.232432e+2	993	329
H4C7	0.141052	1.231797e+2	994	335
GTF2F1	0.141021	1.231531e+2	995	288
TRAF3	0.140944	1.230859e+2	996	334
CCT6A	0.140866	1.230178e+2	997	351
CRK	0.140790	1.229513e+2	998	313
TIMP1	0.140790	1.229513e+2	999	369
FLT3	0.140789	1.229503e+2	1000	333
CDH5	0.140635	1.228157e+2	1001	365
GATA1	0.140535	1.227288e+2	1002	358
XIAP	0.140491	1.226900e+2	1003	335
NDUFB8	0.140468	1.226698e+2	1004	264
SST	0.140433	1.226391e+2	1005	344
RAD23A	0.140409	1.226184e+2	1006	365
RRP12	0.140341	1.225588e+2	1007	279
COX5A	0.140194	1.224303e+2	1008	262
SF3B5	0.140092	1.223417e+2	1009	269
RAF1	0.140076	1.223274e+2	1010	315
VTN	0.139883	1.221587e+2	1011	330
U2AF1	0.139712	1.220100e+2	1012	321
SLC2A4	0.139621	1.219306e+2	1013	370
AGO1	0.139599	1.219107e+2	1014	346
RCL1	0.139558	1.218757e+2	1015	266
UTP15	0.139474	1.218018e+2	1016	272
PRMT5	0.139442	1.217742e+2	1017	337
HSPE1	0.139399	1.217363e+2	1018	380
SKP2	0.139384	1.217237e+2	1019	339
NDUFB9	0.139238	1.215958e+2	1020	270
IGF2	0.139163	1.215304e+2	1021	346
MRPS35	0.139060	1.214405e+2	1022	250
VAMP3	0.138991	1.213799e+2	1023	368
CASP9	0.138914	1.213132e+2	1024	342
PGR	0.138889	1.212908e+2	1025	357
RPF1	0.138839	1.212470e+2	1026	272
SRRM1	0.138831	1.212402e+2	1027	274
TLN1	0.138794	1.212085e+2	1028	322
CCK	0.138480	1.209335e+2	1029	373
DCTN1	0.138431	1.208907e+2	1030	316
CFL1	0.138367	1.208354e+2	1031	345
HCLS1	0.138343	1.208139e+2	1032	329
NTRK2	0.138335	1.208073e+2	1033	344
RPTOR	0.138247	1.207301e+2	1034	318
CENPE	0.138204	1.206929e+2	1035	314
FGF9	0.138102	1.206041e+2	1036	357
KPNA2	0.138100	1.206022e+2	1037	357
RARA	0.137911	1.204366e+2	1038	346
HLA-A	0.137904	1.204306e+2	1039	329
BCL6	0.137823	1.203603e+2	1040	348
MRPS18A	0.137698	1.202513e+2	1041	268
MRPL34	0.137691	1.202453e+2	1042	256
CDC40	0.137668	1.202244e+2	1043	259
SEC61A2	0.137538	1.201111e+2	1044	281
ATG7	0.137416	1.200046e+2	1045	341
SEC61B	0.137278	1.198846e+2	1046	260
COL1A2	0.137146	1.197692e+2	1047	337
ENO2	0.137138	1.197623e+2	1048	358
C3	0.137007	1.196477e+2	1049	326
MCM6	0.136945	1.195934e+2	1050	309
ZAP70	0.136942	1.195911e+2	1051	331
PRF1	0.136825	1.194883e+2	1052	345
MRPS18C	0.136818	1.194821e+2	1053	273
WNT5A	0.136791	1.194585e+2	1054	362
CDC25A	0.136788	1.194565e+2	1055	352
ACOX1	0.136739	1.194136e+2	1056	325
YAP1	0.136704	1.193826e+2	1057	320
MDH2	0.136626	1.193145e+2	1058	329
H2AJ	0.136620	1.193099e+2	1059	337
TAF6	0.136555	1.192532e+2	1060	238
HMGCR	0.136553	1.192511e+2	1061	349
ANXA2	0.136482	1.191886e+2	1062	354
CD2	0.136438	1.191505e+2	1063	326
SDAD1	0.136351	1.190744e+2	1064	291
MLH1	0.136287	1.190184e+2	1065	332
ANLN	0.136286	1.190182e+2	1066	362
IL2RA	0.136284	1.190163e+2	1067	322
CD163	0.136192	1.189362e+2	1068	356
RPA2	0.136173	1.189192e+2	1069	287
FGF3	0.136129	1.188807e+2	1070	352
VAV1	0.136112	1.188657e+2	1071	316
SHMT2	0.136100	1.188552e+2	1072	338
NDUFA2	0.136092	1.188487e+2	1073	267
LGALS3	0.135878	1.186615e+2	1074	347
FGF5	0.135857	1.186433e+2	1075	354
H7C0C1_HUMAN	0.135712	1.185165e+2	1076	296
UPF1	0.135701	1.185073e+2	1077	323
WDR74	0.135648	1.184603e+2	1078	273
SMC3	0.135522	1.183504e+2	1079	323
NCOA3	0.135467	1.183024e+2	1080	316
NDUFA12	0.135440	1.182790e+2	1081	253
IRF7	0.135399	1.182430e+2	1082	305
ACO1	0.135265	1.181262e+2	1083	349
GNGT2	0.135185	1.180560e+2	1084	317
SF3A2	0.135141	1.180178e+2	1085	236
MT-ND1	0.135040	1.179296e+2	1086	277
EDN1	0.134979	1.178763e+2	1087	352
CTTN	0.134970	1.178682e+2	1088	334
PSMG1	0.134901	1.178087e+2	1089	301
CD27	0.134788	1.177098e+2	1090	324
NME2	0.134726	1.176557e+2	1091	328
KCNQ1	0.134692	1.176255e+2	1092	342
EPAS1	0.134668	1.176051e+2	1093	365
CCNH	0.134485	1.174455e+2	1094	268
ERBB4	0.134399	1.173701e+2	1095	307
ATG5	0.134327	1.173069e+2	1096	318
UBD	0.134247	1.172376e+2	1097	359
CXCR3	0.134223	1.172159e+2	1098	313
FGF17	0.134116	1.171226e+2	1099	347
MRE11	0.134072	1.170845e+2	1100	312
PSMB9	0.134037	1.170537e+2	1101	345
DHX8	0.133962	1.169882e+2	1102	294
CD69	0.133937	1.169663e+2	1103	347
NDUFB7	0.133900	1.169342e+2	1104	259
GSR	0.133897	1.169318e+2	1105	332
PNPT1	0.133880	1.169171e+2	1106	341
VARS1	0.133878	1.169150e+2	1107	349
IL3	0.133825	1.168689e+2	1108	325
GNG4	0.133810	1.168553e+2	1109	319
IRF4	0.133743	1.167967e+2	1110	363
PTBP1	0.133654	1.167198e+2	1111	323
MECP2	0.133530	1.166114e+2	1112	321
COX7C	0.133477	1.165648e+2	1113	258
CD247	0.133398	1.164957e+2	1114	312
TUBA1A	0.133330	1.164364e+2	1115	315
GNG12	0.133250	1.163668e+2	1116	310
CTBP1	0.133234	1.163530e+2	1117	328
H3C2	0.133088	1.162253e+2	1118	219
UTP11	0.133082	1.162198e+2	1119	244
ENTPD1	0.133082	1.162198e+2	1120	302
ASH2L	0.132986	1.161356e+2	1121	292
UQCRQ	0.132898	1.160596e+2	1122	259
MEN1	0.132763	1.159409e+2	1123	337
NDC80	0.132705	1.158908e+2	1124	294
DLD	0.132652	1.158443e+2	1125	336
EIF4A2	0.132636	1.158306e+2	1126	320
AASDH	0.132632	1.158268e+2	1127	374
ATP5PD	0.132595	1.157945e+2	1128	296
TGFBR2	0.132534	1.157410e+2	1129	344
PSMD7	0.132492	1.157044e+2	1130	337
TAF4	0.132465	1.156812e+2	1131	233
TRAF2	0.132415	1.156370e+2	1132	286
ERBB3	0.132362	1.155909e+2	1133	308
UTP20	0.132318	1.155530e+2	1134	240
RIOK2	0.132267	1.155078e+2	1135	278
SNRPB2	0.131995	1.152707e+2	1136	248
LOC102723407	0.131785	1.150869e+2	1137	297
NDUFA6	0.131557	1.148878e+2	1138	254
MAVS	0.131532	1.148662e+2	1139	309
FBLL1	0.131502	1.148397e+2	1140	288
PRPF31	0.131428	1.147754e+2	1141	250
UTP14C	0.131416	1.147650e+2	1142	269
POLE	0.131323	1.146839e+2	1143	294
RHO	0.131254	1.146238e+2	1144	323
PPP2CB	0.131233	1.146047e+2	1145	275
LOC102724159	0.131193	1.145701e+2	1146	262
WASL	0.131124	1.145103e+2	1147	298
CYBB	0.130992	1.143949e+2	1148	335
ACE	0.130805	1.142317e+2	1149	344
CLU	0.130785	1.142138e+2	1150	317
DVL1	0.130720	1.141574e+2	1151	307
TSC2	0.130675	1.141181e+2	1152	314
GPX2	0.130608	1.140589e+2	1153	326
TPT1	0.130550	1.140087e+2	1154	268
UQCR10	0.130548	1.140073e+2	1155	248
NDUFS4	0.130525	1.139870e+2	1156	245
SERPINA1	0.130342	1.138269e+2	1157	332
DNA2	0.130316	1.138045e+2	1158	300
UBE2S	0.130281	1.137740e+2	1159	303
H3C10	0.130276	1.137696e+2	1160	211
MAPK11	0.130246	1.137432e+2	1161	292
TNFSF11	0.130195	1.136984e+2	1162	358
SP1	0.130144	1.136539e+2	1163	314
RBMX	0.130108	1.136230e+2	1164	307
MAP1LC3B	0.130098	1.136137e+2	1165	322
NDUFS6	0.130092	1.136084e+2	1166	253
LMNA	0.130048	1.135699e+2	1167	346
LEO1	0.130029	1.135539e+2	1168	285
PDCD1	0.130025	1.135499e+2	1169	324
PLK4	0.129984	1.135141e+2	1170	316
DNMT3B	0.129957	1.134904e+2	1171	302
GABARAPL2	0.129956	1.134897e+2	1172	302
KLF4	0.129910	1.134495e+2	1173	353
ESR2	0.129829	1.133789e+2	1174	334
MPO	0.129786	1.133418e+2	1175	327
STX5	0.129774	1.133313e+2	1176	299
CDC25C	0.129711	1.132759e+2	1177	294
WDR18	0.129702	1.132685e+2	1178	273
PLEK2	0.129673	1.132427e+2	1179	332
MLLT3	0.129526	1.131142e+2	1180	267
SYP	0.129499	1.130906e+2	1181	335
ERCC6	0.129468	1.130638e+2	1182	275
TYK2	0.129296	1.129133e+2	1183	289
DDX6	0.129285	1.129036e+2	1184	318
GCN1	0.129153	1.127883e+2	1185	283
UTY	0.129128	1.127670e+2	1186	335
GAD1	0.129080	1.127246e+2	1187	318
H3C7	0.129001	1.126563e+2	1188	209
SOCS1	0.128893	1.125617e+2	1189	316
MYH9	0.128865	1.125368e+2	1190	321
FCF1	0.128833	1.125093e+2	1191	251
CDH17	0.128812	1.124910e+2	1192	334
STAT6	0.128701	1.123939e+2	1193	315
UQCRB	0.128656	1.123549e+2	1194	246
CX3CR1	0.128512	1.122290e+2	1195	316
BLM	0.128422	1.121500e+2	1196	289
THY1	0.128356	1.120929e+2	1197	338
TNFSF13B	0.128302	1.120457e+2	1198	361
CEBPZ	0.128286	1.120311e+2	1199	263
NSUN6	0.128272	1.120192e+2	1200	267
TTN	0.127942	1.117310e+2	1201	310
GAD2	0.127876	1.116735e+2	1202	311
SRRM2	0.127800	1.116069e+2	1203	239
H3C4	0.127793	1.116008e+2	1204	206
TAF10	0.127756	1.115684e+2	1205	222
GATA2	0.127755	1.115674e+2	1206	349
GTF2H4	0.127749	1.115626e+2	1207	254
FGF20	0.127710	1.115284e+2	1208	334
GPX3	0.127674	1.114974e+2	1209	316
DCN	0.127557	1.113953e+2	1210	305
GNG3	0.127535	1.113753e+2	1211	301
H3C8	0.127457	1.113072e+2	1212	205
ORC1	0.127431	1.112849e+2	1213	317
NEK2	0.127416	1.112716e+2	1214	295
ASPM	0.127412	1.112685e+2	1215	281
LYAR	0.127369	1.112308e+2	1216	258
EIF3F	0.127342	1.112074e+2	1217	278
CTPS1	0.127312	1.111805e+2	1218	340
MAP3K7	0.127271	1.111454e+2	1219	269
NDUFS7	0.127119	1.110122e+2	1220	245
FGF18	0.127117	1.110105e+2	1221	329
RFC3	0.127032	1.109367e+2	1222	299
HAVCR2	0.126988	1.108982e+2	1223	323
ILF3	0.126819	1.107507e+2	1224	305
LMNB1	0.126448	1.104262e+2	1225	343
MARS1	0.126417	1.103990e+2	1226	323
GABARAPL1	0.126401	1.103858e+2	1227	288
GNG11	0.126289	1.102879e+2	1228	300
VIM	0.126118	1.101384e+2	1229	338
DVL2	0.126113	1.101338e+2	1230	305
ATF4	0.126056	1.100843e+2	1231	294
NCK1	0.125976	1.100141e+2	1232	286
EIF3E	0.125959	1.099998e+2	1233	260
DDX10	0.125876	1.099270e+2	1234	273
GTF2H1	0.125785	1.098477e+2	1235	248
JAK3	0.125732	1.098011e+2	1236	270
TBX21	0.125566	1.096563e+2	1237	306
TCEA1	0.125551	1.096432e+2	1238	254
MSN	0.125507	1.096045e+2	1239	314
PSMB2	0.125456	1.095601e+2	1240	318
RBM28	0.125394	1.095058e+2	1241	252
TGFA	0.125375	1.094894e+2	1242	322
ATP5MC3	0.125332	1.094519e+2	1243	291
TFB2M	0.125321	1.094422e+2	1244	317
ITGA4	0.125296	1.094205e+2	1245	289
IL22	0.125295	1.094193e+2	1246	299
NDUFB10	0.125257	1.093866e+2	1247	238
H3C11	0.125212	1.093474e+2	1248	201
SNRPN	0.125191	1.093286e+2	1249	248
PRKCB	0.125108	1.092564e+2	1250	263
MRPL30	0.125034	1.091919e+2	1251	239
APEX1	0.124999	1.091608e+2	1252	292
MT-CYB	0.124988	1.091516e+2	1253	265
RRP7A	0.124959	1.091258e+2	1254	229
BIRC2	0.124943	1.091119e+2	1255	291
UBE3A	0.124912	1.090849e+2	1256	292
SF3B4	0.124908	1.090818e+2	1257	231
FBXO5	0.124892	1.090674e+2	1258	321
TSC1	0.124887	1.090628e+2	1259	296
EIF3A	0.124836	1.090188e+2	1260	279
RING1	0.124775	1.089654e+2	1261	260
GLI1	0.124763	1.089548e+2	1262	341
NOS3	0.124759	1.089510e+2	1263	301
PUM3	0.124698	1.088983e+2	1264	253
F2	0.124614	1.088248e+2	1265	284
EED	0.124574	1.087894e+2	1266	287
POLR1D	0.124493	1.087195e+2	1267	289
SSBP1	0.124355	1.085989e+2	1268	329
DTL	0.124327	1.085741e+2	1269	278
PMPCB	0.124317	1.085655e+2	1270	291
CD9	0.124294	1.085456e+2	1271	315
SMC4	0.124280	1.085330e+2	1272	301
PSMC6	0.124247	1.085038e+2	1273	326
POTEF	0.124209	1.084715e+2	1274	355
MNAT1	0.124139	1.084099e+2	1275	248
NPY	0.124116	1.083897e+2	1276	298
XAB2	0.124073	1.083522e+2	1277	238
GTF2F2	0.124004	1.082919e+2	1278	252
CYP2E1	0.123889	1.081920e+2	1279	256
RRP1	0.123885	1.081884e+2	1280	255
GPX7	0.123855	1.081619e+2	1281	304
INSR	0.123854	1.081607e+2	1282	297
DAXX	0.123827	1.081374e+2	1283	275
EEF1D	0.123814	1.081260e+2	1284	275
MCM10	0.123813	1.081251e+2	1285	262
UBQLN1	0.123699	1.080255e+2	1286	328
DDX47	0.123690	1.080176e+2	1287	275
UBA1	0.123635	1.079694e+2	1288	306
SNRNP40	0.123564	1.079075e+2	1289	216
TTK	0.123494	1.078465e+2	1290	264
RAD52	0.123483	1.078369e+2	1291	264
PRPF3	0.123471	1.078264e+2	1292	247
GTF2H2	0.123441	1.078004e+2	1293	248
FGF6	0.123428	1.077892e+2	1294	320
EEFSEC	0.123343	1.077150e+2	1295	246
CRNKL1	0.123332	1.077055e+2	1296	233
FGF16	0.123231	1.076168e+2	1297	321
EPO	0.123201	1.075904e+2	1298	308
NUF2	0.123178	1.075706e+2	1299	261
HNRNPR	0.123106	1.075078e+2	1300	302
SLC2A1	0.123079	1.074843e+2	1301	346
RACGAP1	0.123017	1.074300e+2	1302	298
GNG5	0.122949	1.073705e+2	1303	292
NRXN1	0.122871	1.073029e+2	1304	320
ITSN1	0.122774	1.072180e+2	1305	303
KCNQ2	0.122608	1.070730e+2	1306	321
CXCR2	0.122596	1.070628e+2	1307	280
ITGAV	0.122542	1.070149e+2	1308	278
BUB3	0.122453	1.069380e+2	1309	292
SUPT4H1	0.122392	1.068842e+2	1310	258
BCS1L	0.122339	1.068378e+2	1311	300
KMT2C	0.122332	1.068320e+2	1312	282
GATA4	0.122268	1.067761e+2	1313	324
PFN1	0.122224	1.067378e+2	1314	305
CHD3	0.122224	1.067374e+2	1315	310
GNG8	0.122203	1.067189e+2	1316	300
AP2M1	0.122119	1.066456e+2	1317	298
PNO1	0.122082	1.066134e+2	1318	232
PIK3CG	0.122072	1.066046e+2	1319	269
PSMD8	0.122055	1.065901e+2	1320	306
CCN2	0.122045	1.065813e+2	1321	315
CXCR5	0.122043	1.065793e+2	1322	282
FGF22	0.122026	1.065644e+2	1323	315
RPA3	0.122004	1.065458e+2	1324	272
MYOD1	0.121857	1.064172e+2	1325	307
GNG10	0.121857	1.064167e+2	1326	292
HSPA1A	0.121793	1.063609e+2	1327	327
TGFBR1	0.121788	1.063570e+2	1328	313
MAGOHB	0.121756	1.063286e+2	1329	226
AKNAD1	0.121733	1.063084e+2	1330	223
MED17	0.121713	1.062916e+2	1331	237
CBX3	0.121674	1.062575e+2	1332	267
RIPK1	0.121504	1.061090e+2	1333	260
HNRNPD	0.121486	1.060934e+2	1334	316
GLUL	0.121233	1.058718e+2	1335	314
MYBBP1A	0.121150	1.057995e+2	1336	292
RRP8	0.121129	1.057812e+2	1337	284
TOP1	0.121101	1.057573e+2	1338	309
ENPP1	0.121065	1.057259e+2	1339	224
GTF2H3	0.121051	1.057135e+2	1340	234
SUPT6H	0.121031	1.056959e+2	1341	263
DDX17	0.120946	1.056213e+2	1342	316
LOX	0.120909	1.055889e+2	1343	341
CUL4B	0.120888	1.055711e+2	1344	274
FLT1	0.120786	1.054815e+2	1345	290
H2AC13	0.120699	1.054061e+2	1346	239
GPX8	0.120693	1.054004e+2	1347	298
NLRP3	0.120645	1.053587e+2	1348	298
HMGB1	0.120578	1.053001e+2	1349	303
ATP6V0C	0.120513	1.052436e+2	1350	283
DRD2	0.120433	1.051735e+2	1351	297
LPL	0.120389	1.051354e+2	1352	274
PSMB8	0.120351	1.051018e+2	1353	308
OXA1L	0.120235	1.050002e+2	1354	260
FCGR2A	0.120206	1.049755e+2	1355	320
IL2RB	0.120147	1.049235e+2	1356	289
BMP2	0.120103	1.048851e+2	1357	294
EWSR1	0.119988	1.047851e+2	1358	304
CUL2	0.119967	1.047662e+2	1359	267
CAPZB	0.119849	1.046636e+2	1360	305
TWISTNB	0.119835	1.046516e+2	1361	271
VAMP7	0.119832	1.046490e+2	1362	281
ARID1A	0.119827	1.046446e+2	1363	273
PHF5A	0.119818	1.046362e+2	1364	224
ALK	0.119772	1.045964e+2	1365	299
KITLG	0.119771	1.045952e+2	1366	306
EIF3C	0.119762	1.045873e+2	1367	262
CCR6	0.119725	1.045555e+2	1368	271
TSG101	0.119701	1.045344e+2	1369	275
PDHB	0.119681	1.045165e+2	1370	269
CCL20	0.119592	1.044394e+2	1371	286
FCGR1A	0.119540	1.043933e+2	1372	313
HSPA2	0.119528	1.043832e+2	1373	304
GTF2H5	0.119517	1.043733e+2	1374	238
CTSS	0.119504	1.043623e+2	1375	327
G6PD	0.119455	1.043191e+2	1376	301
REL	0.119447	1.043121e+2	1377	328
ACE2	0.119401	1.042727e+2	1378	303
DDB2	0.119320	1.042018e+2	1379	255
WT1	0.119270	1.041579e+2	1380	324
DDX28	0.119204	1.041003e+2	1381	268
BIN1	0.118992	1.039148e+2	1382	294
GPX5	0.118974	1.038994e+2	1383	299
SNAI2	0.118937	1.038675e+2	1384	327
PSMB6	0.118936	1.038659e+2	1385	310
KLRK1	0.118909	1.038430e+2	1386	285
CYP1A1	0.118898	1.038328e+2	1387	250
AKT3	0.118868	1.038070e+2	1388	260
CCR1	0.118843	1.037851e+2	1389	274
RCOR1	0.118838	1.037806e+2	1390	260
RAC3	0.118782	1.037318e+2	1391	234
DHX38	0.118780	1.037297e+2	1392	250
SMC1A	0.118744	1.036983e+2	1393	290
CPSF6	0.118638	1.036058e+2	1394	285
NUP153	0.118620	1.035901e+2	1395	277
IRF8	0.118568	1.035447e+2	1396	336
GRIN2A	0.118446	1.034381e+2	1397	280
TAF12	0.118434	1.034276e+2	1398	202
GPX6	0.118328	1.033349e+2	1399	294
P4HB	0.118321	1.033288e+2	1400	310
HLA-DRB1	0.118238	1.032564e+2	1401	305
CENPF	0.118233	1.032521e+2	1402	250
ITSN2	0.118207	1.032296e+2	1403	305
RAD18	0.118095	1.031319e+2	1404	279
OPTN	0.118061	1.031025e+2	1405	289
LTF	0.118035	1.030794e+2	1406	296
ACTA1	0.117993	1.030425e+2	1407	272
PTPN6	0.117964	1.030175e+2	1408	269
NME1	0.117946	1.030020e+2	1409	294
PSME3	0.117945	1.030009e+2	1410	319
PRAMEF15	0.117911	1.029708e+2	1411	284
BIRC3	0.117830	1.029005e+2	1412	286
PPIA	0.117732	1.028148e+2	1413	312
MT-CO3	0.117700	1.027872e+2	1414	225
METAP2	0.117685	1.027739e+2	1415	298
DYNLL1	0.117685	1.027739e+2	1416	287
WDR61	0.117603	1.027021e+2	1417	249
ITPR3	0.117596	1.026960e+2	1418	266
NGFR	0.117556	1.026608e+2	1419	271
USP14	0.117524	1.026333e+2	1420	274
CD5	0.117524	1.026333e+2	1421	291
SETD1A	0.117408	1.025314e+2	1422	281
PSMD6	0.117370	1.024989e+2	1423	293
MUS81	0.117356	1.024868e+2	1424	269
HNRNPL	0.117345	1.024768e+2	1425	284
DDX52	0.117345	1.024765e+2	1426	248
FOXA1	0.117081	1.022466e+2	1427	303
PRPF6	0.117076	1.022418e+2	1428	237
ERCC1	0.117022	1.021944e+2	1429	251
IDO1	0.116959	1.021397e+2	1430	298
PRL	0.116944	1.021263e+2	1431	290
GRIA2	0.116901	1.020887e+2	1432	286
HSPG2	0.116876	1.020675e+2	1433	273
TAF7	0.116782	1.019854e+2	1434	192
SEC61G	0.116765	1.019702e+2	1435	227
CD33	0.116731	1.019408e+2	1436	311
APRT	0.116730	1.019398e+2	1437	265
ITGA5	0.116721	1.019317e+2	1438	266
H2AB1	0.116618	1.018415e+2	1439	317
NES	0.116614	1.018387e+2	1440	310
EPHA2	0.116551	1.017830e+2	1441	285
BCL2L11	0.116512	1.017491e+2	1442	299
POLR1E	0.116416	1.016658e+2	1443	261
EIF3D	0.116239	1.015111e+2	1444	239
SELP	0.116090	1.013810e+2	1445	288
KIF4A	0.116052	1.013476e+2	1446	262
NDUFB5	0.115987	1.012909e+2	1447	213
DDX27	0.115899	1.012143e+2	1448	251
BTF3	0.115893	1.012089e+2	1449	255
TFAM	0.115890	1.012058e+2	1450	304
ADSL	0.115813	1.011385e+2	1451	263
TPR	0.115724	1.010610e+2	1452	282
HPRT1	0.115710	1.010493e+2	1453	280
WNT3A	0.115688	1.010293e+2	1454	280
TPM3	0.115563	1.009208e+2	1455	286
OASL	0.115477	1.008452e+2	1456	294
VAMP8	0.115439	1.008120e+2	1457	269
ATIC	0.115418	1.007936e+2	1458	273
PSMD3	0.115388	1.007675e+2	1459	293
FGFR3	0.115345	1.007302e+2	1460	257
ICOS	0.115244	1.006421e+2	1461	276
RAB7A	0.115213	1.006149e+2	1462	313
CXCL11	0.115140	1.005509e+2	1463	275
MRPS34	0.115110	1.005254e+2	1464	231
HNRNPDL	0.115026	1.004513e+2	1465	292
STK11	0.115021	1.004470e+2	1466	288
PSMB1	0.114918	1.003570e+2	1467	294
KIF14	0.114890	1.003326e+2	1468	277
RBBP8	0.114881	1.003253e+2	1469	255
TAF5	0.114852	1.002998e+2	1470	201
CYP1A2	0.114710	1.001758e+2	1471	241
KIF5B	0.114602	1.000814e+2	1472	277
CSF3R	0.114538	1.000256e+2	1473	277
ASF1B	0.114514	1.000045e+2	1474	258
DLGAP5	0.114509	1.000005e+2	1475	237
IL10RA	0.114469	9.996515e+1	1476	283
PDHA1	0.114468	9.996466e+1	1477	304
MT-ND3	0.114452	9.995039e+1	1478	219
DNTTIP2	0.114417	9.991969e+1	1479	215
NOD2	0.114392	9.989771e+1	1480	288
AGTR2	0.114332	9.984557e+1	1481	323
KHDRBS1	0.114309	9.982578e+1	1482	275
PAK2	0.114263	9.978507e+1	1483	318
UBE2M	0.114198	9.972820e+1	1484	289
WDHD1	0.113917	9.948326e+1	1485	269
MRPS22	0.113886	9.945612e+1	1486	223
PLRG1	0.113844	9.941912e+1	1487	206
PCBP1	0.113815	9.939375e+1	1488	292
ATP5MC2	0.113813	9.939253e+1	1489	268
NUP214	0.113652	9.925167e+1	1490	268
HSD3B1	0.113647	9.924699e+1	1491	276
LCP2	0.113599	9.920579e+1	1492	270
ITGAL	0.113530	9.914544e+1	1493	272
IL6R	0.113527	9.914290e+1	1494	257
MED21	0.113500	9.911916e+1	1495	231
PRAMEF6	0.113450	9.907530e+1	1496	271
HLA-DRA	0.113231	9.888375e+1	1497	286
UHRF1	0.113159	9.882154e+1	1498	268
STX1A	0.113144	9.880803e+1	1499	253
FURIN	0.113133	9.879875e+1	1500	302
MT-ND5	0.113064	9.873833e+1	1501	225
XRN2	0.112994	9.867752e+1	1502	306
NCOA1	0.112938	9.862825e+1	1503	272
TLR8	0.112929	9.862049e+1	1504	300
CDC27	0.112794	9.850286e+1	1505	261
PSEN1	0.112776	9.848672e+1	1506	282
MED6	0.112765	9.847682e+1	1507	214
NXF1	0.112742	9.845680e+1	1508	248
GNA11	0.112713	9.843164e+1	1509	243
NDUFS5	0.112669	9.839367e+1	1510	223
SART1	0.112663	9.838840e+1	1511	217
MRPS25	0.112632	9.836138e+1	1512	203
H3-3A	0.112611	9.834263e+1	1513	205
MFN2	0.112594	9.832759e+1	1514	283
GAGE2A	0.112568	9.830519e+1	1515	268
ADRB2	0.112545	9.828492e+1	1516	286
SRSF6	0.112538	9.827924e+1	1517	270
SUCLG2	0.112529	9.827078e+1	1518	267
CD81	0.112495	9.824127e+1	1519	277
PSMB7	0.112406	9.816400e+1	1520	294
COL3A1	0.112382	9.814243e+1	1521	280
SPG7	0.112358	9.812125e+1	1522	280
DDX23	0.112339	9.810519e+1	1523	244
BGN	0.112313	9.808217e+1	1524	283
FCER1G	0.112301	9.807229e+1	1525	269
CTSB	0.112251	9.802782e+1	1526	303
UBL4A	0.112189	9.797394e+1	1527	282
KIF15	0.112152	9.794200e+1	1528	247
CFL2	0.112147	9.793708e+1	1529	283
ACACA	0.112112	9.790724e+1	1530	284
CBFB	0.112056	9.785796e+1	1531	274
SMARCA2	0.112050	9.785287e+1	1532	255
ROCK1	0.111892	9.771499e+1	1533	290
MMP3	0.111851	9.767887e+1	1534	292
ARF6	0.111716	9.756121e+1	1535	271
MAPK12	0.111647	9.750112e+1	1536	234
CCNT1	0.111618	9.747584e+1	1537	242
YWHAG	0.111565	9.742904e+1	1538	294
SUV39H1	0.111540	9.740749e+1	1539	259
UBA3	0.111425	9.730654e+1	1540	277
METAP1	0.111303	9.720063e+1	1541	290
TAC1	0.111276	9.717712e+1	1542	281
NEDD4	0.111180	9.709290e+1	1543	272
DDX49	0.111159	9.707427e+1	1544	257
DNAJB1	0.111135	9.705327e+1	1545	272
EPCAM	0.111015	9.694855e+1	1546	296
PSMB4	0.110932	9.687645e+1	1547	281
PRKCG	0.110895	9.684428e+1	1548	232
HCFC1	0.110824	9.678234e+1	1549	236
FCGR2B	0.110765	9.673016e+1	1550	292
IL2RG	0.110728	9.669797e+1	1551	264
CDC23	0.110716	9.668773e+1	1552	263
MRM2	0.110672	9.664922e+1	1553	248
HABP4	0.110653	9.663312e+1	1554	243
CCRL2	0.110642	9.662343e+1	1555	280
DOT1L	0.110588	9.657580e+1	1556	237
RFC2	0.110436	9.644297e+1	1557	253
MX1	0.110352	9.637005e+1	1558	268
SETDB1	0.110302	9.632595e+1	1559	267
GNA13	0.110250	9.628107e+1	1560	246
PTK2B	0.110181	9.622012e+1	1561	264
PHGDH	0.110153	9.619638e+1	1562	313
PTTG1	0.110053	9.610906e+1	1563	250
FGF13	0.110015	9.607555e+1	1564	282
GAGE1	0.109980	9.604485e+1	1565	259
KIF18A	0.109964	9.603106e+1	1566	256
MT-ND2	0.109954	9.602250e+1	1567	209
IFNAR1	0.109873	9.595189e+1	1568	249
GABARAP	0.109849	9.593094e+1	1569	242
NDUFB6	0.109828	9.591235e+1	1570	207
REN	0.109797	9.588533e+1	1571	290
MKI67	0.109790	9.587874e+1	1572	264
STAT2	0.109669	9.577381e+1	1573	246
RET	0.109610	9.572177e+1	1574	269
MED7	0.109398	9.553710e+1	1575	213
AP2B1	0.109395	9.553433e+1	1576	252
DDX55	0.109387	9.552749e+1	1577	265
MRPL38	0.109273	9.542725e+1	1578	201
MRPL54	0.109266	9.542166e+1	1579	211
CACNA1D	0.109260	9.541624e+1	1580	225
ATF2	0.109248	9.540581e+1	1581	245
PML	0.109231	9.539050e+1	1582	286
ERVW-1	0.109179	9.534552e+1	1583	295
KMT2D	0.109169	9.533670e+1	1584	277
POLE2	0.109064	9.524511e+1	1585	251
TEX10	0.108970	9.516278e+1	1586	233
MED24	0.108913	9.511280e+1	1587	219
ITGA2	0.108873	9.507861e+1	1588	241
IKZF1	0.108854	9.506194e+1	1589	290
TAF2	0.108809	9.502231e+1	1590	195
CRKL	0.108741	9.496311e+1	1591	239
MYCN	0.108737	9.495948e+1	1592	298
LSM4	0.108732	9.495477e+1	1593	216
IL3RA	0.108717	9.494179e+1	1594	260
MALSU1	0.108649	9.488281e+1	1595	223
SNRPC	0.108610	9.484874e+1	1596	232
SRSF7	0.108578	9.482044e+1	1597	256
EIF3M	0.108484	9.473864e+1	1598	226
RYR2	0.108399	9.466458e+1	1599	250
NCAPG	0.108399	9.466434e+1	1600	221
RAB1A	0.108374	9.464272e+1	1601	257
PSMD13	0.108346	9.461828e+1	1602	276
IL1R1	0.108336	9.460922e+1	1603	267
MRPL39	0.108310	9.458660e+1	1604	205
CDC16	0.108293	9.457130e+1	1605	250
UBE2V2	0.108285	9.456494e+1	1606	265
NSF	0.108278	9.455905e+1	1607	256
BRD2	0.108274	9.455541e+1	1608	269
TK1	0.108269	9.455104e+1	1609	265
CWC15	0.108225	9.451268e+1	1610	193
CBS	0.108132	9.443090e+1	1611	282
CD63	0.108108	9.441020e+1	1612	278
MFAP1	0.108102	9.440476e+1	1613	206
EPS15	0.108100	9.440339e+1	1614	248
CWC22	0.108031	9.434327e+1	1615	189
EOMES	0.107995	9.431163e+1	1616	287
FKBP1A	0.107971	9.429085e+1	1617	263
MYSM1	0.107960	9.428069e+1	1618	296
AFG3L2	0.107957	9.427797e+1	1619	284
DLAT	0.107951	9.427306e+1	1620	261
MED31	0.107878	9.420927e+1	1621	211
MRPL10	0.107862	9.419542e+1	1622	189
SHMT1	0.107826	9.416419e+1	1623	261
HJURP	0.107766	9.411133e+1	1624	216
NDUFB3	0.107754	9.410107e+1	1625	201
ILF2	0.107646	9.400676e+1	1626	273
COX6B1	0.107619	9.398297e+1	1627	205
PAK1	0.107560	9.393152e+1	1628	279
H1-0	0.107527	9.390255e+1	1629	249
CTR9	0.107466	9.384959e+1	1630	211
PRKCD	0.107388	9.378114e+1	1631	253
GAGE12G	0.107335	9.373499e+1	1632	254
GAGE12F	0.107331	9.373147e+1	1633	254
TRA2B	0.107253	9.366377e+1	1634	251
CXCL13	0.107201	9.361830e+1	1635	258
ENG	0.107146	9.356982e+1	1636	275
NUDCD1	0.106984	9.342893e+1	1637	247
MLLT1	0.106923	9.337506e+1	1638	219
POLA1	0.106807	9.327424e+1	1639	243
PSMB3	0.106785	9.325441e+1	1640	271
CARM1	0.106737	9.321311e+1	1641	260
FLNC	0.106688	9.317012e+1	1642	258
CCL19	0.106679	9.316196e+1	1643	257
ADCY3	0.106668	9.315284e+1	1644	235
YWHAQ	0.106649	9.313561e+1	1645	268
PROM1	0.106585	9.308022e+1	1646	285
EIF3H	0.106444	9.295659e+1	1647	221
ESF1	0.106378	9.289905e+1	1648	212
CDC37	0.106368	9.289096e+1	1649	249
HCK	0.106362	9.288579e+1	1650	258
RTF1	0.106301	9.283204e+1	1651	217
AK9	0.106238	9.277726e+1	1652	239
EIF1	0.106238	9.277671e+1	1653	214
TH	0.106224	9.276473e+1	1654	263
JUP	0.106209	9.275212e+1	1655	288
MED10	0.106170	9.271763e+1	1656	211
SEM1	0.106101	9.265778e+1	1657	296
UBXN7	0.106043	9.260654e+1	1658	255
HLA-B	0.105998	9.256759e+1	1659	253
MED26	0.105958	9.253227e+1	1660	193
LSM3	0.105879	9.246400e+1	1661	209
ELN	0.105855	9.244246e+1	1662	256
PRPF38A	0.105837	9.242655e+1	1663	203
SRRT	0.105786	9.238259e+1	1664	236
FAS	0.105771	9.236899e+1	1665	270
IFNA2	0.105621	9.223815e+1	1666	239
CD79A	0.105600	9.222028e+1	1667	259
PRAMEF2	0.105579	9.220149e+1	1668	264
KDM5C	0.105571	9.219466e+1	1669	283
GHRL	0.105538	9.216610e+1	1670	252
HDAC5	0.105454	9.209219e+1	1671	259
AP2A1	0.105410	9.205390e+1	1672	246
GSN	0.105400	9.204532e+1	1673	253
ATP6V0B	0.105387	9.203432e+1	1674	248
AK1	0.105325	9.197942e+1	1675	271
SFPQ	0.105303	9.196047e+1	1676	255
TALDO1	0.105221	9.188916e+1	1677	249
PRAMEF1	0.105215	9.188361e+1	1678	263
CCNE2	0.105172	9.184616e+1	1679	276
SNIP1	0.105104	9.178647e+1	1680	201
DDX54	0.105048	9.173807e+1	1681	233
IGF2R	0.105023	9.171576e+1	1682	277
RELB	0.104983	9.168119e+1	1683	293
AREG	0.104982	9.168050e+1	1684	281
HBS1L	0.104966	9.166649e+1	1685	198
TOPBP1	0.104870	9.158271e+1	1686	238
RARS1	0.104818	9.153723e+1	1687	252
GTF2E1	0.104763	9.148914e+1	1688	190
FADD	0.104733	9.146294e+1	1689	243
SMC2	0.104729	9.145897e+1	1690	257
HIBCH	0.104648	9.138827e+1	1691	245
EEF1A2	0.104532	9.128755e+1	1692	272
NAPA	0.104522	9.127861e+1	1693	240
SELE	0.104515	9.127238e+1	1694	274
SNAP23	0.104452	9.121714e+1	1695	261
NCOA2	0.104409	9.117999e+1	1696	260
CD47	0.104386	9.115972e+1	1697	270
NDUFA10	0.104385	9.115917e+1	1698	199
TKT	0.104358	9.113521e+1	1699	256
TPX2	0.104292	9.107760e+1	1700	225
DPP4	0.104283	9.106985e+1	1701	269
PBRM1	0.104271	9.105917e+1	1702	219
RBPJ	0.104260	9.104984e+1	1703	242
ECHS1	0.104204	9.100080e+1	1704	272
ECT2	0.104173	9.097332e+1	1705	263
FZR1	0.104123	9.093010e+1	1706	249
ADGRL3	0.104055	9.087092e+1	1707	278
GDNF	0.104005	9.082693e+1	1708	267
GAGE2E	0.103989	9.081264e+1	1709	248
AXIN2	0.103841	9.068379e+1	1710	274
UFD1	0.103795	9.064390e+1	1711	242
MATR3-2	0.103783	9.063324e+1	1712	247
CEP55	0.103778	9.062921e+1	1713	219
OCLN	0.103758	9.061142e+1	1714	240
PWP1	0.103689	9.055064e+1	1715	230
ALDH7A1	0.103685	9.054781e+1	1716	225
LIG1	0.103649	9.051628e+1	1717	249
HADHB	0.103649	9.051608e+1	1718	247
ARG1	0.103648	9.051534e+1	1719	276
IRAK1	0.103635	9.050396e+1	1720	236
EIF5	0.103595	9.046905e+1	1721	204
PRC1	0.103498	9.038392e+1	1722	242
PRAMEF9	0.103406	9.030372e+1	1723	259
TFIP11	0.103379	9.028006e+1	1724	236
PABPN1	0.103378	9.027961e+1	1725	243
BUD31	0.103339	9.024562e+1	1726	175
CD3D	0.103249	9.016717e+1	1727	262
DDIT3	0.103235	9.015461e+1	1728	266
MTG1	0.103220	9.014190e+1	1729	230
HMMR	0.103219	9.014023e+1	1730	236
DDX24	0.103205	9.012852e+1	1731	238
MAPK13	0.103194	9.011841e+1	1732	219
DCP1A	0.103184	9.011044e+1	1733	250
ACTN2	0.103089	9.002730e+1	1734	256
MME	0.103068	9.000848e+1	1735	261
CYP2C9	0.103017	8.996381e+1	1736	205
ERCC4	0.103016	8.996332e+1	1737	208
LSM7	0.103003	8.995219e+1	1738	195
LAG3	0.103002	8.995124e+1	1739	255
FGF1	0.102880	8.984419e+1	1740	259
BRIP1	0.102800	8.977445e+1	1741	229
PRAMEF25	0.102767	8.974590e+1	1742	256
NDUFA4	0.102748	8.972900e+1	1743	194
NRP1	0.102705	8.969169e+1	1744	246
CBX2	0.102684	8.967304e+1	1745	215
SRSF9	0.102660	8.965219e+1	1746	251
ISL1	0.102628	8.962434e+1	1747	282
JARID2	0.102576	8.957884e+1	1748	257
BUD23	0.102566	8.957032e+1	1749	237
CTSD	0.102549	8.955556e+1	1750	277
HSD3B2	0.102527	8.953641e+1	1751	244
SF1	0.102492	8.950568e+1	1752	229
CD3E	0.102422	8.944476e+1	1753	252
C12ORF65	0.102374	8.940301e+1	1754	236
CAV3	0.102368	8.939755e+1	1755	238
ZEB1	0.102344	8.937652e+1	1756	272
PRAMEF12	0.102334	8.936798e+1	1757	256
A2M	0.102333	8.936648e+1	1758	249
HBEGF	0.102269	8.931086e+1	1759	262
CLTCL1	0.102262	8.930459e+1	1760	249
PPP2R1B	0.102260	8.930292e+1	1761	216
UBE2E1	0.102259	8.930266e+1	1762	262
CTBP2	0.102207	8.925671e+1	1763	261
YKT6	0.102201	8.925185e+1	1764	234
COMMD5	0.102181	8.923455e+1	1765	277
KIFC1	0.102137	8.919582e+1	1766	239
HSPB1	0.102126	8.918615e+1	1767	257
IL33	0.102075	8.914124e+1	1768	271
DYNC1H1	0.102065	8.913276e+1	1769	243
PRAMEF11	0.102014	8.908839e+1	1770	254
ATP5PB	0.102000	8.907640e+1	1771	219
ACTN1	0.101960	8.904156e+1	1772	252
GLUD1	0.101930	8.901533e+1	1773	237
GTF2A2	0.101847	8.894276e+1	1774	189
SF3B6	0.101837	8.893372e+1	1775	195
TFB1M	0.101811	8.891133e+1	1776	242
GCC1	0.101793	8.889547e+1	1777	234
PTGES3	0.101762	8.886811e+1	1778	222
DHX37	0.101703	8.881692e+1	1779	208
KCNA1	0.101566	8.869684e+1	1780	275
RAG1	0.101542	8.867635e+1	1781	287
NUP62	0.101504	8.864286e+1	1782	251
TGFB2	0.101473	8.861572e+1	1783	268
ACAA2	0.101392	8.854509e+1	1784	244
ENPP3	0.101309	8.847278e+1	1785	169
DNM2	0.101164	8.834575e+1	1786	256
WNT1	0.101089	8.828042e+1	1787	251
ITCH	0.101088	8.827937e+1	1788	259
PRAMEF13	0.101041	8.823843e+1	1789	251
COMT	0.101039	8.823673e+1	1790	242
SYT1	0.101010	8.821145e+1	1791	251
DHX16	0.100973	8.817954e+1	1792	194
PLAU	0.100969	8.817590e+1	1793	268
PEBP1	0.100919	8.813205e+1	1794	261
RRP15	0.100899	8.811438e+1	1795	227
INCENP	0.100857	8.807766e+1	1796	241
GTF2E2	0.100831	8.805494e+1	1797	191
PDGFB	0.100796	8.802488e+1	1798	240
NDUFA11	0.100763	8.799595e+1	1799	195
EDF1	0.100742	8.797744e+1	1800	203
PHB2	0.100736	8.797185e+1	1801	263
CEP290	0.100735	8.797102e+1	1802	226
PRAMEF5	0.100733	8.796981e+1	1803	250
SLU7	0.100698	8.793887e+1	1804	208
TIA1	0.100693	8.793427e+1	1805	256
BRCC3	0.100651	8.789777e+1	1806	229
DPY30	0.100604	8.785673e+1	1807	230
MED15	0.100561	8.781912e+1	1808	192
CYP7A1	0.100558	8.781636e+1	1809	238
METTL1	0.100550	8.780982e+1	1810	257
PRAMEF20	0.100507	8.777190e+1	1811	251
COX6C	0.100481	8.774944e+1	1812	195
GNA12	0.100461	8.773228e+1	1813	216
PRAMEF7	0.100399	8.767805e+1	1814	250
NDUFA7	0.100365	8.764801e+1	1815	190
FDX1	0.100342	8.762832e+1	1816	256
NDUFB4	0.100318	8.760724e+1	1817	183
NAMPT	0.100263	8.755954e+1	1818	241
RBM25	0.100260	8.755664e+1	1819	215
TUBB4B	0.100229	8.752977e+1	1820	237
EIF3K	0.100222	8.752339e+1	1821	204
SMARCC1	0.100189	8.749416e+1	1822	232
PRAMEF14	0.100174	8.748127e+1	1823	248
SURF6	0.100117	8.743134e+1	1824	215
SCN5A	0.100101	8.741738e+1	1825	223
ZUP1	0.100099	8.741559e+1	1826	251
KCNA2	0.100078	8.739751e+1	1827	264
SEH1L	0.100050	8.737315e+1	1828	238
CETN2	0.100049	8.737188e+1	1829	225
SENP3	0.100040	8.736483e+1	1830	232
MEF2C	0.099968	8.730111e+1	1831	271
PCNT	0.099932	8.727029e+1	1832	252
HLA-E	0.099916	8.725646e+1	1833	235
RBM22	0.099901	8.724264e+1	1834	184
ADRM1	0.099899	8.724117e+1	1835	219
AK2	0.099879	8.722346e+1	1836	250
NUP107	0.099877	8.722174e+1	1837	251
ESCO2	0.099871	8.721665e+1	1838	257
CSNK1D	0.099846	8.719519e+1	1839	232
TXNRD1	0.099815	8.716778e+1	1840	255
GSPT1	0.099800	8.715508e+1	1841	187
PSMB5	0.099793	8.714863e+1	1842	248
NSUN2	0.099787	8.714386e+1	1843	253
CCNL2	0.099781	8.713848e+1	1844	238
RAD51C	0.099767	8.712582e+1	1845	230
CSNK2A2	0.099758	8.711804e+1	1846	254
BCAR1	0.099741	8.710346e+1	1847	224
MMP1	0.099729	8.709262e+1	1848	264
KCND2	0.099662	8.703431e+1	1849	265
IL4R	0.099630	8.700596e+1	1850	233
ALDH1A1	0.099596	8.697695e+1	1851	246
PCF11	0.099596	8.697679e+1	1852	226
NSUN4	0.099556	8.694188e+1	1853	221
RHOC	0.099409	8.681309e+1	1854	254
PRAMEF4	0.099408	8.681279e+1	1855	246
IREB2	0.099404	8.680885e+1	1856	263
CAPZA1	0.099403	8.680783e+1	1857	236
GRIN1	0.099403	8.680773e+1	1858	240
TCF7L2	0.099401	8.680651e+1	1859	247
ITPA	0.099363	8.677333e+1	1860	200
ADGRL2	0.099355	8.676585e+1	1861	263
UBE2K	0.099252	8.667634e+1	1862	256
GOSR1	0.099235	8.666184e+1	1863	239
C1D	0.099232	8.665858e+1	1864	222
ACAN	0.099134	8.657348e+1	1865	249
KNL1	0.099122	8.656295e+1	1866	234
H2BC18	0.099106	8.654903e+1	1867	226
CXCR6	0.099106	8.654858e+1	1868	232
UBQLN4	0.099083	8.652876e+1	1869	253
EP400	0.099082	8.652755e+1	1870	225
CYP2B6	0.098978	8.643655e+1	1871	208
IFI16	0.098974	8.643328e+1	1872	262
TNFAIP3	0.098955	8.641721e+1	1873	243
UQCRH	0.098952	8.641439e+1	1874	175
RAE1	0.098946	8.640923e+1	1875	237
MRPS33	0.098920	8.638616e+1	1876	179
CBX5	0.098902	8.637101e+1	1877	225
COX6A2	0.098847	8.632271e+1	1878	190
COPS6	0.098835	8.631203e+1	1879	242
ENO3	0.098830	8.630769e+1	1880	251
ACTN4	0.098793	8.627540e+1	1881	236
SYN1	0.098772	8.625744e+1	1882	254
XRCC1	0.098724	8.621510e+1	1883	229
DENR	0.098662	8.616134e+1	1884	219
POSTN	0.098646	8.614701e+1	1885	270
HDDC3	0.098632	8.613443e+1	1886	205
ZNF593	0.098611	8.611671e+1	1887	206
NEDD4L	0.098574	8.608451e+1	1888	239
PRAMEF8	0.098494	8.601470e+1	1889	244
SDHD	0.098443	8.596997e+1	1890	214
CDK5	0.098394	8.592715e+1	1891	230
TBL1X	0.098380	8.591459e+1	1892	274
TNPO1	0.098375	8.591050e+1	1893	238
JAG1	0.098364	8.590104e+1	1894	273
RNPS1	0.098304	8.584821e+1	1895	234
SYNJ1	0.098237	8.579017e+1	1896	217
GAGE10	0.098233	8.578605e+1	1897	231
CBX8	0.098228	8.578215e+1	1898	210
OPRM1	0.098223	8.577737e+1	1899	245
STAT4	0.098209	8.576521e+1	1900	231
TRIP13	0.098174	8.573499e+1	1901	243
CXCL2	0.098132	8.569830e+1	1902	230
PPA1	0.098117	8.568501e+1	1903	265
NUP133	0.098071	8.564505e+1	1904	248
CHD1	0.098067	8.564121e+1	1905	240
SMARCC2	0.098059	8.563460e+1	1906	209
MYL2	0.098046	8.562274e+1	1907	223
LSM6	0.098045	8.562222e+1	1908	183
HUWE1	0.098030	8.560919e+1	1909	270
KLC1	0.097851	8.545242e+1	1910	240
LRP5	0.097832	8.543635e+1	1911	219
DRG1	0.097825	8.543028e+1	1912	247
NOTCH2	0.097818	8.542375e+1	1913	256
KCNQ3	0.097803	8.541071e+1	1914	261
ITGA6	0.097763	8.537589e+1	1915	231
NCR1	0.097758	8.537139e+1	1916	232
RFC5	0.097728	8.534497e+1	1917	231
GUF1	0.097696	8.531744e+1	1918	235
GAGE12D	0.097696	8.531722e+1	1919	228
GAGE12C	0.097690	8.531232e+1	1920	228
MRC1	0.097670	8.529504e+1	1921	256
NDUFB11	0.097660	8.528608e+1	1922	177
IFT88	0.097640	8.526866e+1	1923	237
CALM2	0.097630	8.525936e+1	1924	222
PCK1	0.097609	8.524139e+1	1925	247
PSMB10	0.097563	8.520089e+1	1926	254
RAD54L	0.097559	8.519769e+1	1927	250
ZWINT	0.097478	8.512735e+1	1928	203
MYBL2	0.097466	8.511678e+1	1929	253
VHL	0.097397	8.505633e+1	1930	241
PBK	0.097390	8.504980e+1	1931	207
GAGE12H	0.097382	8.504350e+1	1932	229
EIF2AK3	0.097355	8.502002e+1	1933	259
MELK	0.097274	8.494846e+1	1934	201
UBE2T	0.097205	8.488828e+1	1935	233
PRAMEF27	0.097177	8.486385e+1	1936	240
LUM	0.097167	8.485541e+1	1937	258
PRAMEF26	0.097160	8.484922e+1	1938	240
GAGE13	0.097140	8.483210e+1	1939	225
PRPF40A	0.097127	8.482083e+1	1940	227
CLPB	0.097058	8.476038e+1	1941	264
RAP1A	0.097045	8.474847e+1	1942	200
KCNC1	0.097027	8.473323e+1	1943	268
MOV10	0.097009	8.471779e+1	1944	266
GRPEL1	0.096976	8.468860e+1	1945	234
AGXT	0.096973	8.468605e+1	1946	237
PCBP2	0.096962	8.467665e+1	1947	251
AGO3	0.096918	8.463768e+1	1948	251
CCL11	0.096901	8.462328e+1	1949	211
MRPL51	0.096821	8.455318e+1	1950	174
RUNX3	0.096815	8.454795e+1	1951	262
TCF7	0.096812	8.454579e+1	1952	251
CENPN	0.096740	8.448297e+1	1953	199
STIP1	0.096740	8.448274e+1	1954	224
SRSF5	0.096724	8.446826e+1	1955	236
KLRD1	0.096683	8.443270e+1	1956	224
PC	0.096667	8.441910e+1	1957	234
ADGRL1	0.096666	8.441806e+1	1958	251
AIF1	0.096637	8.439303e+1	1959	263
PRNP	0.096605	8.436474e+1	1960	239
FXR1	0.096575	8.433834e+1	1961	251
NFKB2	0.096515	8.428615e+1	1962	254
UCHL5	0.096473	8.424922e+1	1963	194
PARP6	0.096463	8.424022e+1	1964	235
GTF2A1	0.096436	8.421672e+1	1965	176
H0YIJ7_HUMAN	0.096428	8.420992e+1	1966	215
RANGAP1	0.096384	8.417204e+1	1967	218
TLN2	0.096357	8.414804e+1	1968	216
MED4	0.096248	8.405306e+1	1969	176
VEZT	0.096245	8.405010e+1	1970	245
GAGE12J	0.096222	8.402981e+1	1971	225
CX3CL1	0.096146	8.396398e+1	1972	221
EGR2	0.096136	8.395518e+1	1973	245
LRP2	0.096127	8.394748e+1	1974	238
IFNGR1	0.096098	8.392196e+1	1975	221
ACTC1	0.096094	8.391854e+1	1976	250
RNF4	0.096076	8.390231e+1	1977	245
HLA-C	0.096032	8.386387e+1	1978	223
ANAPC1	0.095979	8.381782e+1	1979	222
EHHADH	0.095930	8.377491e+1	1980	229
TTR	0.095928	8.377304e+1	1981	251
GAGE12E	0.095916	8.376276e+1	1982	224
CLSPN	0.095914	8.376161e+1	1983	221
LSM2	0.095914	8.376118e+1	1984	175
RAD51AP1	0.095861	8.371504e+1	1985	225
TUBA1B	0.095828	8.368624e+1	1986	235
STT3A	0.095782	8.364585e+1	1987	223
WDR77	0.095763	8.362932e+1	1988	234
CHD8	0.095761	8.362730e+1	1989	239
IL9	0.095642	8.352386e+1	1990	225
KDM5A	0.095640	8.352197e+1	1991	252
FGA	0.095635	8.351758e+1	1992	239
CDC7	0.095605	8.349142e+1	1993	231
LAS1L	0.095600	8.348713e+1	1994	227
TEK	0.095573	8.346381e+1	1995	229
NME7	0.095556	8.344899e+1	1996	200
EXOSC7	0.095511	8.340914e+1	1997	217
GAR1	0.095499	8.339918e+1	1998	230
HP	0.095445	8.335145e+1	1999	241
ACADM	0.095416	8.332650e+1	2000	259
TRPV1	0.095416	8.332629e+1	2001	243
EPHX2	0.095405	8.331657e+1	2002	254
PPP2R2A	0.095379	8.329394e+1	2003	208
TWIST1	0.095351	8.326975e+1	2004	254
P2RY1	0.095346	8.326494e+1	2005	238
CXCR1	0.095284	8.321122e+1	2006	212
PVALB	0.095282	8.320931e+1	2007	262
ACTA2	0.095240	8.317218e+1	2008	255
VPS35	0.095239	8.317158e+1	2009	225
PF4	0.095233	8.316651e+1	2010	221
TIMELESS	0.095121	8.306849e+1	2011	212
TOP3A	0.095070	8.302403e+1	2012	214
PICALM	0.095059	8.301417e+1	2013	219
NAE1	0.095032	8.299110e+1	2014	252
ANPEP	0.094995	8.295836e+1	2015	235
GSTP1	0.094994	8.295779e+1	2016	222
ERCC8	0.094978	8.294358e+1	2017	183
ITGB5	0.094945	8.291532e+1	2018	205
RAD51D	0.094805	8.279275e+1	2019	219
PMPCA	0.094773	8.276435e+1	2020	228
NBN	0.094736	8.273229e+1	2021	213
CD48	0.094715	8.271398e+1	2022	254
MTHFR	0.094658	8.266394e+1	2023	247
CACNA1A	0.094599	8.261297e+1	2024	219
CBX4	0.094595	8.260914e+1	2025	200
MED22	0.094551	8.257071e+1	2026	172
NUDT21	0.094523	8.254618e+1	2027	226
PPIB	0.094514	8.253869e+1	2028	249
COX6A1	0.094497	8.252375e+1	2029	199
UMPS	0.094447	8.247974e+1	2030	225
TNFRSF9	0.094370	8.241247e+1	2031	234
PAF1	0.094305	8.235650e+1	2032	182
ITGAE	0.094279	8.233296e+1	2033	240
PPP1R15A	0.094272	8.232721e+1	2034	228
AHSG	0.094258	8.231521e+1	2035	235
XPA	0.094250	8.230763e+1	2036	205
TUBB3	0.094228	8.228866e+1	2037	251
UQCR11	0.094212	8.227480e+1	2038	163
ACAA1	0.094066	8.214721e+1	2039	216
NLE1	0.094039	8.212347e+1	2040	223
PARP8	0.094032	8.211748e+1	2041	229
COX4I2	0.094022	8.210917e+1	2042	199
ALDH2	0.094007	8.209568e+1	2043	222
PAXIP1	0.093997	8.208698e+1	2044	223
ITGA1	0.093961	8.205535e+1	2045	214
CENPI	0.093901	8.200322e+1	2046	211
TNRC6A	0.093890	8.199349e+1	2047	239
NUP85	0.093877	8.198259e+1	2048	240
SAA1	0.093837	8.194770e+1	2049	242
TRIM25	0.093814	8.192750e+1	2050	232
VASP	0.093809	8.192280e+1	2051	210
TCF3	0.093788	8.190451e+1	2052	232
CBX1	0.093785	8.190157e+1	2053	207
TERF1	0.093756	8.187692e+1	2054	218
RDX	0.093710	8.183648e+1	2055	226
CAMK2B	0.093698	8.182593e+1	2056	211
ACTR2	0.093624	8.176121e+1	2057	231
ANXA1	0.093589	8.173074e+1	2058	257
CACNA1S	0.093578	8.172076e+1	2059	191
AP2A2	0.093575	8.171876e+1	2060	232
GLI2	0.093524	8.167404e+1	2061	247
MYH6	0.093522	8.167192e+1	2062	217
WWP2	0.093502	8.165521e+1	2063	253
CYP19A1	0.093499	8.165182e+1	2064	220
TOMM40	0.093472	8.162845e+1	2065	217
FOXA2	0.093470	8.162688e+1	2066	245
RYR1	0.093470	8.162683e+1	2067	221
SMAD7	0.093469	8.162619e+1	2068	219
SIRT3	0.093427	8.158952e+1	2069	225
LSM8	0.093426	8.158879e+1	2070	181
NDUFA1	0.093396	8.156229e+1	2071	168
TUBA4A	0.093361	8.153190e+1	2072	238
DNM1L	0.093356	8.152695e+1	2073	243
DKK1	0.093276	8.145749e+1	2074	242
TCERG1	0.093266	8.144866e+1	2075	188
BAG3	0.093263	8.144584e+1	2076	234
NDUFC2	0.093261	8.144440e+1	2077	167
ABCG2	0.093227	8.141496e+1	2078	255
ITIH4	0.093134	8.133366e+1	2079	243
DDX46	0.093084	8.128987e+1	2080	214
GOLPH3	0.093042	8.125316e+1	2081	244
GRM5	0.093042	8.125292e+1	2082	230
SGO1	0.093034	8.124607e+1	2083	207
AFDN	0.093008	8.122371e+1	2084	211
SAP18	0.093000	8.121613e+1	2085	229
DMD	0.092927	8.115289e+1	2086	214
HSDL2	0.092921	8.114765e+1	2087	224
ULK1	0.092876	8.110803e+1	2088	204
NPPA	0.092780	8.102412e+1	2089	236
DIAPH3	0.092753	8.100047e+1	2090	272
RBM34	0.092716	8.096798e+1	2091	211
PPIE	0.092707	8.096023e+1	2092	168
NUSAP1	0.092674	8.093140e+1	2093	194
PHC3	0.092646	8.090727e+1	2094	206
SOX10	0.092576	8.084647e+1	2095	253
TAF3	0.092560	8.083195e+1	2096	165
UTP25	0.092536	8.081117e+1	2097	201
CDCA5	0.092501	8.078053e+1	2098	191
KCND3	0.092394	8.068702e+1	2099	242
BUD13	0.092342	8.064159e+1	2100	172
NSD2	0.092338	8.063825e+1	2101	216
ETFA	0.092305	8.060969e+1	2102	234
NUP155	0.092290	8.059618e+1	2103	235
SORD	0.092288	8.059467e+1	2104	257
AGRN	0.092282	8.058903e+1	2105	233
BCAS2	0.092259	8.056906e+1	2106	188
CCR3	0.092213	8.052922e+1	2107	199
CAPZA2	0.092006	8.034807e+1	2108	225
RAB6A	0.091970	8.031682e+1	2109	223
SPAG5	0.091930	8.028239e+1	2110	217
MORF4L1	0.091916	8.027016e+1	2111	194
KCTD19	0.091824	8.018911e+1	2112	201
NR1H4	0.091807	8.017489e+1	2113	234
BMP7	0.091785	8.015562e+1	2114	236
CCL21	0.091758	8.013176e+1	2115	210
ATXN2	0.091750	8.012505e+1	2116	226
MED23	0.091748	8.012292e+1	2117	161
SYF2	0.091668	8.005278e+1	2118	166
CSNK1A1	0.091666	8.005128e+1	2119	206
CHCHD1	0.091645	8.003351e+1	2120	169
SMARCE1	0.091636	8.002517e+1	2121	193
LOC107987373	0.091533	7.993519e+1	2122	198
TPM1	0.091525	7.992849e+1	2123	220
TRIM21	0.091486	7.989444e+1	2124	237
GAPDHS	0.091356	7.978055e+1	2125	255
PHC1	0.091331	7.975875e+1	2126	198
NOLC1	0.091292	7.972495e+1	2127	225
PRDX1	0.091182	7.962870e+1	2128	245
LCN2	0.091149	7.960005e+1	2129	240
REV3L	0.091141	7.959288e+1	2130	213
CBSL	0.091070	7.953138e+1	2131	246
RHOB	0.091063	7.952526e+1	2132	233
HSPA6	0.091029	7.949500e+1	2133	248
PDIA3	0.091012	7.948050e+1	2134	232
AGO4	0.091012	7.948040e+1	2135	239
GOT1	0.091004	7.947343e+1	2136	205
TGFB3	0.090972	7.944570e+1	2137	228
DIS3	0.090959	7.943368e+1	2138	241
NOS1	0.090939	7.941673e+1	2139	207
DNAJC10	0.090865	7.935182e+1	2140	243
ETS1	0.090808	7.930238e+1	2141	246
MYH11	0.090808	7.930237e+1	2142	231
OGT	0.090709	7.921578e+1	2143	193
MAD2L2	0.090673	7.918406e+1	2144	204
STX17	0.090648	7.916213e+1	2145	204
TAF8	0.090647	7.916125e+1	2146	158
DHFR	0.090638	7.915380e+1	2147	232
KHSRP	0.090627	7.914432e+1	2148	227
THBD	0.090590	7.911193e+1	2149	226
KDM5B	0.090573	7.909670e+1	2150	245
EML4	0.090569	7.909340e+1	2151	223
LRP6	0.090569	7.909318e+1	2152	202
EXOSC4	0.090563	7.908814e+1	2153	204
HNRNPF	0.090525	7.905477e+1	2154	208
GZMA	0.090421	7.896386e+1	2155	231
ALDH3A2	0.090419	7.896232e+1	2156	217
TXNRD2	0.090400	7.894583e+1	2157	232
SPTAN1	0.090379	7.892732e+1	2158	230
EXOSC1	0.090378	7.892660e+1	2159	196
PPP3CA	0.090299	7.885747e+1	2160	206
TMPO	0.090273	7.883525e+1	2161	273
UTP23	0.090271	7.883290e+1	2162	193
COMMD1	0.090252	7.881642e+1	2163	220
KCNB1	0.090251	7.881553e+1	2164	248
PELP1	0.090250	7.881506e+1	2165	205
TRIP12	0.090222	7.879024e+1	2166	260
COMMD3-BMI1	0.090217	7.878608e+1	2167	215
MRPS31	0.090213	7.878240e+1	2168	161
EXOSC2	0.090175	7.874967e+1	2169	207
AFP	0.090167	7.874235e+1	2170	238
MRPL45	0.090156	7.873316e+1	2171	154
MED16	0.090146	7.872390e+1	2172	161
NUDC	0.090124	7.870485e+1	2173	224
THOC2	0.090116	7.869775e+1	2174	219
AVP	0.090102	7.868576e+1	2175	234
SRPRA	0.090101	7.868449e+1	2176	204
HADHA	0.090098	7.868221e+1	2177	235
MYH7	0.090075	7.866195e+1	2178	207
MED8	0.090001	7.859716e+1	2179	160
ATP5PF	0.090000	7.859673e+1	2180	191
PTCD3	0.089996	7.859305e+1	2181	159
FTSJ1	0.089990	7.858740e+1	2182	222
SPO11	0.089890	7.850034e+1	2183	217
ATP5MG	0.089883	7.849440e+1	2184	191
SKIV2L	0.089872	7.848504e+1	2185	239
MAOA	0.089808	7.842899e+1	2186	222
ADCY5	0.089806	7.842704e+1	2187	185
ATAD2	0.089734	7.836384e+1	2188	236
TKTL1	0.089721	7.835253e+1	2189	212
TRUB2	0.089709	7.834248e+1	2190	229
ATP5ME	0.089667	7.830565e+1	2191	188
CLTA	0.089608	7.825415e+1	2192	218
TREM2	0.089585	7.823428e+1	2193	230
IRS2	0.089583	7.823241e+1	2194	208
GPX4	0.089576	7.822641e+1	2195	209
ARID4B	0.089569	7.822058e+1	2196	218
HSPA1L	0.089565	7.821624e+1	2197	236
NCAPH	0.089520	7.817707e+1	2198	205
NOTCH3	0.089478	7.814108e+1	2199	226
ATF3	0.089445	7.811147e+1	2200	229
EIF3L	0.089429	7.809756e+1	2201	183
TRMT112	0.089403	7.807523e+1	2202	199
CDKN3	0.089375	7.805083e+1	2203	214
GINS2	0.089358	7.803624e+1	2204	218
TLR1	0.089323	7.800516e+1	2205	237
EIF4B	0.089314	7.799745e+1	2206	209
GADD45GIP1	0.089300	7.798499e+1	2207	144
GNL1	0.089190	7.788914e+1	2208	228
FGFR4	0.089149	7.785356e+1	2209	192
LIF	0.089149	7.785294e+1	2210	217
CACNA1F	0.089097	7.780829e+1	2211	188
PRIM1	0.089050	7.776700e+1	2212	209
ITGB4	0.089048	7.776511e+1	2213	189
ATG12	0.089035	7.775411e+1	2214	199
AURKAIP1	0.089025	7.774542e+1	2215	161
DGAT1	0.089003	7.772590e+1	2216	202
KIF3A	0.088944	7.767428e+1	2217	224
CKAP5	0.088942	7.767256e+1	2218	229
TOMM20	0.088941	7.767143e+1	2219	218
LAMP2	0.088907	7.764229e+1	2220	240
KALRN	0.088894	7.763089e+1	2221	248
ITK	0.088856	7.759752e+1	2222	211
CCND2	0.088841	7.758411e+1	2223	231
CTNND1	0.088840	7.758353e+1	2224	207
CSNK1E	0.088819	7.756503e+1	2225	174
DMAP1	0.088809	7.755620e+1	2226	200
MRPL55	0.088799	7.754782e+1	2227	157
NUP93	0.088752	7.750650e+1	2228	218
MRPS18B	0.088648	7.741580e+1	2229	154
HGS	0.088639	7.740777e+1	2230	209
ENY2	0.088617	7.738914e+1	2231	189
CD1C	0.088604	7.737710e+1	2232	231
PIK3C2A	0.088596	7.737046e+1	2233	207
LARS1	0.088584	7.735965e+1	2234	214
CKS1B	0.088555	7.733460e+1	2235	228
AP2S1	0.088546	7.732674e+1	2236	207
RNF8	0.088543	7.732386e+1	2237	213
SYMPK	0.088540	7.732151e+1	2238	195
MRPS21	0.088497	7.728393e+1	2239	150
RNASEH2A	0.088497	7.728388e+1	2240	240
AMBRA1	0.088493	7.728041e+1	2241	202
TRUB1	0.088435	7.722961e+1	2242	222
CEACAM5	0.088433	7.722851e+1	2243	254
ELANE	0.088348	7.715423e+1	2244	223
STAU1	0.088284	7.709776e+1	2245	227
GCK	0.088275	7.708995e+1	2246	216
DDX31	0.088264	7.708023e+1	2247	207
RTCA	0.088255	7.707238e+1	2248	209
CASR	0.088228	7.704947e+1	2249	237
TUBB2A	0.088223	7.704462e+1	2250	216
SPOP	0.088208	7.703120e+1	2251	214
VDAC2	0.088176	7.700366e+1	2252	228
BRD3	0.088134	7.696709e+1	2253	236
NDUFA3	0.088133	7.696586e+1	2254	156
YWHAH	0.088120	7.695464e+1	2255	227
LARS2	0.088022	7.686948e+1	2256	217
RICTOR	0.087984	7.683623e+1	2257	213
ABCA1	0.087982	7.683398e+1	2258	227
RBM19	0.087950	7.680620e+1	2259	185
CYLD	0.087942	7.679921e+1	2260	207
MAP3K5	0.087928	7.678665e+1	2261	207
TNFRSF1B	0.087925	7.678418e+1	2262	235
P2RY11	0.087892	7.675552e+1	2263	222
TKTL2	0.087755	7.663579e+1	2264	208
RBMX2	0.087726	7.661065e+1	2265	165
IMPDH2	0.087716	7.660232e+1	2266	217
PTH	0.087702	7.659009e+1	2267	209
SRP9	0.087686	7.657534e+1	2268	168
LEPR	0.087654	7.654822e+1	2269	208
ALDOA	0.087643	7.653854e+1	2270	210
H2AC4	0.087595	7.649639e+1	2271	140
EXOSC5	0.087581	7.648393e+1	2272	187
NONO	0.087535	7.644429e+1	2273	220
DCTN2	0.087533	7.644187e+1	2274	206
ADAM10	0.087524	7.643398e+1	2275	217
DLG1	0.087515	7.642653e+1	2276	198
MED30	0.087489	7.640344e+1	2277	154
PPAN	0.087459	7.637793e+1	2278	195
MT-ND6	0.087441	7.636217e+1	2279	154
DBT	0.087404	7.632928e+1	2280	210
PDCD1LG2	0.087370	7.629993e+1	2281	230
RIOK1	0.087368	7.629769e+1	2282	191
MMP7	0.087351	7.628317e+1	2283	230
ANAPC4	0.087346	7.627887e+1	2284	192
MED25	0.087302	7.624019e+1	2285	159
HSPB3	0.087284	7.622429e+1	2286	232
MED18	0.087236	7.618315e+1	2287	152
MGLL	0.087186	7.613922e+1	2288	188
PRKAG2	0.087155	7.611172e+1	2289	200
IGLL5	0.087151	7.610858e+1	2290	187
DARS2	0.087117	7.607880e+1	2291	225
NPLOC4	0.087101	7.606445e+1	2292	206
RAB3IP	0.087080	7.604629e+1	2293	215
PRKCZ	0.087067	7.603518e+1	2294	188
SLX4	0.087067	7.603496e+1	2295	198
KCNA4	0.087028	7.600072e+1	2296	233
SMO	0.087022	7.599618e+1	2297	215
PCGF2	0.087005	7.598089e+1	2298	178
USP1	0.086927	7.591322e+1	2299	223
SRP68	0.086923	7.590967e+1	2300	158
CD3EAP	0.086912	7.589955e+1	2301	210
ACSS2	0.086903	7.589230e+1	2302	219
OFD1	0.086897	7.588651e+1	2303	223
AK3	0.086839	7.583637e+1	2304	198
ILK	0.086823	7.582220e+1	2305	210
LAMTOR1	0.086808	7.580866e+1	2306	224
ZBTB16	0.086806	7.580735e+1	2307	243
EIF4H	0.086770	7.577588e+1	2308	222
COL18A1	0.086745	7.575377e+1	2309	218
COL2A1	0.086724	7.573551e+1	2310	211
MRPL50	0.086716	7.572868e+1	2311	142
LIG4	0.086681	7.569838e+1	2312	200
AK7	0.086613	7.563885e+1	2313	218
RPN1	0.086577	7.560687e+1	2314	216
POLE3	0.086554	7.558737e+1	2315	190
SUCLA2	0.086543	7.557724e+1	2316	209
HDAC8	0.086521	7.555867e+1	2317	198
NUP205	0.086485	7.552682e+1	2318	218
GNAO1	0.086400	7.545234e+1	2319	209
NDUFV3	0.086398	7.545055e+1	2320	151
H2AC21	0.086371	7.542706e+1	2321	198
CRH	0.086325	7.538755e+1	2322	213
MRPS27	0.086266	7.533593e+1	2323	147
CD3G	0.086263	7.533287e+1	2324	222
COL6A1	0.086238	7.531154e+1	2325	207
APC	0.086228	7.530217e+1	2326	198
RHEB	0.086198	7.527641e+1	2327	205
PSME2	0.086182	7.526239e+1	2328	237
MYOG	0.086178	7.525915e+1	2329	228
IFIT1	0.086169	7.525101e+1	2330	195
IL12RB1	0.086167	7.524925e+1	2331	203
PLAT	0.086096	7.518688e+1	2332	219
CUL5	0.086088	7.518058e+1	2333	181
SELENOP	0.086075	7.516889e+1	2334	190
DYNC1I2	0.086066	7.516098e+1	2335	205
FLNB	0.086064	7.515965e+1	2336	213
CAND1	0.086014	7.511550e+1	2337	220
KDM4A	0.085978	7.508411e+1	2338	193
F3	0.085975	7.508161e+1	2339	210
MRPS30	0.085973	7.507974e+1	2340	125
OGDH	0.085973	7.507970e+1	2341	205
PYGM	0.085958	7.506674e+1	2342	203
CTU1	0.085944	7.505480e+1	2343	222
LSM5	0.085917	7.503130e+1	2344	152
IMMT	0.085894	7.501099e+1	2345	209
ACOX3	0.085882	7.500027e+1	2346	207
ACAD9	0.085878	7.499703e+1	2347	209
TAB2	0.085854	7.497584e+1	2348	194
GTPBP6	0.085730	7.486783e+1	2349	183
GRM1	0.085674	7.481898e+1	2350	206
PAFAH1B1	0.085657	7.480402e+1	2351	204
SRP14	0.085653	7.480035e+1	2352	160
CASC3	0.085627	7.477753e+1	2353	186
NOA1	0.085626	7.477716e+1	2354	205
PFKM	0.085606	7.475969e+1	2355	206
CD1D	0.085565	7.472372e+1	2356	231
FDX2	0.085555	7.471504e+1	2357	219
KCNQ5	0.085544	7.470538e+1	2358	222
FABP4	0.085526	7.468939e+1	2359	228
CYP2C19	0.085517	7.468133e+1	2360	186
MED28	0.085510	7.467585e+1	2361	149
PFDN6	0.085403	7.458161e+1	2362	205
KIF5A	0.085394	7.457421e+1	2363	216
RRP36	0.085389	7.456959e+1	2364	200
MED27	0.085373	7.455586e+1	2365	148
GBA	0.085326	7.451463e+1	2366	208
GRK5	0.085291	7.448389e+1	2367	217
DNM1	0.085267	7.446322e+1	2368	221
TAF13	0.085261	7.445765e+1	2369	148
GLI3	0.085241	7.444078e+1	2370	229
NOL12	0.085208	7.441213e+1	2371	196
SH3KBP1	0.085205	7.440940e+1	2372	208
CASK	0.085203	7.440754e+1	2373	223
MRPS23	0.085197	7.440229e+1	2374	145
PSME1	0.085132	7.434504e+1	2375	234
GOLGA2	0.085113	7.432916e+1	2376	216
MED20	0.085017	7.424463e+1	2377	149
KIF22	0.085016	7.424370e+1	2378	215
NFATC1	0.085006	7.423571e+1	2379	210
MAP3K1	0.084929	7.416783e+1	2380	201
RAP1B	0.084916	7.415686e+1	2381	177
DVL3	0.084910	7.415182e+1	2382	202
IGHV3-16	0.084909	7.415038e+1	2383	144
KCNA5	0.084893	7.413671e+1	2384	228
CPSF1	0.084881	7.412640e+1	2385	204
CD22	0.084867	7.411431e+1	2386	213
MT-ND4L	0.084849	7.409779e+1	2387	146
BGLAP	0.084801	7.405629e+1	2388	212
EHMT1	0.084663	7.393591e+1	2389	203
MRPL35	0.084652	7.392616e+1	2390	144
ASF1A	0.084650	7.392473e+1	2391	178
EXOSC9	0.084587	7.386920e+1	2392	185
TIAL1	0.084565	7.384989e+1	2393	214
MRPL42	0.084530	7.381954e+1	2394	130
TRIM24	0.084486	7.378086e+1	2395	218
ANAPC10	0.084409	7.371435e+1	2396	187
CD24	0.084406	7.371165e+1	2397	223
YME1L1	0.084392	7.369939e+1	2398	228
XRCC3	0.084385	7.369267e+1	2399	187
HELZ2	0.084380	7.368824e+1	2400	229
TGOLN2	0.084363	7.367346e+1	2401	207
KCNQ4	0.084358	7.366900e+1	2402	225
LIPE	0.084349	7.366158e+1	2403	203
PDYN	0.084331	7.364563e+1	2404	212
EXOSC8	0.084330	7.364508e+1	2405	187
ERN1	0.084315	7.363201e+1	2406	201
SLC17A7	0.084296	7.361531e+1	2407	227
DLST	0.084241	7.356711e+1	2408	200
PUS7	0.084183	7.351634e+1	2409	208
H2AC17	0.084159	7.349558e+1	2410	140
PSMD10	0.084154	7.349152e+1	2411	235
NACA	0.084142	7.348114e+1	2412	159
PFN4	0.084140	7.347889e+1	2413	209
ERVFRD-1	0.084120	7.346141e+1	2414	234
SEC22B	0.084119	7.346076e+1	2415	181
CCNF	0.084115	7.345757e+1	2416	215
NBR1	0.084086	7.343163e+1	2417	202
NELFCD	0.084085	7.343136e+1	2418	184
MAOB	0.084068	7.341594e+1	2419	205
REC8	0.084033	7.338581e+1	2420	200
APOC3	0.083984	7.334256e+1	2421	201
UBL5	0.083962	7.332396e+1	2422	176
CD226	0.083902	7.327124e+1	2423	222
SNAP29	0.083895	7.326510e+1	2424	193
NR1I2	0.083885	7.325649e+1	2425	215
MACROH2A1	0.083875	7.324786e+1	2426	189
IARS1	0.083844	7.322095e+1	2427	205
GAK	0.083838	7.321573e+1	2428	221
CCL22	0.083836	7.321390e+1	2429	193
DDX1	0.083773	7.315870e+1	2430	236
UIMC1	0.083737	7.312698e+1	2431	213
ROCK2	0.083737	7.312670e+1	2432	206
ATXN3	0.083715	7.310775e+1	2433	200
TTC5	0.083704	7.309788e+1	2434	198
STAG2	0.083689	7.308530e+1	2435	208
TAF9B	0.083659	7.305919e+1	2436	158
PIK3R4	0.083641	7.304301e+1	2437	196
TOP2B	0.083553	7.296602e+1	2438	242
SMC5	0.083514	7.293276e+1	2439	206
PDE6B	0.083508	7.292726e+1	2440	187
IHH	0.083489	7.291033e+1	2441	230
SIRT2	0.083478	7.290060e+1	2442	199
SDC4	0.083469	7.289339e+1	2443	196
IL23R	0.083427	7.285635e+1	2444	196
EEA1	0.083418	7.284862e+1	2445	218
MED29	0.083384	7.281841e+1	2446	144
TNNI3	0.083372	7.280815e+1	2447	189
CSK	0.083365	7.280245e+1	2448	215
NCAPG2	0.083365	7.280211e+1	2449	202
VIP	0.083356	7.279479e+1	2450	199
XPC	0.083336	7.277698e+1	2451	184
COX7A2	0.083333	7.277429e+1	2452	177
NIPBL	0.083311	7.275544e+1	2453	198
TICRR	0.083298	7.274329e+1	2454	219
ZMAT2	0.083294	7.274043e+1	2455	146
ANAPC11	0.083274	7.272263e+1	2456	193
SREBF2	0.083269	7.271815e+1	2457	199
SCD	0.083251	7.270282e+1	2458	210
DEPDC1B	0.083230	7.268455e+1	2459	243
USP9X	0.083229	7.268382e+1	2460	224
ATF6	0.083215	7.267129e+1	2461	209
STT3B	0.083212	7.266893e+1	2462	195
FBN1	0.083211	7.266754e+1	2463	201
KRT19	0.083158	7.262149e+1	2464	242
RAD17	0.083111	7.258030e+1	2465	191
SRP19	0.083068	7.254288e+1	2466	151
PPA2	0.083052	7.252907e+1	2467	216
HDAC7	0.083047	7.252446e+1	2468	191
MED12	0.083044	7.252197e+1	2469	183
VAPB	0.083040	7.251869e+1	2470	202
RAD51B	0.083037	7.251621e+1	2471	195
CLEC7A	0.083028	7.250810e+1	2472	215
MTA1	0.083023	7.250322e+1	2473	199
IPO8	0.083022	7.250293e+1	2474	227
CENPM	0.082952	7.244126e+1	2475	175
ABCB1	0.082933	7.242513e+1	2476	232
MFN1	0.082926	7.241898e+1	2477	202
ADCY8	0.082876	7.237519e+1	2478	173
APAF1	0.082832	7.233678e+1	2479	205
MBP	0.082830	7.233530e+1	2480	210
CENPU	0.082796	7.230524e+1	2481	182
COL6A2	0.082794	7.230326e+1	2482	198
CENPW	0.082773	7.228545e+1	2483	186
ASXL1	0.082728	7.224623e+1	2484	189
CDC34	0.082713	7.223246e+1	2485	220
RNF20	0.082710	7.222991e+1	2486	196
MED19	0.082641	7.216971e+1	2487	144
BACE1	0.082638	7.216710e+1	2488	214
SIRPA	0.082617	7.214895e+1	2489	216
ASS1	0.082576	7.211363e+1	2490	206
TAF11	0.082535	7.207760e+1	2491	144
ARL13B	0.082528	7.207105e+1	2492	228
BCL11B	0.082493	7.204089e+1	2493	198
CTNNBL1	0.082491	7.203886e+1	2494	169
NOS2	0.082485	7.203409e+1	2495	213
SCP2	0.082481	7.203005e+1	2496	199
SFN	0.082479	7.202825e+1	2497	198
FXN	0.082456	7.200846e+1	2498	201
NUP54	0.082446	7.199928e+1	2499	208
ADSS2	0.082440	7.199420e+1	2500	193
CYFIP1	0.082430	7.198540e+1	2501	205
IL21R	0.082393	7.195328e+1	2502	194
NUP50	0.082383	7.194502e+1	2503	202
PPP2R2B	0.082376	7.193840e+1	2504	181
ATAD5	0.082373	7.193591e+1	2505	203
CWC27	0.082362	7.192647e+1	2506	144
ANAPC5	0.082352	7.191770e+1	2507	183
RAD50	0.082346	7.191206e+1	2508	197
TSLP	0.082319	7.188864e+1	2509	198
SCN2A	0.082311	7.188210e+1	2510	203
RPL41	0.082233	7.181386e+1	2511	177
PCCB	0.082233	7.181382e+1	2512	198
DHX58	0.082222	7.180404e+1	2513	209
ANAPC7	0.082157	7.174760e+1	2514	193
MATR3	0.082146	7.173767e+1	2515	203
MAP1LC3A	0.082134	7.172741e+1	2516	201
UBE2L3	0.082114	7.170998e+1	2517	202
MRM3	0.082081	7.168096e+1	2518	179
PRKAA1	0.082068	7.166914e+1	2519	185
MMP14	0.082062	7.166470e+1	2520	214
MRPL48	0.082059	7.166137e+1	2521	136
LIG3	0.082055	7.165788e+1	2522	206
COA6	0.082053	7.165619e+1	2523	190
PFDN5	0.082029	7.163512e+1	2524	212
SRSF4	0.082028	7.163468e+1	2525	202
IRF9	0.081972	7.158531e+1	2526	180
WEE1	0.081966	7.158047e+1	2527	211
IKBKE	0.081953	7.156894e+1	2528	189
FLT4	0.081917	7.153805e+1	2529	182
APOA2	0.081882	7.150728e+1	2530	194
PPIL1	0.081879	7.150481e+1	2531	147
CGAS	0.081876	7.150152e+1	2532	196
HDAC9	0.081853	7.148154e+1	2533	198
SMU1	0.081799	7.143460e+1	2534	158
CD209	0.081791	7.142772e+1	2535	203
MRPS28	0.081785	7.142252e+1	2536	138
CXCL5	0.081752	7.139325e+1	2537	192
MRPS17	0.081749	7.139117e+1	2538	136
UGT1A6	0.081711	7.135793e+1	2539	174
RBFOX3	0.081711	7.135778e+1	2540	223
FANCA	0.081702	7.134995e+1	2541	188
NOTCH4	0.081653	7.130749e+1	2542	219
CTPS2	0.081632	7.128857e+1	2543	220
OIP5	0.081599	7.126028e+1	2544	192
PDGFA	0.081586	7.124851e+1	2545	197
MSH3	0.081580	7.124318e+1	2546	193
TNFRSF4	0.081552	7.121884e+1	2547	204
OAT	0.081545	7.121268e+1	2548	217
KLK3	0.081528	7.119777e+1	2549	217
CDCA3	0.081512	7.118388e+1	2550	173
SCN1A	0.081464	7.114241e+1	2551	200
SIN3B	0.081455	7.113405e+1	2552	197
BNIP3	0.081431	7.111361e+1	2553	204
PRKAR1A	0.081387	7.107476e+1	2554	207
KRT5	0.081361	7.105242e+1	2555	224
NCF1	0.081351	7.104310e+1	2556	195
NQO1	0.081345	7.103822e+1	2557	211
BANF1	0.081313	7.101024e+1	2558	194
JUND	0.081302	7.100102e+1	2559	202
TET2	0.081290	7.098976e+1	2560	205
FECH	0.081289	7.098950e+1	2561	204
HSD17B4	0.081277	7.097884e+1	2562	199
UCHL1	0.081224	7.093263e+1	2563	224
CYP2C8	0.081216	7.092594e+1	2564	162
MRPS24	0.081205	7.091580e+1	2565	135
COPB1	0.081184	7.089722e+1	2566	197
LGALS4	0.081181	7.089499e+1	2567	237
YEATS4	0.081133	7.085263e+1	2568	180
GOSR2	0.081125	7.084633e+1	2569	176
PPIF	0.081123	7.084466e+1	2570	201
CYP1B1	0.081110	7.083261e+1	2571	176
NEFL	0.081107	7.083032e+1	2572	210
SPN	0.081087	7.081299e+1	2573	209
COL4A1	0.081063	7.079147e+1	2574	194
PRPF4	0.081041	7.077312e+1	2575	155
EPOR	0.081028	7.076169e+1	2576	180
PSMD9	0.081007	7.074341e+1	2577	231
MRPL52	0.080994	7.073153e+1	2578	129
SSB	0.080981	7.072003e+1	2579	217
CD276	0.080930	7.067554e+1	2580	216
NEIL3	0.080918	7.066501e+1	2581	222
ECI2	0.080916	7.066314e+1	2582	213
EXOSC3	0.080901	7.065020e+1	2583	177
PRKG1	0.080894	7.064391e+1	2584	172
CCNT2	0.080887	7.063851e+1	2585	167
MRPL53	0.080876	7.062850e+1	2586	135
MYO6	0.080832	7.059026e+1	2587	201
AKAP9	0.080830	7.058830e+1	2588	202
NOP10	0.080824	7.058305e+1	2589	183
DCK	0.080822	7.058178e+1	2590	167
MRPL28	0.080813	7.057372e+1	2591	126
GPSM2	0.080777	7.054212e+1	2592	271
TACC3	0.080757	7.052504e+1	2593	200
PTPN1	0.080734	7.050438e+1	2594	211
SRSF11	0.080716	7.048910e+1	2595	189
SMARCD1	0.080698	7.047330e+1	2596	159
CYP3A5	0.080650	7.043145e+1	2597	159
ANAPC2	0.080623	7.040744e+1	2598	178
SERPINC1	0.080603	7.039047e+1	2599	193
TAB1	0.080585	7.037409e+1	2600	181
TRADD	0.080581	7.037136e+1	2601	171
PMS2	0.080482	7.028459e+1	2602	188
SPARC	0.080459	7.026459e+1	2603	214
RPGR	0.080402	7.021447e+1	2604	195
PAX5	0.080387	7.020178e+1	2605	202
POLI	0.080371	7.018734e+1	2606	200
RNF113A	0.080364	7.018128e+1	2607	139
PARP2	0.080351	7.016978e+1	2608	190
CACNG2	0.080332	7.015391e+1	2609	171
STX18	0.080327	7.014882e+1	2610	195
SBDS	0.080287	7.011420e+1	2611	202
UGT1A1	0.080279	7.010706e+1	2612	169
ADAR	0.080268	7.009776e+1	2613	213
AQR	0.080249	7.008101e+1	2614	148
STX6	0.080233	7.006729e+1	2615	167
ATP5F1E	0.080216	7.005224e+1	2616	172
OXT	0.080136	6.998263e+1	2617	200
CD2AP	0.080122	6.997019e+1	2618	187
TYR	0.080111	6.996042e+1	2619	212
PBX1	0.080082	6.993488e+1	2620	194
MED11	0.080068	6.992331e+1	2621	136
G6PC	0.080017	6.987861e+1	2622	194
DHX32	0.080011	6.987310e+1	2623	197
BCLAF1	0.079984	6.984982e+1	2624	207
PGM2	0.079948	6.981805e+1	2625	178
NRXN2	0.079934	6.980555e+1	2626	202
CYP2A6	0.079928	6.980044e+1	2627	152
ARAF	0.079924	6.979696e+1	2628	198
PLD2	0.079917	6.979152e+1	2629	177
STXBP1	0.079911	6.978624e+1	2630	194
ERV3-1	0.079909	6.978434e+1	2631	223
GFM2	0.079906	6.978122e+1	2632	178
PRDM1	0.079877	6.975644e+1	2633	215
HELLS	0.079781	6.967246e+1	2634	221
TNNT2	0.079722	6.962060e+1	2635	192
ENTPD3	0.079651	6.955922e+1	2636	153
RNF7	0.079642	6.955123e+1	2637	181
C4A	0.079606	6.951929e+1	2638	195
SMN1	0.079603	6.951693e+1	2639	198
TIPIN	0.079543	6.946477e+1	2640	186
NUMB	0.079521	6.944540e+1	2641	218
ATG16L1	0.079520	6.944424e+1	2642	177
MCC	0.079514	6.943875e+1	2643	188
BCL11A	0.079499	6.942623e+1	2644	180
KCNA3	0.079486	6.941508e+1	2645	214
NDUFB1	0.079411	6.934884e+1	2646	141
NKX2-5	0.079406	6.934462e+1	2647	206
RRAS	0.079394	6.933480e+1	2648	160
SMARCA1	0.079383	6.932436e+1	2649	201
ENTPD8	0.079358	6.930264e+1	2650	152
MRPL18	0.079306	6.925748e+1	2651	123
CD59	0.079278	6.923350e+1	2652	214
AK8	0.079252	6.921000e+1	2653	202
RCC1	0.079145	6.911660e+1	2654	211
CDK8	0.079124	6.909823e+1	2655	168
IPO4	0.079118	6.909352e+1	2656	167
ITGA3	0.079078	6.905826e+1	2657	169
TIGIT	0.079053	6.903691e+1	2658	191
OLIG2	0.079022	6.900938e+1	2659	216
MED9	0.078994	6.898547e+1	2660	136
RHOG	0.078975	6.896826e+1	2661	203
RARS2	0.078966	6.896046e+1	2662	187
CACNB2	0.078965	6.895935e+1	2663	181
TNRC6C	0.078960	6.895519e+1	2664	210
SMURF2	0.078946	6.894310e+1	2665	197
PPARD	0.078903	6.890516e+1	2666	217
TCEA2	0.078874	6.888040e+1	2667	166
OCRL	0.078870	6.887716e+1	2668	181
MRPS26	0.078856	6.886489e+1	2669	127
ATP5MF	0.078818	6.883124e+1	2670	163
PLCB4	0.078817	6.883043e+1	2671	152
SLC6A3	0.078798	6.881380e+1	2672	204
CCL17	0.078796	6.881221e+1	2673	179
APOH	0.078756	6.877710e+1	2674	180
AK4	0.078701	6.872922e+1	2675	196
PPP2R5C	0.078641	6.867705e+1	2676	181
SIRT6	0.078634	6.867051e+1	2677	193
ABCF1	0.078602	6.864294e+1	2678	185
MRPL37	0.078583	6.862600e+1	2679	117
IDH3B	0.078567	6.861258e+1	2680	181
LTA	0.078506	6.855872e+1	2681	208
NEUROD1	0.078496	6.854993e+1	2682	214
NUP43	0.078443	6.850370e+1	2683	197
TRMT61A	0.078425	6.848835e+1	2684	193
L1CAM	0.078339	6.841311e+1	2685	199
ARF3	0.078328	6.840359e+1	2686	202
PLEC	0.078247	6.833239e+1	2687	197
ZC3H13	0.078200	6.829185e+1	2688	167
PAK1IP1	0.078180	6.827422e+1	2689	182
TNFSF10	0.078150	6.824769e+1	2690	209
CYSLTR2	0.078123	6.822441e+1	2691	233
MYO1C	0.078110	6.821338e+1	2692	197
H2AC11	0.078071	6.817871e+1	2693	133
NUP160	0.078036	6.814864e+1	2694	198
TBPL2	0.077999	6.811638e+1	2695	176
MAPRE1	0.077981	6.810005e+1	2696	195
PPP2R5A	0.077975	6.809479e+1	2697	176
GMNN	0.077971	6.809177e+1	2698	212
UPF3B	0.077963	6.808501e+1	2699	169
MRPL14	0.077962	6.808353e+1	2700	121
WDR82	0.077948	6.807116e+1	2701	177
PPAN-P2RY11	0.077933	6.805869e+1	2702	185
UGT1A8	0.077882	6.801380e+1	2703	164
RAD9A	0.077847	6.798298e+1	2704	168
BSG	0.077844	6.798113e+1	2705	195
ARHGEF7	0.077824	6.796314e+1	2706	194
AXL	0.077802	6.794445e+1	2707	206
TADA3	0.077787	6.793099e+1	2708	168
ITGB7	0.077785	6.792924e+1	2709	169
KAT6A	0.077731	6.788189e+1	2710	182
SMURF1	0.077699	6.785439e+1	2711	186
C5AR1	0.077688	6.784467e+1	2712	210
GPC3	0.077682	6.783940e+1	2713	193
GATB	0.077615	6.778102e+1	2714	189
ERCC5	0.077561	6.773404e+1	2715	166
BRD7	0.077496	6.767727e+1	2716	169
PPIH	0.077453	6.763946e+1	2717	176
WNT4	0.077450	6.763689e+1	2718	190
ACSL1	0.077422	6.761180e+1	2719	197
DNAJA1	0.077414	6.760521e+1	2720	201
LGR5	0.077413	6.760420e+1	2721	215
CENPS	0.077409	6.760058e+1	2722	146
NDUFC1	0.077393	6.758715e+1	2723	133
TXNL4A	0.077385	6.757988e+1	2724	136
MYB	0.077371	6.756741e+1	2725	200
KLRB1	0.077340	6.754063e+1	2726	193
CACNA1B	0.077323	6.752579e+1	2727	181
EIF3J	0.077279	6.748713e+1	2728	152
UGT1A4	0.077263	6.747368e+1	2729	162
CD79B	0.077261	6.747140e+1	2730	193
TOMM7	0.077235	6.744865e+1	2731	187
CCR9	0.077229	6.744364e+1	2732	175
HNRNPA3	0.077223	6.743865e+1	2733	184
PAICS	0.077209	6.742628e+1	2734	220
ACTR1A	0.077197	6.741552e+1	2735	196
H2AC1	0.077187	6.740721e+1	2736	186
COL5A1	0.077154	6.737784e+1	2737	193
NUP37	0.077137	6.736363e+1	2738	194
BET1	0.077134	6.736039e+1	2739	165
SLC25A4	0.077124	6.735208e+1	2740	183
SORT1	0.077111	6.734021e+1	2741	191
IGFBP3	0.077084	6.731670e+1	2742	202
SH3GL2	0.077074	6.730794e+1	2743	196
ARNTL	0.077054	6.729082e+1	2744	180
H2BC8	0.077031	6.727037e+1	2745	130
CSTF3	0.076999	6.724255e+1	2746	189
CCR8	0.076973	6.722007e+1	2747	173
TRMT6	0.076964	6.721242e+1	2748	192
H2BC10	0.076947	6.719734e+1	2749	127
ASCL1	0.076938	6.718985e+1	2750	201
AMPH	0.076898	6.715457e+1	2751	184
CPSF3	0.076894	6.715077e+1	2752	174
CNOT1	0.076869	6.712892e+1	2753	183
AMBP	0.076845	6.710813e+1	2754	195
SLC2A2	0.076833	6.709823e+1	2755	205
KNTC1	0.076829	6.709480e+1	2756	190
RNF168	0.076787	6.705765e+1	2757	176
UGT1A10	0.076764	6.703743e+1	2758	162
METTL3	0.076723	6.700200e+1	2759	199
BAX	0.076701	6.698237e+1	2760	172
DISC1	0.076668	6.695396e+1	2761	189
H2BC6	0.076652	6.694005e+1	2762	129
IFI44L	0.076632	6.692220e+1	2763	172
H2AC15	0.076631	6.692120e+1	2764	130
PIKFYVE	0.076616	6.690811e+1	2765	173
PDHX	0.076574	6.687183e+1	2766	196
DYRK1A	0.076516	6.682126e+1	2767	207
PYGL	0.076476	6.678602e+1	2768	189
COX10	0.076465	6.677635e+1	2769	180
TIMP2	0.076415	6.673274e+1	2770	206
EIF3CL	0.076345	6.667175e+1	2771	160
TNFRSF8	0.076300	6.663214e+1	2772	188
NSDHL	0.076264	6.660132e+1	2773	201
COPS2	0.076239	6.657910e+1	2774	185
ATP2A2	0.076211	6.655425e+1	2775	195
TBL1XR1	0.076197	6.654239e+1	2776	213
COX7B	0.076160	6.650999e+1	2777	133
EFNB2	0.076152	6.650300e+1	2778	190
DYNLL2	0.076064	6.642589e+1	2779	187
PHC2	0.076008	6.637763e+1	2780	162
ZC3H18	0.075982	6.635510e+1	2781	216
UGT1A7	0.075979	6.635199e+1	2782	160
CDK12	0.075916	6.629671e+1	2783	185
PIAS1	0.075909	6.629068e+1	2784	199
HMGCS1	0.075881	6.626640e+1	2785	180
CTH	0.075878	6.626415e+1	2786	181
PFKL	0.075878	6.626373e+1	2787	185
CDCA2	0.075862	6.625009e+1	2788	175
PI4KB	0.075859	6.624749e+1	2789	177
GLDC	0.075851	6.624010e+1	2790	179
PSMA8	0.075850	6.623959e+1	2791	192
H2AC16	0.075836	6.622710e+1	2792	127
AP1G1	0.075832	6.622327e+1	2793	176
ACSS1	0.075801	6.619663e+1	2794	186
RB1CC1	0.075781	6.617912e+1	2795	163
HTRA2	0.075760	6.616093e+1	2796	195
MAP2K2	0.075723	6.612850e+1	2797	185
FDFT1	0.075720	6.612628e+1	2798	179
KIF20B	0.075704	6.611232e+1	2799	196
BAP1	0.075698	6.610648e+1	2800	173
OTUD3	0.075694	6.610353e+1	2801	173
NOL11	0.075653	6.606706e+1	2802	143
LRPPRC	0.075636	6.605244e+1	2803	188
BAIAP2	0.075553	6.598030e+1	2804	183
OTC	0.075544	6.597240e+1	2805	203
GABBR2	0.075506	6.593864e+1	2806	179
GTSE1	0.075479	6.591579e+1	2807	208
PLIN1	0.075473	6.590977e+1	2808	199
MTRF1L	0.075458	6.589701e+1	2809	181
AICDA	0.075449	6.588887e+1	2810	198
IL1RN	0.075445	6.588570e+1	2811	209
FIS1	0.075439	6.588030e+1	2812	187
TRA2A	0.075436	6.587803e+1	2813	193
NDUFB2	0.075397	6.584366e+1	2814	134
THBS2	0.075378	6.582730e+1	2815	191
PDPK1	0.075335	6.578980e+1	2816	173
MAT2B	0.075324	6.578037e+1	2817	206
AOC3	0.075297	6.575609e+1	2818	198
CEBPD	0.075244	6.571020e+1	2819	201
PTCH1	0.075239	6.570622e+1	2820	203
TUBA1C	0.075225	6.569358e+1	2821	194
FZD4	0.075150	6.562796e+1	2822	182
SECISBP2	0.075136	6.561602e+1	2823	142
UBE2L6	0.075129	6.560972e+1	2824	179
DCP2	0.075091	6.557632e+1	2825	169
MCAM	0.075082	6.556915e+1	2826	230
LRP1	0.075044	6.553536e+1	2827	187
PGD	0.075035	6.552773e+1	2828	194
GINS1	0.075021	6.551524e+1	2829	181
ATP6V1F	0.075011	6.550711e+1	2830	173
ZC3H15	0.075006	6.550200e+1	2831	188
PTGS1	0.075005	6.550177e+1	2832	175
PLA2G4A	0.074999	6.549637e+1	2833	176
PRPF4B	0.074994	6.549195e+1	2834	156
GP1BA	0.074959	6.546171e+1	2835	197
KMT5A	0.074932	6.543809e+1	2836	167
KIF2A	0.074930	6.543624e+1	2837	188
TICAM1	0.074912	6.542002e+1	2838	184
NOG	0.074887	6.539846e+1	2839	195
LUC7L3	0.074876	6.538870e+1	2840	166
COP1	0.074868	6.538227e+1	2841	186
ADK	0.074858	6.537334e+1	2842	165
DAG1	0.074841	6.535813e+1	2843	167
LIN28A	0.074828	6.534693e+1	2844	197
POLDIP3	0.074818	6.533824e+1	2845	179
DNAJB11	0.074818	6.533807e+1	2846	178
KAT8	0.074818	6.533777e+1	2847	156
GABBR1	0.074817	6.533690e+1	2848	181
ENSP00000497305	0.074801	6.532307e+1	2849	151
ARHGEF25	0.074799	6.532143e+1	2850	208
MCRS1	0.074770	6.529607e+1	2851	154
MEFV	0.074749	6.527752e+1	2852	179
FGF23	0.074681	6.521814e+1	2853	180
PRKAG1	0.074614	6.515960e+1	2854	167
IDH3G	0.074612	6.515790e+1	2855	180
PPP2R5D	0.074589	6.513843e+1	2856	176
DHX35	0.074575	6.512611e+1	2857	188
ARID2	0.074529	6.508603e+1	2858	156
COG3	0.074525	6.508256e+1	2859	180
VAV2	0.074524	6.508158e+1	2860	166
ETV6	0.074516	6.507455e+1	2861	194
ABI1	0.074516	6.507453e+1	2862	182
CR2	0.074489	6.505128e+1	2863	185
PLAUR	0.074470	6.503396e+1	2864	198
CALB1	0.074465	6.502967e+1	2865	212
ELL	0.074464	6.502917e+1	2866	162
DOCK1	0.074434	6.500268e+1	2867	178
CSF2RB	0.074425	6.499527e+1	2868	177
TIMP3	0.074414	6.498537e+1	2869	206
IFNA17	0.074380	6.495526e+1	2870	170
DDX39A	0.074363	6.494074e+1	2871	200
PGK2	0.074342	6.492245e+1	2872	192
PYGB	0.074329	6.491141e+1	2873	182
TRIM33	0.074327	6.490904e+1	2874	173
SEC63	0.074315	6.489848e+1	2875	199
FUT4	0.074310	6.489477e+1	2876	187
CENPK	0.074295	6.488184e+1	2877	164
RTEL1	0.074284	6.487220e+1	2878	188
ACTL6B	0.074268	6.485771e+1	2879	157
ERCC6L	0.074232	6.482601e+1	2880	188
ING3	0.074186	6.478594e+1	2881	149
SAMM50	0.074180	6.478102e+1	2882	186
USP39	0.074177	6.477874e+1	2883	163
CACNA2D1	0.074126	6.473402e+1	2884	170
NASP	0.074119	6.472757e+1	2885	168
SLC32A1	0.074097	6.470845e+1	2886	198
PCLAF	0.074067	6.468217e+1	2887	169
GPSM1	0.074066	6.468140e+1	2888	255
SEC24B	0.074052	6.466932e+1	2889	177
GNAT3	0.074010	6.463259e+1	2890	160
HADH	0.073993	6.461763e+1	2891	188
CPSF2	0.073979	6.460578e+1	2892	172
BCKDHB	0.073968	6.459589e+1	2893	177
MRPL57	0.073959	6.458806e+1	2894	114
EIF2S3B	0.073957	6.458651e+1	2895	171
MND1	0.073956	6.458534e+1	2896	187
TNFRSF10B	0.073956	6.458524e+1	2897	190
H2AC12	0.073945	6.457615e+1	2898	176
NCAPD2	0.073927	6.455965e+1	2899	189
FIP1L1	0.073908	6.454369e+1	2900	175
SYN2	0.073888	6.452577e+1	2901	200
ERAL1	0.073878	6.451762e+1	2902	159
COL4A2	0.073853	6.449521e+1	2903	175
NTS	0.073846	6.448902e+1	2904	181
C1ORF198	0.073831	6.447635e+1	2905	158
ATXN7	0.073798	6.444778e+1	2906	157
C3AR1	0.073731	6.438864e+1	2907	203
NME3	0.073727	6.438585e+1	2908	171
CSNK2B	0.073721	6.438023e+1	2909	185
ZFAND4	0.073711	6.437179e+1	2910	208
KCNH2	0.073702	6.436350e+1	2911	184
NME1-NME2	0.073683	6.434658e+1	2912	175
AK5	0.073681	6.434537e+1	2913	183
SLBP	0.073678	6.434225e+1	2914	197
ARID4A	0.073670	6.433553e+1	2915	179
CRBN	0.073663	6.432965e+1	2916	160
ATG14	0.073651	6.431890e+1	2917	162
TAL1	0.073651	6.431879e+1	2918	188
TIMM10	0.073634	6.430445e+1	2919	177
SUMO3	0.073584	6.426078e+1	2920	195
HK2	0.073583	6.425966e+1	2921	159
INPP5D	0.073574	6.425219e+1	2922	176
COX7A1	0.073557	6.423708e+1	2923	132
KLC2	0.073499	6.418657e+1	2924	183
CTSG	0.073489	6.417742e+1	2925	189
IFNAR2	0.073467	6.415845e+1	2926	161
NF2	0.073459	6.415176e+1	2927	184
CISH	0.073449	6.414241e+1	2928	182
MYL1	0.073431	6.412690e+1	2929	157
FGG	0.073425	6.412136e+1	2930	189
CYP4A11	0.073423	6.412006e+1	2931	157
RAB3A	0.073418	6.411537e+1	2932	169
RANBP1	0.073382	6.408410e+1	2933	191
PNPLA2	0.073374	6.407712e+1	2934	171
COL5A2	0.073373	6.407661e+1	2935	184
CYP2D6	0.073364	6.406860e+1	2936	171
PRDX6	0.073348	6.405438e+1	2937	181
TRAT1	0.073343	6.404970e+1	2938	176
APMAP	0.073329	6.403806e+1	2939	197
COPS4	0.073320	6.403027e+1	2940	177
ZNRD1	0.073285	6.399921e+1	2941	182
FGB	0.073279	6.399460e+1	2942	189
NUP88	0.073272	6.398831e+1	2943	182
MLST8	0.073260	6.397782e+1	2944	167
MBNL1	0.073249	6.396782e+1	2945	187
GLUD2	0.073231	6.395220e+1	2946	155
KRT18	0.073220	6.394245e+1	2947	210
ABCF2	0.073205	6.392985e+1	2948	189
CWC25	0.073203	6.392785e+1	2949	145
DRG2	0.073187	6.391354e+1	2950	187
ZW10	0.073187	6.391340e+1	2951	178
SETD1B	0.073141	6.387330e+1	2952	184
IARS2	0.073138	6.387111e+1	2953	184
TK2	0.073125	6.385946e+1	2954	177
GRHPR	0.073121	6.385644e+1	2955	192
NOL9	0.073120	6.385500e+1	2956	185
PSIP1	0.073097	6.383505e+1	2957	173
ARG2	0.073079	6.381982e+1	2958	195
ELP3	0.073079	6.381978e+1	2959	199
BMPR2	0.073065	6.380745e+1	2960	169
STRN	0.073019	6.376739e+1	2961	174
SKA1	0.072954	6.370992e+1	2962	170
GUK1	0.072950	6.370718e+1	2963	163
CCNK	0.072914	6.367512e+1	2964	172
TIAM1	0.072896	6.365976e+1	2965	172
RAB1B	0.072894	6.365804e+1	2966	171
H2BC7	0.072867	6.363403e+1	2967	114
SP100	0.072855	6.362384e+1	2968	179
SCRIB	0.072826	6.359828e+1	2969	190
TAF15	0.072804	6.357959e+1	2970	171
LIPC	0.072767	6.354691e+1	2971	167
OTUB1	0.072762	6.354242e+1	2972	180
TCHP	0.072751	6.353316e+1	2973	198
CAMP	0.072748	6.353034e+1	2974	178
BAZ1B	0.072740	6.352380e+1	2975	183
GATAD2A	0.072730	6.351432e+1	2976	184
SRF	0.072690	6.348021e+1	2977	177
PLA2G6	0.072668	6.346060e+1	2978	158
OTX2	0.072666	6.345885e+1	2979	207
ACAT1	0.072620	6.341892e+1	2980	167
NCK2	0.072572	6.337682e+1	2981	164
PFDN2	0.072572	6.337637e+1	2982	178
HLA-G	0.072559	6.336523e+1	2983	170
PFKP	0.072558	6.336443e+1	2984	180
NME4	0.072550	6.335725e+1	2985	165
NCKAP1	0.072547	6.335462e+1	2986	188
WASF2	0.072526	6.333640e+1	2987	173
SMARCD3	0.072499	6.331289e+1	2988	175
SLC9A3R1	0.072483	6.329866e+1	2989	180
KIF18B	0.072473	6.329038e+1	2990	176
PDE4D	0.072468	6.328614e+1	2991	166
ERH	0.072467	6.328520e+1	2992	180
TCAP	0.072461	6.327948e+1	2993	171
PSME4	0.072454	6.327372e+1	2994	190
FGR	0.072453	6.327301e+1	2995	197
IL11	0.072452	6.327224e+1	2996	176
VTI1B	0.072449	6.326946e+1	2997	162
PAPOLA	0.072411	6.323646e+1	2998	164
SALL4	0.072403	6.322900e+1	2999	185
VAPA	0.072399	6.322541e+1	3000	181
TOMM70	0.072365	6.319564e+1	3001	169
MAF	0.072360	6.319195e+1	3002	193
DCAF7	0.072347	6.318009e+1	3003	168
PUM1	0.072336	6.317102e+1	3004	209
PPP4C	0.072328	6.316340e+1	3005	176
RIPK2	0.072316	6.315348e+1	3006	169
RFC1	0.072315	6.315225e+1	3007	182
GATA6	0.072308	6.314621e+1	3008	203
COL6A3	0.072290	6.313042e+1	3009	177
TAGLN	0.072268	6.311166e+1	3010	210
TERF2	0.072259	6.310305e+1	3011	176
ITGB6	0.072247	6.309325e+1	3012	144
MTR	0.072237	6.308414e+1	3013	173
S100B	0.072233	6.308080e+1	3014	189
VEGFC	0.072224	6.307261e+1	3015	179
DDX60	0.072148	6.300626e+1	3016	184
IMPDH1	0.072147	6.300595e+1	3017	155
KLRC1	0.072143	6.300202e+1	3018	168
ATP6V1A	0.072128	6.298892e+1	3019	165
GRAP2	0.072100	6.296469e+1	3020	165
GPD2	0.072099	6.296335e+1	3021	165
AP3B1	0.072096	6.296112e+1	3022	186
AOX1	0.072091	6.295644e+1	3023	122
NOM1	0.072080	6.294710e+1	3024	163
AIMP1	0.072080	6.294669e+1	3025	189
IL6ST	0.072074	6.294158e+1	3026	153
VPS29	0.072062	6.293119e+1	3027	174
HMGCS2	0.072045	6.291689e+1	3028	177
TMED10	0.072020	6.289478e+1	3029	169
AP1B1	0.072019	6.289392e+1	3030	168
ANGPT1	0.071980	6.285947e+1	3031	181
OSM	0.071925	6.281216e+1	3032	173
LSM10	0.071922	6.280912e+1	3033	158
AARS1	0.071918	6.280555e+1	3034	165
LY96	0.071910	6.279904e+1	3035	184
RNASEL	0.071895	6.278590e+1	3036	202
CDIPT	0.071823	6.272307e+1	3037	159
NOP9	0.071770	6.267604e+1	3038	152
MTA2	0.071750	6.265900e+1	3039	176
ACADL	0.071749	6.265792e+1	3040	187
PHF8	0.071735	6.264554e+1	3041	168
KRI1	0.071731	6.264275e+1	3042	159
ADSS1	0.071678	6.259589e+1	3043	164
CBX6	0.071650	6.257191e+1	3044	152
OLA1	0.071647	6.256928e+1	3045	204
GSTM1	0.071627	6.255156e+1	3046	152
POLD2	0.071626	6.255034e+1	3047	164
METTL14	0.071578	6.250864e+1	3048	183
MAP1B	0.071573	6.250475e+1	3049	186
FKBP8	0.071533	6.246900e+1	3050	188
EMD	0.071500	6.244076e+1	3051	175
IFIT3	0.071494	6.243502e+1	3052	164
DLG2	0.071474	6.241769e+1	3053	174
GOT1L1	0.071426	6.237587e+1	3054	148
PSMD5	0.071402	6.235474e+1	3055	201
ADCY6	0.071378	6.233391e+1	3056	144
ACACB	0.071373	6.232960e+1	3057	173
CSTF2	0.071358	6.231642e+1	3058	165
BDKRB2	0.071335	6.229676e+1	3059	190
MMP13	0.071300	6.226595e+1	3060	188
HMGCL	0.071278	6.224646e+1	3061	175
GPT2	0.071276	6.224458e+1	3062	191
EIF2AK4	0.071274	6.224302e+1	3063	185
FXR2	0.071244	6.221700e+1	3064	185
UQCRHL	0.071238	6.221149e+1	3065	125
MYO5A	0.071236	6.220972e+1	3066	183
COASY	0.071178	6.215897e+1	3067	198
CNTF	0.071138	6.212467e+1	3068	160
CMPK2	0.071137	6.212379e+1	3069	148
ASCC3	0.071107	6.209706e+1	3070	180
ITPR2	0.071098	6.208969e+1	3071	165
COPS3	0.071098	6.208926e+1	3072	175
ATP6V1B2	0.071097	6.208835e+1	3073	152
NR4A1	0.071076	6.207028e+1	3074	181
CALB2	0.071075	6.206950e+1	3075	197
VANGL1	0.071064	6.205977e+1	3076	215
PDCD5	0.071051	6.204873e+1	3077	171
CENPH	0.071037	6.203666e+1	3078	154
FBP1	0.071021	6.202261e+1	3079	171
C1QA	0.071018	6.201953e+1	3080	186
HSPB2	0.070998	6.200248e+1	3081	179
PRIM2	0.070977	6.198364e+1	3082	149
ALDH9A1	0.070977	6.198342e+1	3083	163
HLA-DPA1	0.070910	6.192524e+1	3084	186
PFN3	0.070860	6.188203e+1	3085	174
SRSF10	0.070823	6.184936e+1	3086	176
NME6	0.070815	6.184261e+1	3087	164
ATG3	0.070800	6.182902e+1	3088	161
DAB2	0.070787	6.181794e+1	3089	170
TJP2	0.070774	6.180647e+1	3090	175
MB	0.070762	6.179586e+1	3091	187
DYNC1LI1	0.070752	6.178773e+1	3092	163
FTO	0.070748	6.178400e+1	3093	177
RSAD2	0.070736	6.177304e+1	3094	159
DAPL1	0.070709	6.174994e+1	3095	154
ACADS	0.070705	6.174640e+1	3096	164
SRFBP1	0.070692	6.173503e+1	3097	172
HPGDS	0.070688	6.173156e+1	3098	147
SYCP3	0.070666	6.171228e+1	3099	178
QKI	0.070639	6.168910e+1	3100	174
THRAP3	0.070622	6.167346e+1	3101	175
CCT6B	0.070592	6.164785e+1	3102	175
WBP4	0.070586	6.164209e+1	3103	130
KPNA1	0.070585	6.164175e+1	3104	184
HNRNPA0	0.070580	6.163711e+1	3105	176
NKX2-1	0.070563	6.162189e+1	3106	189
PLD1	0.070561	6.162045e+1	3107	152
CACNG8	0.070549	6.160967e+1	3108	148
HYOU1	0.070537	6.159922e+1	3109	178
DQX1	0.070535	6.159808e+1	3110	177
CWF19L2	0.070510	6.157564e+1	3111	161
UCHL3	0.070509	6.157473e+1	3112	185
CCNC	0.070506	6.157286e+1	3113	152
XDH	0.070482	6.155121e+1	3114	174
PARD3	0.070477	6.154683e+1	3115	159
SLC6A4	0.070467	6.153819e+1	3116	183
FRS2	0.070456	6.152892e+1	3117	162
OXSM	0.070437	6.151200e+1	3118	210
RAG2	0.070413	6.149127e+1	3119	188
IDH3A	0.070398	6.147850e+1	3120	170
CTNNA1	0.070378	6.146036e+1	3121	166
RECQL5	0.070368	6.145226e+1	3122	176
NAA10	0.070355	6.144041e+1	3123	186
WNT11	0.070348	6.143416e+1	3124	175
GIT1	0.070331	6.141941e+1	3125	190
ZC3HAV1	0.070296	6.138910e+1	3126	197
MCAT	0.070279	6.137460e+1	3127	167
PELO	0.070240	6.134060e+1	3128	126
ROBO3	0.070225	6.132705e+1	3129	196
PDE6A	0.070223	6.132499e+1	3130	146
FPR2	0.070217	6.131996e+1	3131	193
PAX3	0.070216	6.131933e+1	3132	191
ADCY1	0.070206	6.131015e+1	3133	143
PPBP	0.070201	6.130634e+1	3134	167
GLP1R	0.070192	6.129795e+1	3135	173
PNP	0.070171	6.128037e+1	3136	150
RBM14	0.070082	6.120231e+1	3137	172
ATRIP	0.070080	6.120048e+1	3138	149
MTRF1	0.070036	6.116184e+1	3139	175
DYNC1I1	0.070029	6.115553e+1	3140	171
OAS1	0.070017	6.114509e+1	3141	162
RPS6KA1	0.070011	6.114009e+1	3142	178
RC3H1	0.069992	6.112349e+1	3143	187
PDE6G	0.069986	6.111882e+1	3144	153
PRDX2	0.069986	6.111800e+1	3145	197
HLA-DQB1	0.069968	6.110231e+1	3146	183
ACTR3	0.069958	6.109409e+1	3147	169
MEPCE	0.069941	6.107899e+1	3148	194
PLIN2	0.069936	6.107487e+1	3149	192
TRAP1	0.069935	6.107372e+1	3150	193
ZNF622	0.069927	6.106687e+1	3151	144
UCP1	0.069918	6.105889e+1	3152	186
CKS2	0.069872	6.101875e+1	3153	171
NUP35	0.069832	6.098355e+1	3154	177
IK	0.069799	6.095496e+1	3155	126
PSMF1	0.069795	6.095159e+1	3156	204
MTFMT	0.069792	6.094919e+1	3157	183
CPT1A	0.069776	6.093471e+1	3158	181
FARSB	0.069758	6.091928e+1	3159	192
FOSB	0.069754	6.091549e+1	3160	172
NR0B2	0.069735	6.089906e+1	3161	170
VAMP4	0.069651	6.082626e+1	3162	152
CALCOCO2	0.069640	6.081635e+1	3163	169
NT5C2	0.069634	6.081134e+1	3164	138
UBL7	0.069627	6.080447e+1	3165	192
E2F6	0.069625	6.080296e+1	3166	148
NAPG	0.069550	6.073753e+1	3167	171
PUS1	0.069546	6.073437e+1	3168	180
COX15	0.069533	6.072270e+1	3169	158
ISCU	0.069513	6.070567e+1	3170	174
SKA3	0.069509	6.070209e+1	3171	164
NACA2	0.069416	6.062086e+1	3172	134
CHD1L	0.069409	6.061441e+1	3173	159
AKR1B1	0.069408	6.061390e+1	3174	166
USP5	0.069389	6.059689e+1	3175	179
LRRC47	0.069375	6.058495e+1	3176	171
DSCC1	0.069221	6.045075e+1	3177	179
SRPK1	0.069176	6.041078e+1	3178	176
PRDX3	0.069158	6.039534e+1	3179	192
POLE4	0.069128	6.036886e+1	3180	155
RIPK3	0.069122	6.036346e+1	3181	159
USP22	0.069107	6.035099e+1	3182	139
LGALS9	0.069100	6.034488e+1	3183	185
KDM5D	0.069087	6.033360e+1	3184	179
KL	0.069041	6.029327e+1	3185	160
GCC2	0.069028	6.028156e+1	3186	177
PLCE1	0.069021	6.027535e+1	3187	143
STX4	0.069017	6.027257e+1	3188	144
TFDP1	0.068992	6.025059e+1	3189	152
CCDC124	0.068984	6.024346e+1	3190	124
UBTF	0.068974	6.023507e+1	3191	171
EGLN1	0.068947	6.021137e+1	3192	184
NELFE	0.068907	6.017573e+1	3193	146
CCDC22	0.068901	6.017083e+1	3194	184
GUSB	0.068897	6.016716e+1	3195	166
DERL1	0.068882	6.015451e+1	3196	164
TSR2	0.068874	6.014769e+1	3197	159
NSD3	0.068866	6.013994e+1	3198	147
GPC1	0.068836	6.011416e+1	3199	171
PAK4	0.068803	6.008488e+1	3200	186
TLR5	0.068768	6.005492e+1	3201	181
ELOA	0.068767	6.005346e+1	3202	152
BMPR1A	0.068752	6.004119e+1	3203	156
NDE1	0.068742	6.003211e+1	3204	177
RALA	0.068738	6.002896e+1	3205	152
TRAF1	0.068713	6.000683e+1	3206	167
EBF1	0.068706	6.000030e+1	3207	181
IL10RB	0.068705	6.000009e+1	3208	153
FKBP5	0.068704	5.999902e+1	3209	171
PDF	0.068700	5.999513e+1	3210	145
WWP1	0.068695	5.999097e+1	3211	183
NR0B1	0.068613	5.991967e+1	3212	169
ACADVL	0.068578	5.988864e+1	3213	186
HCG_1984214	0.068575	5.988640e+1	3214	107
ACSL4	0.068569	5.988068e+1	3215	183
UBE2V1	0.068559	5.987262e+1	3216	160
UBR5	0.068558	5.987169e+1	3217	179
TUBB4A	0.068535	5.985141e+1	3218	174
MTG2	0.068529	5.984576e+1	3219	143
HK1	0.068521	5.983941e+1	3220	149
CACNA1H	0.068520	5.983791e+1	3221	145
CDC20B	0.068508	5.982737e+1	3222	166
GSTO1	0.068496	5.981734e+1	3223	155
CLDN1	0.068471	5.979546e+1	3224	174
TMA16	0.068463	5.978834e+1	3225	140
KDM2B	0.068454	5.978061e+1	3226	168
GRPEL2	0.068453	5.978001e+1	3227	178
FAF2	0.068450	5.977694e+1	3228	162
PRKAB2	0.068450	5.977672e+1	3229	149
PHF21A	0.068443	5.977111e+1	3230	159
P2RY12	0.068431	5.976050e+1	3231	180
VPS39	0.068429	5.975826e+1	3232	171
YJU2	0.068427	5.975736e+1	3233	129
CELF1	0.068413	5.974488e+1	3234	173
LMAN1	0.068408	5.974063e+1	3235	169
RMI1	0.068347	5.968711e+1	3236	148
F2R	0.068341	5.968167e+1	3237	169
TRMT11	0.068308	5.965296e+1	3238	176
PHF20	0.068265	5.961525e+1	3239	145
TOMM22	0.068240	5.959362e+1	3240	160
PLAAT3	0.068240	5.959354e+1	3241	158
SPHK1	0.068234	5.958839e+1	3242	158
GRIA4	0.068210	5.956778e+1	3243	159
CFLAR	0.068204	5.956241e+1	3244	163
STN1	0.068192	5.955178e+1	3245	150
GAB2	0.068174	5.953560e+1	3246	164
REV1	0.068154	5.951876e+1	3247	167
ATP6V1B1	0.068120	5.948885e+1	3248	147
GPS1	0.068063	5.943944e+1	3249	174
SOX17	0.068060	5.943624e+1	3250	188
VAV3	0.068049	5.942707e+1	3251	155
KCNC2	0.068037	5.941601e+1	3252	196
C9ORF72	0.068023	5.940430e+1	3253	159
REST	0.068016	5.939774e+1	3254	172
AMFR	0.068010	5.939273e+1	3255	154
KCNC3	0.068002	5.938545e+1	3256	188
SLAMF1	0.067989	5.937438e+1	3257	175
SCIN	0.067976	5.936348e+1	3258	170
ENSP00000387111	0.067966	5.935446e+1	3259	151
TFEB	0.067959	5.934861e+1	3260	180
OAS2	0.067911	5.930674e+1	3261	156
DGUOK	0.067902	5.929858e+1	3262	156
KCNV2	0.067891	5.928881e+1	3263	191
CLDN5	0.067870	5.927044e+1	3264	171
IRF5	0.067820	5.922675e+1	3265	186
PSAT1	0.067800	5.920953e+1	3266	190
OGG1	0.067799	5.920878e+1	3267	164
DLG3	0.067711	5.913152e+1	3268	153
AFF1	0.067688	5.911140e+1	3269	150
PEX2	0.067641	5.907021e+1	3270	136
CYP26A1	0.067624	5.905535e+1	3271	142
CHD7	0.067609	5.904219e+1	3272	184
SGF29	0.067531	5.897470e+1	3273	123
AP1M1	0.067527	5.897095e+1	3274	163
APOBEC3G	0.067516	5.896112e+1	3275	174
ANGPT2	0.067506	5.895238e+1	3276	170
COMMD2	0.067486	5.893534e+1	3277	184
IFNA4	0.067484	5.893338e+1	3278	159
GNA15	0.067473	5.892382e+1	3279	150
ADA	0.067411	5.886966e+1	3280	171
EPN2	0.067405	5.886424e+1	3281	157
BDKRB1	0.067381	5.884323e+1	3282	186
SHANK3	0.067365	5.882983e+1	3283	163
OS9	0.067314	5.878456e+1	3284	161
LMO2	0.067299	5.877148e+1	3285	174
NOX4	0.067250	5.872869e+1	3286	169
HFM1	0.067243	5.872295e+1	3287	166
CP	0.067233	5.871465e+1	3288	170
NSUN5	0.067187	5.867434e+1	3289	178
NUP210	0.067185	5.867204e+1	3290	177
AGER	0.067163	5.865276e+1	3291	169
HSD3B7	0.067142	5.863484e+1	3292	181
CASP7	0.067121	5.861628e+1	3293	163
C1QBP	0.067105	5.860224e+1	3294	181
SAG	0.067104	5.860158e+1	3295	175
BET1L	0.067103	5.860057e+1	3296	165
ARHGEF1	0.067086	5.858628e+1	3297	170
MBL2	0.067060	5.856351e+1	3298	167
KLRG1	0.067050	5.855471e+1	3299	174
DEK	0.067035	5.854162e+1	3300	169
CRHR1	0.067028	5.853510e+1	3301	172
ADCY9	0.067021	5.852925e+1	3302	133
NVL	0.066993	5.850432e+1	3303	153
ALDH1A2	0.066944	5.846164e+1	3304	158
LRGUK	0.066910	5.843231e+1	3305	194
SPC25	0.066884	5.840955e+1	3306	151
CMPK1	0.066876	5.840256e+1	3307	181
NOD1	0.066869	5.839646e+1	3308	162
NAPB	0.066860	5.838851e+1	3309	159
PIF1	0.066841	5.837216e+1	3310	173
CACNA1G	0.066806	5.834127e+1	3311	149
ISY1	0.066803	5.833901e+1	3312	133
ADAM17	0.066800	5.833634e+1	3313	174
IGF2BP1	0.066797	5.833386e+1	3314	158
ATG13	0.066763	5.830403e+1	3315	150
PRKCE	0.066748	5.829092e+1	3316	142
PICK1	0.066715	5.826231e+1	3317	170
MYL3	0.066708	5.825614e+1	3318	146
ATP12A	0.066700	5.824862e+1	3319	169
NELFB	0.066677	5.822873e+1	3320	126
PPP3CC	0.066655	5.820947e+1	3321	150
PSMB11	0.066620	5.817932e+1	3322	186
PUF60	0.066595	5.815750e+1	3323	161
EIF1B	0.066590	5.815291e+1	3324	134
PPY	0.066590	5.815267e+1	3325	163
VIRMA	0.066525	5.809602e+1	3326	171
RBM10	0.066520	5.809172e+1	3327	171
PPP2R5E	0.066489	5.806466e+1	3328	158
EREG	0.066484	5.805999e+1	3329	174
PRKAA2	0.066469	5.804661e+1	3330	137
SLC25A6	0.066429	5.801179e+1	3331	164
GPSM3	0.066427	5.801023e+1	3332	236
CTSK	0.066399	5.798587e+1	3333	177
CARS1	0.066398	5.798473e+1	3334	164
NCR3	0.066397	5.798382e+1	3335	158
GAP43	0.066382	5.797145e+1	3336	182
EFNA5	0.066381	5.797026e+1	3337	157
FDXR	0.066373	5.796303e+1	3338	171
SEC31A	0.066370	5.796067e+1	3339	156
STAMBP	0.066334	5.792904e+1	3340	170
NUP58	0.066320	5.791692e+1	3341	173
NT5C1A	0.066316	5.791367e+1	3342	124
GSK3A	0.066282	5.788337e+1	3343	174
USP18	0.066279	5.788106e+1	3344	152
NMU	0.066270	5.787308e+1	3345	176
SETD7	0.066263	5.786719e+1	3346	164
ITGA7	0.066258	5.786262e+1	3347	149
VTI1A	0.066215	5.782516e+1	3348	133
CENPC	0.066213	5.782339e+1	3349	121
PYY	0.066199	5.781097e+1	3350	166
IFNL1	0.066177	5.779228e+1	3351	151
HLA-DQA1	0.066174	5.778958e+1	3352	164
DDX20	0.066149	5.776754e+1	3353	164
IFNA5	0.066148	5.776659e+1	3354	155
KMT2E	0.066141	5.776086e+1	3355	161
ATP5IF1	0.066133	5.775384e+1	3356	164
EXOSC6	0.066124	5.774598e+1	3357	149
TCF4	0.066109	5.773273e+1	3358	162
HCRT	0.066102	5.772643e+1	3359	166
ADCY10	0.066096	5.772123e+1	3360	158
ADORA2A	0.066084	5.771083e+1	3361	175
FGF21	0.066080	5.770748e+1	3362	173
AP4E1	0.066065	5.769438e+1	3363	166
PIAS4	0.066062	5.769194e+1	3364	158
GTPBP3	0.066028	5.766203e+1	3365	163
NUMA1	0.066007	5.764370e+1	3366	175
XCR1	0.066000	5.763714e+1	3367	156
FTH1	0.065992	5.763031e+1	3368	180
DCLRE1C	0.065974	5.761481e+1	3369	155
IPO7	0.065973	5.761386e+1	3370	182
DGAT2	0.065969	5.761013e+1	3371	160
UBL4B	0.065967	5.760883e+1	3372	178
POLG	0.065939	5.758412e+1	3373	164
GRIK2	0.065926	5.757277e+1	3374	162
BPTF	0.065903	5.755291e+1	3375	154
GCLC	0.065889	5.754016e+1	3376	158
FBH1	0.065871	5.752489e+1	3377	168
ARNT	0.065863	5.751769e+1	3378	161
RPS6KB2	0.065860	5.751544e+1	3379	156
ACAT2	0.065859	5.751432e+1	3380	149
SETX	0.065832	5.749075e+1	3381	168
CYP17A1	0.065796	5.745944e+1	3382	152
PRKAB1	0.065789	5.745347e+1	3383	140
MCM8	0.065780	5.744502e+1	3384	154
SMC1B	0.065775	5.744135e+1	3385	164
MYL9	0.065765	5.743258e+1	3386	145
PMCH	0.065764	5.743101e+1	3387	169
EPB41	0.065759	5.742703e+1	3388	156
ITGB8	0.065735	5.740625e+1	3389	136
BNIP1	0.065732	5.740327e+1	3390	153
HNF1A	0.065724	5.739659e+1	3391	171
GTPBP10	0.065718	5.739096e+1	3392	142
CCND3	0.065712	5.738632e+1	3393	157
XRCC4	0.065696	5.737208e+1	3394	139
BTLA	0.065684	5.736173e+1	3395	170
KRT8	0.065599	5.728769e+1	3396	189
CHTF18	0.065568	5.726026e+1	3397	151
FOXO4	0.065547	5.724226e+1	3398	148
ARHGDIA	0.065547	5.724148e+1	3399	174
LILRB2	0.065536	5.723244e+1	3400	176
CD83	0.065521	5.721878e+1	3401	174
MYL6	0.065499	5.719991e+1	3402	145
ASNS	0.065492	5.719352e+1	3403	156
SCFD1	0.065465	5.717035e+1	3404	154
HNRNPAB	0.065456	5.716197e+1	3405	168
CHRM2	0.065455	5.716190e+1	3406	167
MGMT	0.065453	5.715976e+1	3407	179
SQLE	0.065406	5.711863e+1	3408	159
AARS2	0.065398	5.711170e+1	3409	159
SNX9	0.065397	5.711048e+1	3410	164
PPP2R5B	0.065388	5.710265e+1	3411	155
CDC26	0.065356	5.707541e+1	3412	142
UVRAG	0.065342	5.706301e+1	3413	156
MYLPF	0.065290	5.701752e+1	3414	142
SERPING1	0.065283	5.701165e+1	3415	175
USP8	0.065257	5.698898e+1	3416	169
STAM2	0.065255	5.698715e+1	3417	150
WDR4	0.065245	5.697781e+1	3418	166
ABCF3	0.065210	5.694745e+1	3419	174
TRIO	0.065209	5.694697e+1	3420	186
CHMP2A	0.065192	5.693201e+1	3421	151
NELFA	0.065172	5.691451e+1	3422	129
SEC24C	0.065144	5.688987e+1	3423	157
IL5RA	0.065131	5.687821e+1	3424	153
BCL10	0.065111	5.686129e+1	3425	145
DCTN4	0.065080	5.683404e+1	3426	155
AVPR2	0.065076	5.683053e+1	3427	169
TNRC6B	0.065073	5.682787e+1	3428	180
IDO2	0.065059	5.681606e+1	3429	165
NCF2	0.065058	5.681482e+1	3430	159
RETN	0.065042	5.680047e+1	3431	173
HTR2A	0.065041	5.679972e+1	3432	169
SELPLG	0.065037	5.679624e+1	3433	167
SLC25A5	0.065036	5.679593e+1	3434	164
PGM1	0.065030	5.679001e+1	3435	163
GHR	0.065024	5.678501e+1	3436	143
BATF	0.065004	5.676727e+1	3437	172
NCF4	0.064983	5.674935e+1	3438	165
STAM	0.064960	5.672908e+1	3439	148
MAFB	0.064944	5.671526e+1	3440	180
LPAR1	0.064941	5.671301e+1	3441	163
PRMT6	0.064935	5.670756e+1	3442	178
SRY	0.064917	5.669202e+1	3443	174
RRM2B	0.064899	5.667627e+1	3444	144
NUP42	0.064892	5.666987e+1	3445	172
PPARGC1B	0.064833	5.661814e+1	3446	153
COMMD8	0.064818	5.660503e+1	3447	172
ADCY2	0.064811	5.659871e+1	3448	136
MTIF3	0.064808	5.659609e+1	3449	139
RPAP3	0.064793	5.658367e+1	3450	144
KRT14	0.064791	5.658143e+1	3451	187
TMED7	0.064779	5.657081e+1	3452	159
GLO1	0.064778	5.657051e+1	3453	180
WASF1	0.064765	5.655901e+1	3454	140
IFNA14	0.064755	5.655059e+1	3455	151
DNAJC5	0.064744	5.654023e+1	3456	161
SLC1A5	0.064739	5.653636e+1	3457	192
WDR90	0.064689	5.649286e+1	3458	168
COX6B2	0.064681	5.648549e+1	3459	145
SERPINH1	0.064663	5.646973e+1	3460	159
FABP1	0.064634	5.644496e+1	3461	167
IFNA21	0.064633	5.644367e+1	3462	153
DDOST	0.064621	5.643298e+1	3463	154
AP1S1	0.064621	5.643296e+1	3464	147
YARS2	0.064607	5.642085e+1	3465	155
TPM2	0.064579	5.639632e+1	3466	152
TIMM17A	0.064574	5.639186e+1	3467	146
SIGLEC1	0.064572	5.639046e+1	3468	182
COMMD6	0.064555	5.637581e+1	3469	171
ZFP36	0.064547	5.636892e+1	3470	162
POU2F1	0.064546	5.636758e+1	3471	165
BST2	0.064543	5.636532e+1	3472	169
LBR	0.064479	5.630929e+1	3473	164
HSF1	0.064471	5.630176e+1	3474	151
DNAJC9	0.064469	5.630052e+1	3475	147
BLVRB	0.064448	5.628250e+1	3476	149
PSEN2	0.064442	5.627653e+1	3477	163
DDX41	0.064441	5.627633e+1	3478	172
CFH	0.064441	5.627608e+1	3479	150
FOSL1	0.064393	5.623440e+1	3480	167
SPTBN1	0.064375	5.621862e+1	3481	167
SLC1A2	0.064273	5.612951e+1	3482	185
SLC9A1	0.064254	5.611280e+1	3483	145
CBX7	0.064228	5.608964e+1	3484	117
ADCYAP1	0.064211	5.607505e+1	3485	159
ORC3	0.064201	5.606618e+1	3486	146
SPAST	0.064199	5.606441e+1	3487	165
TIMM22	0.064193	5.605946e+1	3488	152
IFIT2	0.064181	5.604872e+1	3489	149
DIDO1	0.064179	5.604733e+1	3490	159
POM121	0.064176	5.604467e+1	3491	177
COX17	0.064172	5.604120e+1	3492	154
MS4A1	0.064161	5.603125e+1	3493	167
CD7	0.064137	5.601047e+1	3494	161
CEP164	0.064131	5.600507e+1	3495	166
CEP97	0.064129	5.600314e+1	3496	167
MCHR1	0.064117	5.599292e+1	3497	170
ALDH4A1	0.064109	5.598629e+1	3498	158
ERBIN	0.064088	5.596794e+1	3499	180
KLC4	0.064081	5.596121e+1	3500	173
CHAF1A	0.064076	5.595709e+1	3501	166
UBA7	0.064069	5.595101e+1	3502	158
FBXW11	0.064058	5.594191e+1	3503	140
HLTF	0.064050	5.593469e+1	3504	172
PPP3CB	0.064023	5.591115e+1	3505	132
GHRH	0.063955	5.585154e+1	3506	151
AGXT2	0.063954	5.585085e+1	3507	141
NDUFAF2	0.063949	5.584669e+1	3508	126
LAMC1	0.063943	5.584098e+1	3509	149
PCP2	0.063928	5.582837e+1	3510	231
CHAF1B	0.063916	5.581745e+1	3511	166
WWOX	0.063913	5.581515e+1	3512	187
AHCY	0.063910	5.581225e+1	3513	169
NDUFAF1	0.063893	5.579732e+1	3514	116
NRG1	0.063878	5.578438e+1	3515	172
AAAS	0.063857	5.576564e+1	3516	169
KISS1	0.063831	5.574316e+1	3517	162
IFNA7	0.063820	5.573365e+1	3518	154
GP6	0.063800	5.571618e+1	3519	136
AIFM1	0.063771	5.569118e+1	3520	175
CD244	0.063763	5.568351e+1	3521	174
ADCY7	0.063756	5.567755e+1	3522	129
GATAD2B	0.063689	5.561934e+1	3523	159
PAX2	0.063672	5.560477e+1	3524	176
BABAM2	0.063645	5.558124e+1	3525	139
IFNA8	0.063641	5.557770e+1	3526	153
COPS7A	0.063641	5.557756e+1	3527	161
CCP110	0.063638	5.557472e+1	3528	154
ALPL	0.063634	5.557160e+1	3529	186
THOC5	0.063612	5.555188e+1	3530	151
DNTT	0.063600	5.554132e+1	3531	172
MED13	0.063585	5.552858e+1	3532	132
DGCR8	0.063568	5.551329e+1	3533	155
ACTR10	0.063539	5.548867e+1	3534	158
GYS1	0.063532	5.548223e+1	3535	151
IGHV3-43D	0.063524	5.547535e+1	3536	109
ACKR2	0.063524	5.547517e+1	3537	160
SSU72	0.063523	5.547471e+1	3538	153
THPO	0.063481	5.543733e+1	3539	150
FKBP4	0.063468	5.542658e+1	3540	160
KIF1A	0.063466	5.542475e+1	3541	167
SMC6	0.063465	5.542397e+1	3542	154
POLA2	0.063435	5.539753e+1	3543	134
ORC5	0.063380	5.534924e+1	3544	139
STX16	0.063344	5.531830e+1	3545	125
HLA-DRB5	0.063327	5.530292e+1	3546	162
MUC5AC	0.063263	5.524720e+1	3547	173
USP11	0.063263	5.524702e+1	3548	181
GPHN	0.063251	5.523694e+1	3549	160
CACNG3	0.063244	5.523085e+1	3550	133
DSG2	0.063241	5.522840e+1	3551	174
SUFU	0.063241	5.522833e+1	3552	164
LDHC	0.063213	5.520385e+1	3553	142
UBE2A	0.063205	5.519645e+1	3554	158
TNFRSF13C	0.063201	5.519286e+1	3555	171
PDS5A	0.063171	5.516704e+1	3556	156
ATP6V0D1	0.063165	5.516143e+1	3557	137
GDI1	0.063162	5.515904e+1	3558	162
DYNC1LI2	0.063159	5.515681e+1	3559	145
NLGN1	0.063132	5.513290e+1	3560	159
CAD	0.063108	5.511212e+1	3561	150
IRAK4	0.063103	5.510752e+1	3562	135
VCAN	0.063094	5.509934e+1	3563	164
USO1	0.063079	5.508689e+1	3564	160
PCK2	0.063072	5.508002e+1	3565	157
S100A12	0.063055	5.506529e+1	3566	181
USH2A	0.063040	5.505282e+1	3567	167
SGK1	0.063040	5.505215e+1	3568	161
ORC2	0.063037	5.505020e+1	3569	140
IFNA16	0.063035	5.504782e+1	3570	148
YEATS2	0.063011	5.502747e+1	3571	130
IL12RB2	0.063011	5.502690e+1	3572	140
FOXG1	0.062955	5.497788e+1	3573	176
SFRP1	0.062950	5.497391e+1	3574	159
NDEL1	0.062939	5.496454e+1	3575	157
GLMN	0.062939	5.496449e+1	3576	127
KCNB2	0.062935	5.496060e+1	3577	178
ACSF2	0.062919	5.494710e+1	3578	173
TUBB2B	0.062907	5.493629e+1	3579	135
GCH1	0.062886	5.491832e+1	3580	147
GPKOW	0.062857	5.489282e+1	3581	135
RASSF1	0.062831	5.486956e+1	3582	154
NT5C1B	0.062820	5.486004e+1	3583	120
NDC1	0.062809	5.485099e+1	3584	170
CTSL	0.062800	5.484251e+1	3585	168
CHTOP	0.062797	5.483995e+1	3586	150
KCNF1	0.062789	5.483361e+1	3587	175
CDKN2B	0.062734	5.478487e+1	3588	169
NUP188	0.062679	5.473703e+1	3589	164
USP15	0.062666	5.472582e+1	3590	162
SAP30	0.062662	5.472213e+1	3591	141
DDX50	0.062654	5.471583e+1	3592	180
ARHGEF12	0.062639	5.470217e+1	3593	151
CACNG7	0.062631	5.469539e+1	3594	128
ACVR2B	0.062624	5.468900e+1	3595	136
RGS4	0.062623	5.468859e+1	3596	160
SDCBP	0.062616	5.468261e+1	3597	151
RPGRIP1L	0.062610	5.467735e+1	3598	156
CXCL16	0.062595	5.466377e+1	3599	148
ESCO1	0.062594	5.466298e+1	3600	163
ADCY4	0.062592	5.466156e+1	3601	128
CSH1	0.062588	5.465764e+1	3602	144
MYO7A	0.062572	5.464413e+1	3603	144
DIAPH1	0.062564	5.463693e+1	3604	177
DHX29	0.062522	5.460008e+1	3605	148
ANAPC16	0.062509	5.458876e+1	3606	147
ATXN7-2	0.062505	5.458554e+1	3607	144
DUSP1	0.062468	5.455259e+1	3608	160
UGT1A9	0.062460	5.454612e+1	3609	127
ODC1	0.062443	5.453156e+1	3610	175
E2F8	0.062438	5.452650e+1	3611	156
YES1	0.062437	5.452558e+1	3612	159
GNRH1	0.062428	5.451798e+1	3613	153
RRAGC	0.062413	5.450486e+1	3614	129
DPYD	0.062408	5.450053e+1	3615	150
GYPA	0.062404	5.449718e+1	3616	151
NT5C	0.062392	5.448698e+1	3617	112
CYSLTR1	0.062384	5.447937e+1	3618	186
GUCY2D	0.062375	5.447220e+1	3619	131
TSTA3	0.062363	5.446112e+1	3620	178
ENO4	0.062347	5.444772e+1	3621	152
TINF2	0.062345	5.444557e+1	3622	148
EIF4EBP1	0.062336	5.443743e+1	3623	151
CNR1	0.062288	5.439597e+1	3624	150
COQ2	0.062270	5.438027e+1	3625	158
ARL3	0.062260	5.437097e+1	3626	167
MSR1	0.062256	5.436798e+1	3627	173
DNMT3L	0.062251	5.436332e+1	3628	149
APOA5	0.062242	5.435602e+1	3629	146
DPYSL2	0.062214	5.433132e+1	3630	165
CD300C	0.062208	5.432571e+1	3631	150
CDX2	0.062205	5.432352e+1	3632	167
EME1	0.062205	5.432303e+1	3633	146
MYH2	0.062200	5.431870e+1	3634	145
IFNA10	0.062199	5.431849e+1	3635	147
KCNC4	0.062185	5.430573e+1	3636	175
MYOM2	0.062172	5.429436e+1	3637	165
CSRP3	0.062171	5.429325e+1	3638	145
AP4B1	0.062162	5.428568e+1	3639	152
FARSA	0.062149	5.427419e+1	3640	175
LAMTOR2	0.062142	5.426797e+1	3641	140
XRCC2	0.062134	5.426170e+1	3642	146
KIF3B	0.062119	5.424812e+1	3643	163
ALDH1B1	0.062092	5.422476e+1	3644	139
GLE1	0.062069	5.420456e+1	3645	142
BCKDHA	0.062049	5.418671e+1	3646	145
WNT2	0.062018	5.416013e+1	3647	154
PRKAG3	0.061999	5.414366e+1	3648	133
STIM1	0.061997	5.414157e+1	3649	156
PPP3R1	0.061977	5.412442e+1	3650	133
IFRD2	0.061973	5.412073e+1	3651	145
LAMA2	0.061953	5.410351e+1	3652	147
KLC3	0.061950	5.410054e+1	3653	161
TMED2	0.061935	5.408793e+1	3654	157
E2F4	0.061862	5.402358e+1	3655	142
SLC17A6	0.061851	5.401440e+1	3656	172
CD1B	0.061846	5.400951e+1	3657	163
RPIA	0.061835	5.399993e+1	3658	165
ATP6V1E1	0.061806	5.397444e+1	3659	130
IFNA6	0.061777	5.394947e+1	3660	148
IFRD1	0.061775	5.394801e+1	3661	145
NFS1	0.061750	5.392557e+1	3662	154
PCGF6	0.061745	5.392162e+1	3663	106
GADD45A	0.061744	5.392093e+1	3664	159
ITGA9	0.061720	5.389934e+1	3665	137
MTHFD2	0.061715	5.389520e+1	3666	155
NT5C1B-RDH14	0.061707	5.388830e+1	3667	116
DHFR2	0.061693	5.387648e+1	3668	150
CLDN7	0.061691	5.387422e+1	3669	150
GRP	0.061682	5.386628e+1	3670	152
FZD2	0.061625	5.381684e+1	3671	139
LMNB2	0.061618	5.381096e+1	3672	169
GAB1	0.061604	5.379838e+1	3673	142
STX7	0.061595	5.379062e+1	3674	131
NFATC2	0.061591	5.378705e+1	3675	152
TPM4	0.061578	5.377610e+1	3676	146
SNAPIN	0.061555	5.375608e+1	3677	155
POM121C	0.061527	5.373087e+1	3678	172
GSTO2	0.061521	5.372566e+1	3679	137
COL11A1	0.061520	5.372492e+1	3680	158
FZD1	0.061502	5.370910e+1	3681	139
SYVN1	0.061490	5.369925e+1	3682	146
DEPDC1	0.061489	5.369800e+1	3683	138
TRH	0.061487	5.369657e+1	3684	156
CLP1	0.061466	5.367800e+1	3685	136
TADA2B	0.061462	5.367461e+1	3686	131
MCM9	0.061441	5.365595e+1	3687	135
ZWILCH	0.061440	5.365548e+1	3688	150
CDY1	0.061424	5.364127e+1	3689	149
URB1	0.061423	5.364065e+1	3690	156
SOS2	0.061421	5.363895e+1	3691	141
KLHL41	0.061412	5.363046e+1	3692	137
TRMT61B	0.061393	5.361458e+1	3693	164
ADH1B	0.061383	5.360550e+1	3694	136
PON1	0.061360	5.358566e+1	3695	146
GNA14	0.061360	5.358539e+1	3696	138
NDUFC2-KCTD14	0.061321	5.355114e+1	3697	119
NT5M	0.061314	5.354554e+1	3698	106
SNX4	0.061288	5.352240e+1	3699	135
KCNS1	0.061269	5.350584e+1	3700	175
TMPRSS2	0.061221	5.346397e+1	3701	167
CHMP2B	0.061215	5.345874e+1	3702	138
CD55	0.061211	5.345500e+1	3703	168
CSH2	0.061187	5.343472e+1	3704	140
DHX33	0.061175	5.342404e+1	3705	145
XCL1	0.061151	5.340311e+1	3706	144
PCSK9	0.061136	5.339005e+1	3707	156
PLA2G2A	0.061101	5.335898e+1	3708	140
SCN1B	0.061094	5.335292e+1	3709	137
PRKG2	0.061047	5.331184e+1	3710	119
ORC6	0.061022	5.329011e+1	3711	150
CXCL3	0.060976	5.324966e+1	3712	139
CENPJ	0.060967	5.324208e+1	3713	143
ORM1	0.060943	5.322104e+1	3714	156
MLXIPL	0.060938	5.321653e+1	3715	155
LCAT	0.060928	5.320769e+1	3716	131
COPS8	0.060925	5.320533e+1	3717	148
APCS	0.060916	5.319776e+1	3718	161
DNAJC2	0.060876	5.316275e+1	3719	166
RGS1	0.060851	5.314072e+1	3720	163
PGF	0.060847	5.313758e+1	3721	151
CRX	0.060801	5.309749e+1	3722	142
MEAF6	0.060795	5.309189e+1	3723	123
GAL	0.060728	5.303384e+1	3724	138
RBL2	0.060722	5.302816e+1	3725	129
PTPN22	0.060684	5.299494e+1	3726	157
WNT3	0.060670	5.298278e+1	3727	144
PKMYT1	0.060646	5.296193e+1	3728	156
LYRM7	0.060631	5.294849e+1	3729	156
KIF17	0.060586	5.290982e+1	3730	151
PPP2R2D	0.060570	5.289543e+1	3731	121
KLHL12	0.060560	5.288638e+1	3732	139
IL17F	0.060558	5.288503e+1	3733	152
KATNAL2	0.060548	5.287645e+1	3734	171
ARF5	0.060536	5.286612e+1	3735	154
SMG1	0.060531	5.286181e+1	3736	145
CHGA	0.060523	5.285436e+1	3737	163
COL7A1	0.060521	5.285270e+1	3738	164
UBE2B	0.060521	5.285241e+1	3739	146
GDI2	0.060491	5.282617e+1	3740	162
ARID1B	0.060461	5.280069e+1	3741	139
TNKS	0.060461	5.280006e+1	3742	160
PPIL2	0.060428	5.277188e+1	3743	116
TARS1	0.060426	5.276943e+1	3744	145
ATOX1	0.060406	5.275230e+1	3745	166
PYCARD	0.060406	5.275221e+1	3746	140
MX2	0.060390	5.273821e+1	3747	141
AIM2	0.060389	5.273757e+1	3748	145
LTBR	0.060379	5.272831e+1	3749	167
ABI2	0.060363	5.271439e+1	3750	154
GCDH	0.060352	5.270488e+1	3751	162
CNTNAP2	0.060339	5.269398e+1	3752	157
CACNG4	0.060278	5.264086e+1	3753	125
COMMD4	0.060264	5.262796e+1	3754	160
ACHE	0.060261	5.262579e+1	3755	157
ALDH3A1	0.060251	5.261669e+1	3756	148
CEP135	0.060234	5.260248e+1	3757	149
TLE1	0.060234	5.260215e+1	3758	148
ING2	0.060233	5.260131e+1	3759	122
ABCC8	0.060221	5.259088e+1	3760	154
MLH3	0.060221	5.259042e+1	3761	144
KCNS3	0.060196	5.256855e+1	3762	169
SNAP91	0.060193	5.256632e+1	3763	146
H1-2	0.060174	5.254994e+1	3764	145
UGT2B7	0.060173	5.254870e+1	3765	127
PPAT	0.060136	5.251623e+1	3766	146
SIGMAR1	0.060136	5.251620e+1	3767	147
ENSP00000493701	0.060111	5.249438e+1	3768	165
RHOQ	0.060100	5.248485e+1	3769	148
ETFB	0.060100	5.248480e+1	3770	151
COX8A	0.060080	5.246768e+1	3771	127
INO80	0.060072	5.246070e+1	3772	126
ISY1-RAB43	0.060069	5.245776e+1	3773	106
RAB4A	0.060064	5.245337e+1	3774	160
ACOX2	0.060030	5.242351e+1	3775	161
TXN2	0.060019	5.241414e+1	3776	160
MEIS1	0.060017	5.241234e+1	3777	155
PNN	0.059997	5.239547e+1	3778	144
TUBG1	0.059996	5.239457e+1	3779	140
GRIA3	0.059993	5.239197e+1	3780	138
RAB10	0.059984	5.238399e+1	3781	147
PLOD1	0.059962	5.236441e+1	3782	142
ELAC2	0.059961	5.236373e+1	3783	170
FANCC	0.059956	5.235913e+1	3784	129
HBB	0.059951	5.235491e+1	3785	168
H2AW	0.059944	5.234884e+1	3786	166
ARF4	0.059925	5.233222e+1	3787	151
UBE4B	0.059910	5.231918e+1	3788	154
LYRM4	0.059903	5.231318e+1	3789	147
DNAJC6	0.059889	5.230096e+1	3790	148
BIRC6	0.059872	5.228570e+1	3791	166
ARCN1	0.059859	5.227422e+1	3792	151
FST	0.059841	5.225859e+1	3793	150
IPO5	0.059819	5.223940e+1	3794	155
AKR1C3	0.059815	5.223601e+1	3795	115
FPR1	0.059809	5.223101e+1	3796	158
HOXA9	0.059806	5.222793e+1	3797	156
TTF2	0.059798	5.222128e+1	3798	145
HUS1	0.059779	5.220491e+1	3799	135
DCAF1	0.059776	5.220206e+1	3800	132
IGF2BP2	0.059757	5.218587e+1	3801	151
SESN2	0.059754	5.218281e+1	3802	142
COMMD9	0.059734	5.216545e+1	3803	162
NLRC4	0.059725	5.215734e+1	3804	140
DTYMK	0.059707	5.214188e+1	3805	135
SLC18A3	0.059704	5.213912e+1	3806	160
KCNJ11	0.059692	5.212888e+1	3807	150
COL4A3	0.059690	5.212725e+1	3808	147
VDAC3	0.059680	5.211809e+1	3809	151
INPPL1	0.059674	5.211311e+1	3810	140
PHF1	0.059668	5.210781e+1	3811	138
SEC24D	0.059659	5.210005e+1	3812	142
CTDP1	0.059627	5.207194e+1	3813	138
POLD3	0.059615	5.206136e+1	3814	134
MAP2K3	0.059604	5.205229e+1	3815	136
TCIRG1	0.059584	5.203424e+1	3816	131
PIH1D1	0.059567	5.201936e+1	3817	125
RCVRN	0.059562	5.201494e+1	3818	158
ZRSR2	0.059553	5.200753e+1	3819	125
HSD17B10	0.059516	5.197508e+1	3820	142
RNF40	0.059513	5.197223e+1	3821	139
APOC2	0.059498	5.195927e+1	3822	140
ALDH1A3	0.059445	5.191269e+1	3823	133
ATP4A	0.059441	5.190910e+1	3824	158
ALOX5	0.059438	5.190710e+1	3825	135
ALDOB	0.059433	5.190257e+1	3826	128
WWTR1	0.059407	5.187940e+1	3827	120
AMPD1	0.059398	5.187169e+1	3828	131
TFAP2A	0.059383	5.185909e+1	3829	156
TERF2IP	0.059378	5.185423e+1	3830	148
PGAM1	0.059364	5.184192e+1	3831	145
APOA4	0.059359	5.183815e+1	3832	142
MDM4	0.059331	5.181375e+1	3833	152
ACSL3	0.059324	5.180734e+1	3834	157
AP1M2	0.059319	5.180338e+1	3835	150
RRAGA	0.059319	5.180306e+1	3836	125
NDUFAF6	0.059304	5.178950e+1	3837	136
NTRK3	0.059302	5.178819e+1	3838	150
PRKCQ	0.059297	5.178388e+1	3839	143
MAX	0.059286	5.177403e+1	3840	120
PLCD1	0.059273	5.176263e+1	3841	121
ALDH5A1	0.059268	5.175858e+1	3842	170
MAP2	0.059260	5.175149e+1	3843	166
HNRNPH2	0.059260	5.175113e+1	3844	142
PRTN3	0.059245	5.173806e+1	3845	149
MBD3	0.059243	5.173633e+1	3846	149
RINT1	0.059220	5.171633e+1	3847	153
TAF6L	0.059168	5.167121e+1	3848	121
NCKAP1L	0.059147	5.165261e+1	3849	157
CIITA	0.059126	5.163421e+1	3850	158
SUDS3	0.059103	5.161462e+1	3851	141
G6PC2	0.059098	5.161001e+1	3852	141
PDK4	0.059089	5.160190e+1	3853	162
DSP	0.059071	5.158601e+1	3854	145
CRY1	0.059057	5.157405e+1	3855	139
GABRA1	0.059051	5.156889e+1	3856	147
MCCC2	0.059046	5.156427e+1	3857	147
ABCF2-2	0.059041	5.156016e+1	3858	152
RBM5	0.059025	5.154650e+1	3859	147
GNAT2	0.059022	5.154399e+1	3860	135
CHM	0.059001	5.152534e+1	3861	158
ECSIT	0.058995	5.152012e+1	3862	123
TNFRSF18	0.058991	5.151664e+1	3863	147
MUC2	0.058971	5.149878e+1	3864	159
S100A8	0.058960	5.148922e+1	3865	159
ABCC2	0.058952	5.148260e+1	3866	155
TG	0.058926	5.145944e+1	3867	151
KCNG1	0.058906	5.144245e+1	3868	161
GOLGB1	0.058905	5.144186e+1	3869	155
KRT7	0.058902	5.143890e+1	3870	162
UXS1	0.058902	5.143840e+1	3871	169
PDIA4	0.058855	5.139757e+1	3872	150
MC4R	0.058854	5.139689e+1	3873	146
DUT	0.058839	5.138388e+1	3874	147
S100A4	0.058825	5.137176e+1	3875	165
CDA	0.058803	5.135218e+1	3876	127
ENSP00000498408	0.058796	5.134602e+1	3877	122
CACNB4	0.058789	5.134038e+1	3878	122
FKBP6	0.058764	5.131844e+1	3879	151
MITF	0.058754	5.130944e+1	3880	151
NR5A1	0.058724	5.128346e+1	3881	140
YTHDC1	0.058711	5.127164e+1	3882	133
LDHAL6A	0.058707	5.126865e+1	3883	130
ARPC2	0.058699	5.126192e+1	3884	139
POT1	0.058691	5.125456e+1	3885	141
CADM1	0.058668	5.123457e+1	3886	158
CDKN1C	0.058653	5.122109e+1	3887	136
C4B	0.058645	5.121445e+1	3888	141
DCTN5	0.058618	5.119049e+1	3889	145
IGKV1-33	0.058612	5.118590e+1	3890	151
HSPA13	0.058611	5.118448e+1	3891	165
WBP11	0.058598	5.117291e+1	3892	110
BRD8	0.058596	5.117159e+1	3893	126
ANGPTL4	0.058592	5.116793e+1	3894	162
DRD1	0.058583	5.116026e+1	3895	151
ANAPC15	0.058583	5.116012e+1	3896	132
ITGA8	0.058582	5.115920e+1	3897	116
HTATSF1	0.058577	5.115515e+1	3898	116
PUM2	0.058551	5.113228e+1	3899	158
MTERF4	0.058516	5.110192e+1	3900	114
FAM20C	0.058515	5.110087e+1	3901	144
POLR3K	0.058486	5.107539e+1	3902	129
LHCGR	0.058476	5.106674e+1	3903	141
PEX5	0.058462	5.105458e+1	3904	119
WDR33	0.058443	5.103765e+1	3905	144
GRN	0.058429	5.102609e+1	3906	157
XPO5	0.058395	5.099618e+1	3907	141
HPX	0.058373	5.097706e+1	3908	141
ITGA11	0.058368	5.097255e+1	3909	114
KCND1	0.058366	5.097043e+1	3910	159
YTHDC2	0.058344	5.095123e+1	3911	154
EXOC4	0.058332	5.094115e+1	3912	143
DCX	0.058316	5.092709e+1	3913	152
PDE3B	0.058296	5.090961e+1	3914	120
MAP2K4	0.058293	5.090736e+1	3915	135
HK3	0.058288	5.090270e+1	3916	127
TNFRSF14	0.058258	5.087608e+1	3917	146
LAMTOR5	0.058248	5.086810e+1	3918	133
B3GAT1	0.058234	5.085511e+1	3919	150
CNOT2	0.058214	5.083775e+1	3920	139
LDHAL6B	0.058212	5.083629e+1	3921	130
BBS4	0.058205	5.083008e+1	3922	141
CRLF2	0.058172	5.080146e+1	3923	132
SARS1	0.058153	5.078469e+1	3924	127
CCL27	0.058131	5.076563e+1	3925	123
EPS15L1	0.058129	5.076398e+1	3926	131
MSX1	0.058102	5.074057e+1	3927	156
STIL	0.058096	5.073498e+1	3928	152
TARS2	0.058067	5.070948e+1	3929	143
PLA2G3	0.058036	5.068216e+1	3930	142
SGO2	0.058035	5.068179e+1	3931	140
WDR48	0.058032	5.067898e+1	3932	145
LIFR	0.058004	5.065431e+1	3933	125
IGKV1D-33	0.057988	5.064061e+1	3934	150
PPP5C	0.057982	5.063550e+1	3935	147
KCNMA1	0.057981	5.063453e+1	3936	148
TRIM32	0.057980	5.063362e+1	3937	147
HSPA14	0.057980	5.063351e+1	3938	156
SCN8A	0.057938	5.059726e+1	3939	145
SELENOS	0.057908	5.057113e+1	3940	127
DHODH	0.057905	5.056776e+1	3941	144
NDUFAF3	0.057900	5.056396e+1	3942	104
DDX4	0.057892	5.055661e+1	3943	159
SRPRB	0.057871	5.053849e+1	3944	120
IQGAP3	0.057869	5.053694e+1	3945	171
EPN1	0.057868	5.053573e+1	3946	139
MSTN	0.057861	5.053009e+1	3947	146
IGF2BP3	0.057817	5.049145e+1	3948	151
PINX1	0.057813	5.048818e+1	3949	138
DERA	0.057808	5.048340e+1	3950	139
COL10A1	0.057780	5.045930e+1	3951	153
CCL8	0.057760	5.044174e+1	3952	135
LSM1	0.057748	5.043071e+1	3953	137
GNAT1	0.057746	5.042919e+1	3954	128
GAST	0.057736	5.042087e+1	3955	138
SYNJ2	0.057734	5.041910e+1	3956	125
MUTYH	0.057733	5.041754e+1	3957	137
HLA-F	0.057715	5.040218e+1	3958	125
HLA-DQA2	0.057686	5.037697e+1	3959	151
CORO1A	0.057685	5.037574e+1	3960	166
BRK1	0.057673	5.036585e+1	3961	146
CPT2	0.057668	5.036081e+1	3962	155
SEL1L	0.057655	5.035012e+1	3963	131
PRPH2	0.057654	5.034892e+1	3964	138
CASQ2	0.057653	5.034832e+1	3965	154
GANAB	0.057637	5.033397e+1	3966	154
FZD7	0.057626	5.032433e+1	3967	126
ASH1L	0.057621	5.032001e+1	3968	158
LAMTOR3	0.057616	5.031548e+1	3969	121
SDR42E1	0.057598	5.030012e+1	3970	162
DEFB4A	0.057569	5.027514e+1	3971	140
CLIP1	0.057555	5.026245e+1	3972	146
USF1	0.057522	5.023371e+1	3973	156
MAT2A	0.057487	5.020303e+1	3974	157
IL13RA1	0.057475	5.019228e+1	3975	122
PLPP2	0.057472	5.019011e+1	3976	106
PDHA2	0.057469	5.018708e+1	3977	141
SHCBP1	0.057469	5.018705e+1	3978	140
CENPX	0.057441	5.016331e+1	3979	101
CYFIP2	0.057437	5.015970e+1	3980	138
C5	0.057435	5.015787e+1	3981	143
MPL	0.057430	5.015362e+1	3982	134
PPID	0.057412	5.013777e+1	3983	142
NID1	0.057379	5.010906e+1	3984	142
CUX1	0.057370	5.010094e+1	3985	166
MTA3	0.057330	5.006619e+1	3986	140
AP1S2	0.057330	5.006616e+1	3987	138
RNF31	0.057317	5.005445e+1	3988	125
RPE65	0.057316	5.005359e+1	3989	129
RRAGB	0.057266	5.001040e+1	3990	119
RBM7	0.057249	4.999568e+1	3991	131
COMP	0.057230	4.997890e+1	3992	145
CTRB1	0.057222	4.997192e+1	3993	150
BMP1	0.057211	4.996192e+1	3994	149
MERTK	0.057207	4.995823e+1	3995	147
CCL26	0.057205	4.995690e+1	3996	127
IFT172	0.057196	4.994873e+1	3997	132
EPHB2	0.057195	4.994839e+1	3998	146
TNFRSF10A	0.057194	4.994753e+1	3999	138
ATP2A1	0.057145	4.990424e+1	4000	147
NR1H3	0.057103	4.986740e+1	4001	138
WDR17	0.057089	4.985553e+1	4002	138
DBN1	0.057088	4.985455e+1	4003	165
VLDLR	0.057080	4.984795e+1	4004	144
CCDC47	0.057078	4.984586e+1	4005	124
CST3	0.057074	4.984228e+1	4006	153
RORC	0.057060	4.982980e+1	4007	144
PDE4B	0.057034	4.980744e+1	4008	130
RAPGEF4	0.057014	4.979006e+1	4009	126
EXOC2	0.057014	4.978995e+1	4010	140
COX11	0.057012	4.978851e+1	4011	147
PWWP3A	0.057003	4.978083e+1	4012	118
SEMA3A	0.056992	4.977094e+1	4013	150
GZMK	0.056990	4.976905e+1	4014	151
MEF2A	0.056988	4.976761e+1	4015	144
MSH4	0.056979	4.975982e+1	4016	138
USE1	0.056970	4.975163e+1	4017	133
HTR1A	0.056944	4.972895e+1	4018	142
GH1	0.056940	4.972532e+1	4019	128
UGT1A3	0.056888	4.968036e+1	4020	109
F11R	0.056879	4.967196e+1	4021	137
F8	0.056852	4.964841e+1	4022	140
NCR2	0.056826	4.962623e+1	4023	146
SUOX	0.056816	4.961682e+1	4024	164
MED13L	0.056801	4.960392e+1	4025	124
TRPV4	0.056798	4.960153e+1	4026	139
SAMHD1	0.056782	4.958759e+1	4027	139
PGM3	0.056777	4.958292e+1	4028	144
GSPT2	0.056776	4.958195e+1	4029	146
SNX2	0.056765	4.957232e+1	4030	140
DIABLO	0.056751	4.956017e+1	4031	136
TRMT10C	0.056749	4.955884e+1	4032	147
ARIH1	0.056744	4.955440e+1	4033	145
EFNB1	0.056727	4.953957e+1	4034	137
CCL7	0.056702	4.951765e+1	4035	131
WDR76	0.056696	4.951212e+1	4036	154
ARHGAP1	0.056690	4.950717e+1	4037	161
NLGN4X	0.056673	4.949235e+1	4038	149
DNAJA3	0.056646	4.946891e+1	4039	157
DHX30	0.056618	4.944432e+1	4040	161
PACRG	0.056610	4.943688e+1	4041	143
CACNB3	0.056579	4.941045e+1	4042	123
TRAF5	0.056575	4.940631e+1	4043	120
CARD11	0.056571	4.940284e+1	4044	141
IQCB1	0.056564	4.939715e+1	4045	143
GNLY	0.056559	4.939257e+1	4046	141
LUC7L2	0.056546	4.938118e+1	4047	126
COL11A2	0.056524	4.936219e+1	4048	155
FZD5	0.056522	4.936077e+1	4049	129
LIMK1	0.056514	4.935346e+1	4050	143
YTHDF2	0.056511	4.935096e+1	4051	143
TP53I13	0.056505	4.934593e+1	4052	142
TYMP	0.056491	4.933338e+1	4053	128
LPIN1	0.056482	4.932564e+1	4054	128
SPTLC1	0.056479	4.932305e+1	4055	133
COMMD3	0.056477	4.932130e+1	4056	153
PCGF1	0.056471	4.931608e+1	4057	119
EDC3	0.056465	4.931072e+1	4058	141
HMBS	0.056462	4.930820e+1	4059	157
CYP11A1	0.056442	4.929066e+1	4060	140
MAML1	0.056442	4.929056e+1	4061	131
COMMD7	0.056439	4.928776e+1	4062	154
UBA2	0.056433	4.928238e+1	4063	150
ADH5	0.056421	4.927201e+1	4064	125
PWWP3B	0.056418	4.926982e+1	4065	117
GRM3	0.056399	4.925293e+1	4066	152
PER2	0.056392	4.924662e+1	4067	129
LUC7L	0.056384	4.924002e+1	4068	128
PPP1R12A	0.056364	4.922219e+1	4069	136
PUS3	0.056353	4.921274e+1	4070	149
RAD51D-2	0.056351	4.921113e+1	4071	134
IWS1	0.056349	4.920917e+1	4072	136
OAS3	0.056333	4.919573e+1	4073	127
JAG2	0.056320	4.918399e+1	4074	147
SLC27A1	0.056296	4.916332e+1	4075	156
PI3	0.056288	4.915641e+1	4076	153
MAPK7	0.056284	4.915233e+1	4077	152
CCL13	0.056276	4.914512e+1	4078	119
EXOC7	0.056275	4.914453e+1	4079	132
APLNR	0.056239	4.911305e+1	4080	140
UCP2	0.056232	4.910752e+1	4081	158
ATP6V1D	0.056232	4.910699e+1	4082	116
KCNA7	0.056225	4.910104e+1	4083	156
FUBP1	0.056224	4.909998e+1	4084	151
POLR3F	0.056209	4.908723e+1	4085	125
ECI1	0.056204	4.908305e+1	4086	156
TICAM2	0.056195	4.907462e+1	4087	138
ACIN1	0.056192	4.907240e+1	4088	139
NPHS1	0.056141	4.902752e+1	4089	138
GPD1L	0.056139	4.902578e+1	4090	136
PNRC2	0.056121	4.900996e+1	4091	140
GEMIN5	0.056110	4.900086e+1	4092	146
TXNRD3	0.056089	4.898201e+1	4093	139
PDCD6IP	0.056086	4.897947e+1	4094	132
MYH10	0.056085	4.897874e+1	4095	134
KANSL1	0.056079	4.897367e+1	4096	114
MYH1	0.056074	4.896937e+1	4097	128
CCL18	0.056070	4.896548e+1	4098	141
PAPOLG	0.056068	4.896412e+1	4099	132
TUBB6	0.056067	4.896296e+1	4100	146
HSD17B3	0.056066	4.896177e+1	4101	126
MUC5B	0.056039	4.893841e+1	4102	156
GLRX	0.056024	4.892569e+1	4103	144
COMMD10	0.056022	4.892411e+1	4104	149
CNGB1	0.056008	4.891131e+1	4105	125
BCAT2	0.056005	4.890921e+1	4106	149
MRM1	0.055997	4.890214e+1	4107	147
AKT1S1	0.055982	4.888903e+1	4108	122
NEMF	0.055967	4.887557e+1	4109	118
COG6	0.055960	4.886959e+1	4110	132
HSCB	0.055949	4.885969e+1	4111	149
GBP1	0.055942	4.885369e+1	4112	135
FLG	0.055937	4.884969e+1	4113	143
TAX1BP1	0.055933	4.884564e+1	4114	136
GH2	0.055926	4.883979e+1	4115	134
SPCS2	0.055915	4.883019e+1	4116	160
GRIN2C	0.055905	4.882185e+1	4117	126
CACTIN	0.055903	4.882017e+1	4118	123
BBS1	0.055895	4.881314e+1	4119	129
UBAP2L	0.055892	4.881033e+1	4120	132
PLXNA1	0.055885	4.880399e+1	4121	134
RMI2	0.055865	4.878639e+1	4122	133
NLGN3	0.055860	4.878239e+1	4123	144
CXXC1	0.055824	4.875117e+1	4124	141
KCNA6	0.055818	4.874533e+1	4125	152
SEC23A	0.055804	4.873368e+1	4126	130
UBA6	0.055778	4.871048e+1	4127	134
COPS7B	0.055770	4.870364e+1	4128	143
EGLN3	0.055764	4.869808e+1	4129	149
ABCA4	0.055762	4.869662e+1	4130	141
GBE1	0.055758	4.869330e+1	4131	143
CRYAB	0.055754	4.868942e+1	4132	147
PLPP3	0.055750	4.868622e+1	4133	100
RPS6KA3	0.055730	4.866832e+1	4134	142
CLOCK	0.055722	4.866164e+1	4135	125
COL17A1	0.055718	4.865808e+1	4136	150
RRAS2	0.055685	4.862971e+1	4137	109
ME1	0.055673	4.861886e+1	4138	147
GC	0.055671	4.861733e+1	4139	135
RAB5C	0.055662	4.860972e+1	4140	140
TRPA1	0.055655	4.860309e+1	4141	143
NFKBIB	0.055652	4.860036e+1	4142	141
HMGA2	0.055634	4.858504e+1	4143	146
CLINT1	0.055618	4.857099e+1	4144	133
CHMP4B	0.055615	4.856788e+1	4145	125
UPRT	0.055603	4.855775e+1	4146	125
TNKS1BP1	0.055596	4.855145e+1	4147	126
FANCG	0.055584	4.854150e+1	4148	120
DBF4	0.055583	4.854038e+1	4149	127
BORA	0.055553	4.851440e+1	4150	150
LATS1	0.055551	4.851211e+1	4151	132
GATC	0.055546	4.850810e+1	4152	125
KIFAP3	0.055519	4.848435e+1	4153	139
EZH1	0.055513	4.847957e+1	4154	120
CDYL	0.055502	4.846959e+1	4155	154
ACVR2A	0.055486	4.845556e+1	4156	117
NT5C3A	0.055476	4.844663e+1	4157	98
CEL	0.055461	4.843361e+1	4158	118
PLOD2	0.055455	4.842847e+1	4159	129
PARS2	0.055452	4.842595e+1	4160	128
PARP9	0.055426	4.840352e+1	4161	128
BCAP31	0.055425	4.840249e+1	4162	143
KIF1B	0.055421	4.839916e+1	4163	151
MSL3	0.055403	4.838307e+1	4164	117
DPM1	0.055384	4.836645e+1	4165	140
G3BP2	0.055367	4.835175e+1	4166	145
LOC112694756	0.055366	4.835113e+1	4167	146
PAK3	0.055358	4.834383e+1	4168	148
LRR1	0.055345	4.833251e+1	4169	142
SAA2	0.055317	4.830835e+1	4170	142
GRIN2D	0.055311	4.830251e+1	4171	126
RORA	0.055310	4.830174e+1	4172	134
TCF12	0.055309	4.830073e+1	4173	131
HSD17B12	0.055302	4.829467e+1	4174	130
KPNA4	0.055264	4.826183e+1	4175	140
ZZZ3	0.055261	4.825930e+1	4176	116
ATG101	0.055252	4.825117e+1	4177	118
LAMA4	0.055250	4.824928e+1	4178	131
H1-4	0.055248	4.824752e+1	4179	113
WTAP	0.055228	4.822989e+1	4180	134
MYL12B	0.055226	4.822856e+1	4181	120
KIF5C	0.055208	4.821312e+1	4182	127
NUMBL	0.055205	4.820988e+1	4183	141
SYNE1	0.055205	4.820987e+1	4184	148
ATXN1	0.055202	4.820786e+1	4185	135
GHSR	0.055198	4.820441e+1	4186	138
FZD6	0.055186	4.819353e+1	4187	123
UGT2B15	0.055183	4.819074e+1	4188	112
IFNLR1	0.055171	4.818079e+1	4189	119
KCNG3	0.055167	4.817724e+1	4190	158
CRCP	0.055158	4.816921e+1	4191	114
CLTB	0.055151	4.816347e+1	4192	126
NTF3	0.055118	4.813469e+1	4193	144
ERLIN2	0.055118	4.813393e+1	4194	150
FHL2	0.055109	4.812651e+1	4195	148
IL17RA	0.055108	4.812560e+1	4196	134
HSPH1	0.055106	4.812358e+1	4197	130
TTC37	0.055104	4.812197e+1	4198	148
SH2D1A	0.055102	4.812019e+1	4199	141
PRPS1	0.055084	4.810500e+1	4200	147
RETNLB	0.055065	4.808819e+1	4201	146
LONP1	0.055065	4.808770e+1	4202	154
NFX1	0.055057	4.808101e+1	4203	152
HDAC11	0.055038	4.806424e+1	4204	129
CENPT	0.055026	4.805421e+1	4205	106
ADH1A	0.055025	4.805270e+1	4206	117
FOXRED1	0.055024	4.805236e+1	4207	107
DCTN3	0.055010	4.803968e+1	4208	137
DNAJA2	0.055003	4.803422e+1	4209	142
HAO1	0.055002	4.803290e+1	4210	143
ORC4	0.055001	4.803227e+1	4211	119
MPHOSPH6	0.054998	4.802931e+1	4212	151
PKP2	0.054990	4.802286e+1	4213	141
GIP	0.054982	4.801549e+1	4214	130
PIK3R5	0.054960	4.799621e+1	4215	112
OR10W1	0.054957	4.799396e+1	4216	121
PLA2G7	0.054952	4.798933e+1	4217	117
IAPP	0.054951	4.798886e+1	4218	133
IFT140	0.054949	4.798647e+1	4219	139
U2SURP	0.054937	4.797615e+1	4220	133
SRP72	0.054921	4.796244e+1	4221	108
SNX1	0.054910	4.795282e+1	4222	139
SLC25A3	0.054894	4.793837e+1	4223	138
PDE4A	0.054879	4.792567e+1	4224	117
IL23A	0.054878	4.792453e+1	4225	130
NSD1	0.054877	4.792396e+1	4226	152
CCR10	0.054869	4.791659e+1	4227	117
G6PC3	0.054845	4.789560e+1	4228	131
RARB	0.054835	4.788719e+1	4229	144
DNAJC19	0.054814	4.786880e+1	4230	136
KAT7	0.054810	4.786568e+1	4231	136
VBP1	0.054800	4.785648e+1	4232	140
ATP6V0A2	0.054795	4.785240e+1	4233	116
IL22RA1	0.054762	4.782359e+1	4234	116
H1-1	0.054748	4.781126e+1	4235	129
GSTA1	0.054715	4.778194e+1	4236	107
ACSL5	0.054700	4.776886e+1	4237	145
PEBP4	0.054665	4.773877e+1	4238	132
EPN3	0.054649	4.772447e+1	4239	133
PIWIL1	0.054648	4.772346e+1	4240	142
RAB27A	0.054630	4.770807e+1	4241	129
ECHDC1	0.054620	4.769939e+1	4242	137
HLA-DPB1	0.054597	4.767904e+1	4243	141
UGT2B17	0.054594	4.767629e+1	4244	105
CAMK2G	0.054592	4.767506e+1	4245	149
SOCS2	0.054588	4.767162e+1	4246	136
ACADSB	0.054573	4.765850e+1	4247	142
MTHFD1	0.054560	4.764659e+1	4248	132
SYCP1	0.054544	4.763331e+1	4249	140
KCTD2	0.054518	4.761000e+1	4250	141
UGT2B10	0.054515	4.760800e+1	4251	116
HBA2	0.054495	4.758995e+1	4252	109
TNKS2	0.054490	4.758560e+1	4253	147
SCN10A	0.054483	4.757958e+1	4254	139
PTS	0.054467	4.756554e+1	4255	129
VARS2	0.054453	4.755338e+1	4256	129
S1PR1	0.054449	4.755022e+1	4257	150
MRAS	0.054426	4.753016e+1	4258	107
KCNJ2	0.054372	4.748279e+1	4259	136
ACVR1	0.054357	4.746945e+1	4260	113
FAAH	0.054352	4.746509e+1	4261	140
PRKD1	0.054346	4.745990e+1	4262	133
MEF2D	0.054334	4.744946e+1	4263	136
AJUBA	0.054334	4.744942e+1	4264	161
IFNA13	0.054330	4.744569e+1	4265	131
SARNP	0.054316	4.743410e+1	4266	141
LIM2	0.054310	4.742861e+1	4267	119
SLC3A2	0.054281	4.740320e+1	4268	145
GRIP1	0.054273	4.739676e+1	4269	131
RBFOX2	0.054265	4.738951e+1	4270	138
NPHP1	0.054256	4.738189e+1	4271	121
CYP4A22	0.054241	4.736874e+1	4272	103
AFF4	0.054218	4.734849e+1	4273	107
CACNA2D2	0.054205	4.733728e+1	4274	123
STAG1	0.054194	4.732740e+1	4275	123
EDNRB	0.054183	4.731736e+1	4276	139
METTL17	0.054178	4.731325e+1	4277	121
PHF10	0.054163	4.730004e+1	4278	96
CNOT3	0.054150	4.728882e+1	4279	127
CTRB2	0.054143	4.728294e+1	4280	142
SP7	0.054110	4.725395e+1	4281	148
UGT2B4	0.054102	4.724738e+1	4282	111
ATP5MD	0.054099	4.724406e+1	4283	114
PLCZ1	0.054085	4.723227e+1	4284	117
TF	0.054085	4.723218e+1	4285	145
ARPC3	0.054063	4.721254e+1	4286	126
THRB	0.054062	4.721232e+1	4287	131
RRAGD	0.054040	4.719297e+1	4288	114
CD99	0.054023	4.717835e+1	4289	136
HSPA4L	0.054018	4.717389e+1	4290	140
DLL1	0.054005	4.716246e+1	4291	144
HSD17B7	0.053990	4.714930e+1	4292	111
DTNBP1	0.053981	4.714150e+1	4293	131
KCNG4	0.053968	4.712964e+1	4294	151
TRPC1	0.053948	4.711215e+1	4295	118
LDLR	0.053931	4.709794e+1	4296	147
NMS	0.053922	4.708939e+1	4297	150
TBPL1	0.053901	4.707157e+1	4298	123
RASGRF1	0.053900	4.707100e+1	4299	122
SLC4A1	0.053896	4.706717e+1	4300	136
SPC24	0.053889	4.706126e+1	4301	127
CAMK4	0.053886	4.705807e+1	4302	125
XPR1	0.053864	4.703886e+1	4303	139
LRMDA	0.053837	4.701526e+1	4304	129
DIABLO-2	0.053828	4.700772e+1	4305	127
QRSL1	0.053794	4.697842e+1	4306	141
PAX7	0.053788	4.697310e+1	4307	156
FGF19	0.053783	4.696846e+1	4308	128
SART3	0.053759	4.694724e+1	4309	134
VPS26A	0.053740	4.693075e+1	4310	131
CACNG1	0.053739	4.692978e+1	4311	114
PABPC4	0.053709	4.690362e+1	4312	145
KCNG2	0.053703	4.689814e+1	4313	151
TXNDC9	0.053699	4.689513e+1	4314	146
FZD3	0.053687	4.688471e+1	4315	117
UXT	0.053648	4.685077e+1	4316	123
JUNB	0.053620	4.682636e+1	4317	125
SELENOI	0.053571	4.678365e+1	4318	105
CARD9	0.053535	4.675177e+1	4319	129
GPATCH4	0.053532	4.674954e+1	4320	142
KLF2	0.053523	4.674171e+1	4321	156
ABCG5	0.053520	4.673913e+1	4322	136
DLL4	0.053520	4.673888e+1	4323	145
PGAM2	0.053499	4.672007e+1	4324	132
STOM	0.053498	4.671920e+1	4325	168
KIF7	0.053496	4.671798e+1	4326	133
DAO	0.053472	4.669692e+1	4327	137
TRIM5	0.053446	4.667398e+1	4328	139
TRIT1	0.053445	4.667316e+1	4329	152
HOMER1	0.053442	4.667031e+1	4330	129
NEB	0.053440	4.666906e+1	4331	121
NR5A2	0.053440	4.666846e+1	4332	139
TIMM44	0.053425	4.665601e+1	4333	129
MIF	0.053412	4.664486e+1	4334	142
SCAF8	0.053411	4.664381e+1	4335	148
CPSF7	0.053401	4.663448e+1	4336	130
AEBP2	0.053375	4.661212e+1	4337	106
PMS1	0.053344	4.658536e+1	4338	127
BLNK	0.053314	4.655865e+1	4339	129
TRIR	0.053307	4.655273e+1	4340	126
DYNC2H1	0.053295	4.654190e+1	4341	119
STX12	0.053285	4.653344e+1	4342	106
TRDN	0.053268	4.651871e+1	4343	128
GINS4	0.053262	4.651319e+1	4344	112
PTHLH	0.053260	4.651134e+1	4345	144
BMPR1B	0.053251	4.650353e+1	4346	119
DHCR7	0.053241	4.649517e+1	4347	124
NDUFA4L2	0.053232	4.648736e+1	4348	117
RBM17	0.053208	4.646610e+1	4349	128
COL4A5	0.053201	4.646052e+1	4350	123
MMUT	0.053172	4.643480e+1	4351	135
SPCS1	0.053163	4.642668e+1	4352	154
E2F3	0.053150	4.641536e+1	4353	133
EPHX1	0.053143	4.640935e+1	4354	119
ATP6V0D2	0.053139	4.640580e+1	4355	112
CHMP6	0.053128	4.639621e+1	4356	124
KLRC2	0.053108	4.637921e+1	4357	122
SH3GL1	0.053101	4.637247e+1	4358	137
NMUR1	0.053095	4.636759e+1	4359	154
CD52	0.053095	4.636740e+1	4360	155
DCTN6	0.053094	4.636639e+1	4361	128
AGFG1	0.053087	4.636104e+1	4362	144
TIMM8B	0.053074	4.634914e+1	4363	137
HSD17B8	0.053063	4.633969e+1	4364	119
EIF4G2	0.053059	4.633600e+1	4365	138
NOX1	0.053052	4.632964e+1	4366	130
ATP6V1H	0.053044	4.632298e+1	4367	110
SRCAP	0.053036	4.631598e+1	4368	128
TIMM50	0.053029	4.630998e+1	4369	128
TBR1	0.053014	4.629663e+1	4370	142
S100A9	0.053010	4.629311e+1	4371	151
RGS19	0.052996	4.628129e+1	4372	135
BCL2A1	0.052971	4.625903e+1	4373	143
GCLM	0.052965	4.625437e+1	4374	121
TADA2A	0.052960	4.625008e+1	4375	103
LILRB1	0.052948	4.623959e+1	4376	130
PRLR	0.052898	4.619547e+1	4377	116
UGDH	0.052880	4.617993e+1	4378	127
ADH7	0.052841	4.614569e+1	4379	112
SLX1A	0.052826	4.613231e+1	4380	115
ATP5MGL	0.052816	4.612416e+1	4381	110
THOC1	0.052812	4.612031e+1	4382	130
NTHL1	0.052800	4.611010e+1	4383	136
PENK	0.052778	4.609040e+1	4384	141
FKBP3	0.052774	4.608707e+1	4385	157
LTN1	0.052759	4.607418e+1	4386	109
CARTPT	0.052753	4.606857e+1	4387	140
TXNIP	0.052744	4.606068e+1	4388	142
ITGA10	0.052741	4.605878e+1	4389	105
GBF1	0.052714	4.603513e+1	4390	141
CRY2	0.052690	4.601360e+1	4391	124
GABRB3	0.052661	4.598889e+1	4392	130
DHX34	0.052654	4.598266e+1	4393	133
PIP4K2A	0.052603	4.593813e+1	4394	104
UBR1	0.052601	4.593601e+1	4395	143
HEXIM1	0.052588	4.592487e+1	4396	140
KDM4B	0.052581	4.591902e+1	4397	133
COPB2	0.052580	4.591794e+1	4398	122
NAA38	0.052565	4.590462e+1	4399	130
FSHR	0.052542	4.588450e+1	4400	135
KAT6B	0.052526	4.587049e+1	4401	123
CHAT	0.052513	4.585953e+1	4402	139
TCEA3	0.052508	4.585486e+1	4403	123
STX8	0.052499	4.584680e+1	4404	109
PRODH	0.052495	4.584364e+1	4405	141
HIP1R	0.052463	4.581548e+1	4406	132
TNFSF4	0.052462	4.581521e+1	4407	135
LOR	0.052460	4.581279e+1	4408	116
CPSF4	0.052459	4.581177e+1	4409	125
RIMS1	0.052449	4.580374e+1	4410	130
PNPLA6	0.052445	4.579971e+1	4411	127
UGT2A3	0.052437	4.579297e+1	4412	109
RBM15	0.052408	4.576767e+1	4413	125
UNG	0.052394	4.575534e+1	4414	131
VRK1	0.052392	4.575406e+1	4415	124
KSR1	0.052392	4.575358e+1	4416	132
TP73	0.052368	4.573250e+1	4417	151
STX1B	0.052366	4.573092e+1	4418	120
RGS18	0.052362	4.572769e+1	4419	144
ARPC1B	0.052360	4.572607e+1	4420	127
SLC1A3	0.052346	4.571387e+1	4421	152
SEC16A	0.052340	4.570820e+1	4422	130
PARN	0.052339	4.570749e+1	4423	125
CASP2	0.052332	4.570095e+1	4424	136
SERPINF2	0.052325	4.569555e+1	4425	132
TTC8	0.052319	4.568992e+1	4426	127
H1-5	0.052297	4.567064e+1	4427	121
PI4KA	0.052295	4.566870e+1	4428	120
CHMP3	0.052293	4.566762e+1	4429	115
SURF1	0.052292	4.566656e+1	4430	123
GORASP1	0.052277	4.565307e+1	4431	129
PKD2	0.052265	4.564265e+1	4432	131
RNASEH1	0.052260	4.563816e+1	4433	147
TTC21B	0.052247	4.562682e+1	4434	121
NOL7	0.052224	4.560699e+1	4435	97
EPHA1	0.052193	4.557965e+1	4436	131
GNPAT	0.052187	4.557458e+1	4437	113
HARS1	0.052182	4.557014e+1	4438	126
GARS1	0.052174	4.556330e+1	4439	117
KCNS2	0.052169	4.555865e+1	4440	146
TANK	0.052166	4.555673e+1	4441	117
AMH	0.052157	4.554810e+1	4442	132
PIK3C2B	0.052153	4.554537e+1	4443	105
AHSA1	0.052149	4.554166e+1	4444	128
RBM42	0.052140	4.553331e+1	4445	107
SLIRP	0.052134	4.552816e+1	4446	145
GMPPB	0.052113	4.550983e+1	4447	133
RAPGEF3	0.052109	4.550668e+1	4448	111
FSHB	0.052105	4.550281e+1	4449	129
DHX36	0.052091	4.549063e+1	4450	144
PPP2R2C	0.052085	4.548576e+1	4451	99
KMT2B	0.052062	4.546506e+1	4452	129
USP13	0.052053	4.545757e+1	4453	134
AQP2	0.052052	4.545682e+1	4454	137
RPP30	0.052046	4.545134e+1	4455	109
BBOX1	0.052043	4.544870e+1	4456	118
ZC3H8	0.052035	4.544182e+1	4457	116
CDC25B	0.052024	4.543202e+1	4458	120
RDH12	0.052012	4.542197e+1	4459	112
GRB10	0.052006	4.541615e+1	4460	131
TBX5	0.051996	4.540781e+1	4461	131
IL13RA2	0.051994	4.540601e+1	4462	114
NR4A2	0.051983	4.539656e+1	4463	145
TIMMDC1	0.051970	4.538543e+1	4464	95
KCNRG	0.051947	4.536548e+1	4465	146
TRIM63	0.051942	4.536079e+1	4466	132
IFI44	0.051939	4.535772e+1	4467	112
TNNT3	0.051923	4.534434e+1	4468	119
SOST	0.051910	4.533289e+1	4469	133
COL12A1	0.051904	4.532729e+1	4470	134
ABCB11	0.051903	4.532680e+1	4471	138
WDR25	0.051881	4.530756e+1	4472	110
C1QB	0.051872	4.529953e+1	4473	135
SDC2	0.051865	4.529371e+1	4474	132
FBXO7	0.051865	4.529341e+1	4475	127
TRMT2A	0.051861	4.528985e+1	4476	149
KCNJ5	0.051847	4.527795e+1	4477	121
MYBPC3	0.051827	4.526059e+1	4478	120
MRTFA	0.051798	4.523504e+1	4479	146
TUBB1	0.051736	4.518036e+1	4480	133
ESRP1	0.051684	4.513561e+1	4481	148
TMIGD2	0.051675	4.512735e+1	4482	138
CNBP	0.051672	4.512529e+1	4483	144
NLGN2	0.051671	4.512434e+1	4484	133
SHANK2	0.051669	4.512202e+1	4485	125
GGT1	0.051657	4.511217e+1	4486	107
NCBP3	0.051657	4.511195e+1	4487	125
ETFDH	0.051653	4.510829e+1	4488	140
NIN	0.051653	4.510817e+1	4489	119
NMUR2	0.051652	4.510738e+1	4490	148
DNAJC3	0.051645	4.510149e+1	4491	133
PQBP1	0.051641	4.509818e+1	4492	126
ACD	0.051637	4.509414e+1	4493	132
KCNV1	0.051630	4.508791e+1	4494	145
DDX11	0.051625	4.508404e+1	4495	138
PAX8	0.051608	4.506942e+1	4496	128
SIRT7	0.051597	4.505935e+1	4497	117
CLPX	0.051586	4.504952e+1	4498	147
TOPORS	0.051578	4.504297e+1	4499	126
ADH4	0.051565	4.503138e+1	4500	111
NSUN3	0.051562	4.502901e+1	4501	138
COL9A1	0.051541	4.501044e+1	4502	128
NKG7	0.051531	4.500142e+1	4503	136
MAPRE3	0.051513	4.498643e+1	4504	134
FLOT1	0.051506	4.498030e+1	4505	136
PRKAR2B	0.051498	4.497304e+1	4506	131
MORF4L2	0.051497	4.497220e+1	4507	112
AP1S3	0.051495	4.497038e+1	4508	126
ADH1C	0.051489	4.496515e+1	4509	106
MTAP	0.051488	4.496391e+1	4510	131
UBQLN3	0.051486	4.496281e+1	4511	150
DAPK1	0.051434	4.491740e+1	4512	133
CCL25	0.051429	4.491293e+1	4513	105
CDK19	0.051423	4.490717e+1	4514	104
POLQ	0.051421	4.490543e+1	4515	137
ATP7A	0.051419	4.490352e+1	4516	139
F5	0.051389	4.487803e+1	4517	130
TUBA8	0.051383	4.487290e+1	4518	130
MAP3K14	0.051376	4.486647e+1	4519	136
ZYX	0.051373	4.486383e+1	4520	128
FBXW5	0.051363	4.485512e+1	4521	120
FTL	0.051346	4.483989e+1	4522	140
RNPC3	0.051289	4.479015e+1	4523	119
SIAH1	0.051270	4.477345e+1	4524	124
GCFC2	0.051264	4.476820e+1	4525	131
ARFGAP1	0.051256	4.476157e+1	4526	139
TAB3	0.051252	4.475829e+1	4527	110
GABRG2	0.051225	4.473414e+1	4528	130
TIMM17B	0.051219	4.472953e+1	4529	121
CREB3	0.051208	4.471966e+1	4530	110
SUPT3H	0.051191	4.470474e+1	4531	95
ATG9A	0.051185	4.469952e+1	4532	121
LDB1	0.051180	4.469500e+1	4533	104
GFPT1	0.051175	4.469069e+1	4534	127
CHML	0.051170	4.468660e+1	4535	135
AMPD2	0.051166	4.468265e+1	4536	104
PLD3	0.051132	4.465338e+1	4537	108
DCUN1D1	0.051124	4.464607e+1	4538	125
CHRD	0.051112	4.463552e+1	4539	133
EPS8	0.051110	4.463453e+1	4540	127
STS	0.051102	4.462670e+1	4541	122
SEC24A	0.051093	4.461898e+1	4542	116
IDE	0.051086	4.461349e+1	4543	132
BCAT1	0.051063	4.459340e+1	4544	138
RRN3	0.051058	4.458902e+1	4545	119
TLR6	0.051046	4.457823e+1	4546	132
SMG5	0.051038	4.457110e+1	4547	119
CYP7B1	0.051034	4.456779e+1	4548	127
BMP6	0.051025	4.456016e+1	4549	129
EDC4	0.051014	4.455063e+1	4550	131
CARS2	0.051007	4.454389e+1	4551	123
FARS2	0.050997	4.453502e+1	4552	125
ARHGEF6	0.050996	4.453457e+1	4553	121
RAB2A	0.050989	4.452805e+1	4554	137
NDUFAF4	0.050988	4.452762e+1	4555	89
PDIA6	0.050980	4.452034e+1	4556	132
TPH1	0.050949	4.449392e+1	4557	131
TIMM23	0.050946	4.449100e+1	4558	117
SLC35A2	0.050930	4.447682e+1	4559	117
DERL2	0.050926	4.447379e+1	4560	119
IFNL3	0.050926	4.447371e+1	4561	113
AGPAT2	0.050922	4.446970e+1	4562	114
ADH6	0.050917	4.446558e+1	4563	105
SNX27	0.050906	4.445592e+1	4564	125
IFNGR2	0.050904	4.445451e+1	4565	130
SYNGAP1	0.050900	4.445088e+1	4566	134
PIP5K1C	0.050893	4.444421e+1	4567	91
CFAP52	0.050889	4.444078e+1	4568	119
SULT2A1	0.050885	4.443753e+1	4569	131
PDPN	0.050860	4.441555e+1	4570	146
CCDC114	0.050859	4.441514e+1	4571	117
CDK13	0.050853	4.441006e+1	4572	125
SERPINA3	0.050851	4.440786e+1	4573	136
STX3	0.050849	4.440590e+1	4574	103
PAPOLB	0.050841	4.439933e+1	4575	117
NT5C3B	0.050834	4.439303e+1	4576	87
ATP6V1G1	0.050831	4.439044e+1	4577	108
MAD1L1	0.050828	4.438764e+1	4578	124
AIRE	0.050820	4.438076e+1	4579	123
FNBP1	0.050811	4.437300e+1	4580	143
WDR19	0.050804	4.436676e+1	4581	120
IL27RA	0.050798	4.436161e+1	4582	104
PCGF3	0.050786	4.435075e+1	4583	102
POLRMT	0.050782	4.434802e+1	4584	128
CRYGC	0.050771	4.433837e+1	4585	142
NFKBIE	0.050770	4.433755e+1	4586	140
PVR	0.050761	4.432965e+1	4587	127
TRPC6	0.050759	4.432746e+1	4588	119
HSPA12A	0.050742	4.431275e+1	4589	146
IGHV3-11	0.050734	4.430588e+1	4590	150
WIPI2	0.050731	4.430284e+1	4591	115
CDH23	0.050700	4.427567e+1	4592	125
AGK	0.050692	4.426875e+1	4593	125
DET1	0.050688	4.426521e+1	4594	97
IL18R1	0.050684	4.426241e+1	4595	137
POLL	0.050671	4.425034e+1	4596	125
IFITM1	0.050664	4.424472e+1	4597	129
C1S	0.050660	4.424081e+1	4598	122
COG7	0.050659	4.423993e+1	4599	125
ID2	0.050657	4.423879e+1	4600	141
SFRP2	0.050649	4.423172e+1	4601	128
BLK	0.050634	4.421856e+1	4602	139
IGKV2D-40	0.050626	4.421128e+1	4603	148
TAF5L	0.050621	4.420673e+1	4604	102
GYS2	0.050602	4.419005e+1	4605	115
ATP6V1E2	0.050600	4.418868e+1	4606	109
NLRP1	0.050580	4.417099e+1	4607	116
RALY	0.050579	4.417052e+1	4608	134
CKAP2	0.050579	4.417034e+1	4609	132
RPUSD4	0.050575	4.416656e+1	4610	126
RABGEF1	0.050567	4.415959e+1	4611	130
CHMP4C	0.050564	4.415700e+1	4612	115
WNT7A	0.050552	4.414668e+1	4613	118
SAP130	0.050547	4.414239e+1	4614	116
POLR3E	0.050546	4.414199e+1	4615	110
ELOA2	0.050540	4.413645e+1	4616	133
NFYA	0.050539	4.413514e+1	4617	127
IBSP	0.050535	4.413176e+1	4618	120
COL9A2	0.050510	4.411018e+1	4619	125
HTR2C	0.050502	4.410296e+1	4620	133
ALAS2	0.050479	4.408346e+1	4621	118
HCST	0.050457	4.406422e+1	4622	120
APBB1IP	0.050453	4.406039e+1	4623	134
CEPT1	0.050435	4.404473e+1	4624	97
TEKT1	0.050430	4.404021e+1	4625	116
AP4M1	0.050421	4.403206e+1	4626	122
TNFRSF25	0.050402	4.401576e+1	4627	128
TMCO1	0.050392	4.400747e+1	4628	104
PITX2	0.050389	4.400468e+1	4629	140
CD58	0.050385	4.400090e+1	4630	139
ATP6V0A1	0.050366	4.398464e+1	4631	104
ABCG8	0.050361	4.398026e+1	4632	129
BCL3	0.050350	4.397051e+1	4633	133
CDY1B	0.050350	4.397045e+1	4634	130
ARHGEF2	0.050340	4.396172e+1	4635	116
VPS72	0.050339	4.396096e+1	4636	106
MNDA	0.050339	4.396077e+1	4637	144
HTATIP2	0.050334	4.395661e+1	4638	120
COPA	0.050323	4.394701e+1	4639	118
PPP6C	0.050318	4.394217e+1	4640	132
ABT1	0.050313	4.393810e+1	4641	114
TFDP2	0.050312	4.393763e+1	4642	119
MUC16	0.050309	4.393459e+1	4643	137
HSPB8	0.050307	4.393260e+1	4644	122
MAPKAPK2	0.050307	4.393250e+1	4645	124
SDC3	0.050304	4.393010e+1	4646	127
CACNA2D4	0.050289	4.391693e+1	4647	108
BCR	0.050262	4.389366e+1	4648	141
ZSWIM8	0.050256	4.388843e+1	4649	126
PF4V1	0.050254	4.388694e+1	4650	113
RPGRIP1	0.050240	4.387421e+1	4651	123
DNAI1	0.050234	4.386945e+1	4652	111
PDE6D	0.050231	4.386657e+1	4653	115
DHCR24	0.050212	4.384963e+1	4654	120
ADORA2B	0.050209	4.384736e+1	4655	154
KDM3A	0.050191	4.383153e+1	4656	119
IL11RA	0.050181	4.382267e+1	4657	109
RXRB	0.050145	4.379177e+1	4658	117
CCL24	0.050136	4.378308e+1	4659	120
KLKB1	0.050130	4.377870e+1	4660	126
BTBD9	0.050117	4.376705e+1	4661	131
IFT122	0.050113	4.376319e+1	4662	115
SERPIND1	0.050109	4.375961e+1	4663	129
MOG	0.050101	4.375278e+1	4664	138
LPAR5	0.050098	4.375051e+1	4665	129
TFG	0.050078	4.373308e+1	4666	129
TDG	0.050070	4.372578e+1	4667	126
ACTR5	0.050054	4.371226e+1	4668	100
ZEB2	0.050051	4.370963e+1	4669	142
E2F2	0.050049	4.370750e+1	4670	124
AMY1B	0.050048	4.370637e+1	4671	132
P4HA2	0.050047	4.370576e+1	4672	134
LAMTOR4	0.050046	4.370482e+1	4673	105
HERC2	0.050046	4.370451e+1	4674	127
SND1	0.050028	4.368948e+1	4675	136
COG4	0.050020	4.368249e+1	4676	118
CACNB1	0.050009	4.367264e+1	4677	109
SAR1B	0.050007	4.367093e+1	4678	119
PDE1A	0.050007	4.367092e+1	4679	98
S100A10	0.050003	4.366724e+1	4680	120
CHRM1	0.050001	4.366593e+1	4681	120
LPA	0.049994	4.365911e+1	4682	110
RAD54B	0.049990	4.365567e+1	4683	133
STAG3	0.049986	4.365250e+1	4684	121
ATP1A3	0.049981	4.364789e+1	4685	125
XPOT	0.049979	4.364616e+1	4686	123
ORM2	0.049948	4.361948e+1	4687	129
SLAMF6	0.049943	4.361509e+1	4688	135
SORL1	0.049942	4.361442e+1	4689	127
FSCN1	0.049941	4.361363e+1	4690	134
INO80B	0.049934	4.360719e+1	4691	102
APPL1	0.049924	4.359850e+1	4692	125
TROAP	0.049920	4.359460e+1	4693	120
MLKL	0.049916	4.359135e+1	4694	117
POR	0.049906	4.358233e+1	4695	115
R3HDM4	0.049905	4.358203e+1	4696	119
CD53	0.049905	4.358141e+1	4697	135
CETP	0.049900	4.357761e+1	4698	113
MAP2K6	0.049896	4.357373e+1	4699	113
SLC10A1	0.049858	4.354051e+1	4700	126
SERPINF1	0.049843	4.352757e+1	4701	134
MAP2K7	0.049831	4.351748e+1	4702	111
SYN3	0.049823	4.350997e+1	4703	129
MYOT	0.049820	4.350712e+1	4704	130
INO80C	0.049818	4.350573e+1	4705	99
SPRTN	0.049796	4.348633e+1	4706	130
CNOT7	0.049778	4.347091e+1	4707	107
AMACR	0.049776	4.346919e+1	4708	133
UGT2B28	0.049768	4.346182e+1	4709	100
PSAP	0.049763	4.345796e+1	4710	132
FZD8	0.049760	4.345497e+1	4711	107
USP4	0.049752	4.344802e+1	4712	134
YBEY	0.049750	4.344671e+1	4713	135
TET1	0.049733	4.343129e+1	4714	124
FRRS1L	0.049732	4.343109e+1	4715	119
DDX42	0.049730	4.342889e+1	4716	127
RBCK1	0.049727	4.342630e+1	4717	110
PRKCI	0.049726	4.342583e+1	4718	108
OBSL1	0.049716	4.341662e+1	4719	142
DRD4	0.049709	4.341032e+1	4720	127
IFNL2	0.049699	4.340223e+1	4721	116
TRMT1	0.049697	4.339970e+1	4722	134
SNX5	0.049695	4.339827e+1	4723	123
NKAP	0.049685	4.338925e+1	4724	104
SLCO1B1	0.049684	4.338886e+1	4725	117
BCCIP	0.049681	4.338657e+1	4726	119
CD46	0.049671	4.337732e+1	4727	124
TMED3	0.049667	4.337393e+1	4728	128
METTL15	0.049667	4.337382e+1	4729	117
FYB1	0.049666	4.337267e+1	4730	131
SCT	0.049651	4.335994e+1	4731	118
PHAX	0.049646	4.335540e+1	4732	130
TGM1	0.049632	4.334312e+1	4733	119
KDM1B	0.049618	4.333078e+1	4734	127
SRPK2	0.049610	4.332452e+1	4735	123
HNRNPH3	0.049606	4.332104e+1	4736	125
TUBA3D	0.049603	4.331763e+1	4737	123
GRM2	0.049595	4.331084e+1	4738	131
CYB5A	0.049591	4.330760e+1	4739	122
PPT1	0.049577	4.329553e+1	4740	132
TP63	0.049572	4.329071e+1	4741	132
OGDHL	0.049570	4.328930e+1	4742	117
RND1	0.049568	4.328759e+1	4743	119
CD6	0.049567	4.328664e+1	4744	134
NR3C2	0.049560	4.328007e+1	4745	132
POLR3C	0.049559	4.327967e+1	4746	113
USP10	0.049540	4.326335e+1	4747	129
CNTFR	0.049537	4.326043e+1	4748	107
INTS1	0.049518	4.324385e+1	4749	100
CYP2A13	0.049508	4.323541e+1	4750	94
GLS2	0.049508	4.323509e+1	4751	115
TIMM21	0.049477	4.320833e+1	4752	122
PLB1	0.049475	4.320601e+1	4753	99
ROBO1	0.049464	4.319684e+1	4754	125
WHRN	0.049461	4.319419e+1	4755	114
EDN3	0.049452	4.318586e+1	4756	122
GEN1	0.049451	4.318571e+1	4757	127
TENT4A	0.049451	4.318492e+1	4758	134
CA9	0.049448	4.318298e+1	4759	135
MECOM	0.049448	4.318298e+1	4760	128
RPS19BP1	0.049441	4.317648e+1	4761	92
NACAD	0.049434	4.317059e+1	4762	118
MYH3	0.049430	4.316727e+1	4763	109
HAUS6	0.049422	4.316029e+1	4764	124
PDE5A	0.049412	4.315107e+1	4765	111
PTGER4	0.049412	4.315081e+1	4766	129
HBA1	0.049395	4.313661e+1	4767	97
UGCG	0.049390	4.313200e+1	4768	105
ADD3	0.049383	4.312577e+1	4769	134
TTC27	0.049380	4.312349e+1	4770	126
P4HA1	0.049380	4.312337e+1	4771	134
CYBA	0.049377	4.312085e+1	4772	117
GLRX3	0.049371	4.311519e+1	4773	124
LTB	0.049371	4.311512e+1	4774	145
ELMO1	0.049363	4.310846e+1	4775	113
BNIP3L	0.049363	4.310811e+1	4776	119
SMAD5	0.049349	4.309584e+1	4777	117
MFGE8	0.049347	4.309490e+1	4778	129
EFHC1	0.049347	4.309471e+1	4779	114
COG1	0.049327	4.307703e+1	4780	120
YTHDF1	0.049327	4.307677e+1	4781	122
PDE10A	0.049300	4.305365e+1	4782	105
CYP51A1	0.049296	4.304985e+1	4783	114
CSE1L	0.049295	4.304918e+1	4784	124
CAPRIN1	0.049276	4.303240e+1	4785	125
SIRT5	0.049273	4.302975e+1	4786	110
RGS7	0.049251	4.301026e+1	4787	122
LYVE1	0.049248	4.300832e+1	4788	134
FMOD	0.049239	4.299995e+1	4789	138
TBX3	0.049228	4.299019e+1	4790	133
UPF2	0.049217	4.298071e+1	4791	104
TARS3	0.049176	4.294504e+1	4792	114
PCCA	0.049173	4.294273e+1	4793	113
COG5	0.049165	4.293535e+1	4794	124
EAF1	0.049162	4.293267e+1	4795	94
KCNA10	0.049152	4.292439e+1	4796	137
TNFSF12	0.049148	4.292068e+1	4797	128
LAMB1	0.049136	4.291041e+1	4798	109
RASGRP1	0.049132	4.290700e+1	4799	119
MCCC1	0.049126	4.290144e+1	4800	128
TACO1	0.049116	4.289255e+1	4801	129
MDN1	0.049101	4.287983e+1	4802	119
ING1	0.049100	4.287907e+1	4803	99
FCN1	0.049078	4.285957e+1	4804	130
CAVIN1	0.049065	4.284804e+1	4805	131
HACL1	0.049060	4.284381e+1	4806	122
CXCL6	0.049043	4.282886e+1	4807	111
SH3GL3	0.049030	4.281800e+1	4808	123
DEFB1	0.049024	4.281282e+1	4809	114
SCN9A	0.049014	4.280403e+1	4810	125
MGAM	0.049010	4.280021e+1	4811	117
GPER1	0.048984	4.277784e+1	4812	134
AK6	0.048947	4.274490e+1	4813	106
FOSL2	0.048941	4.274018e+1	4814	127
UTRN	0.048927	4.272735e+1	4815	118
COG2	0.048905	4.270851e+1	4816	121
PKN1	0.048899	4.270356e+1	4817	130
COG8	0.048889	4.269487e+1	4818	115
LAMB3	0.048872	4.267961e+1	4819	115
KDM2A	0.048861	4.266978e+1	4820	134
ELP4	0.048858	4.266787e+1	4821	99
SLC26A4	0.048849	4.265989e+1	4822	123
MAML3	0.048844	4.265514e+1	4823	116
LAMA3	0.048817	4.263126e+1	4824	116
SARDH	0.048816	4.263064e+1	4825	129
COIL	0.048810	4.262532e+1	4826	128
SHARPIN	0.048807	4.262319e+1	4827	111
WIPF1	0.048789	4.260682e+1	4828	116
CD1A	0.048787	4.260539e+1	4829	126
ELOF1	0.048783	4.260157e+1	4830	115
TMEM147	0.048774	4.259431e+1	4831	100
THRA	0.048757	4.257897e+1	4832	117
PCM1	0.048746	4.256935e+1	4833	124
COL4A4	0.048743	4.256723e+1	4834	123
MOGS	0.048731	4.255665e+1	4835	122
KLF1	0.048721	4.254740e+1	4836	111
CHCHD3	0.048720	4.254705e+1	4837	115
SLC4A7	0.048718	4.254490e+1	4838	159
CTSZ	0.048710	4.253802e+1	4839	132
TCF7L1	0.048697	4.252703e+1	4840	116
EDNRA	0.048693	4.252294e+1	4841	127
NPS	0.048684	4.251565e+1	4842	138
ITGB3BP	0.048680	4.251234e+1	4843	104
BAG2	0.048680	4.251189e+1	4844	113
PRPF18	0.048675	4.250793e+1	4845	99
LAT	0.048646	4.248265e+1	4846	110
NDUFAF5	0.048642	4.247894e+1	4847	97
SPTA1	0.048631	4.246889e+1	4848	131
SCMH1	0.048629	4.246719e+1	4849	122
EPC1	0.048628	4.246656e+1	4850	100
PSPH	0.048608	4.244925e+1	4851	121
CFB	0.048600	4.244173e+1	4852	126
MYL7	0.048585	4.242911e+1	4853	118
MMS19	0.048571	4.241711e+1	4854	105
HRG	0.048568	4.241383e+1	4855	117
FTCD	0.048564	4.241058e+1	4856	107
TYRP1	0.048556	4.240411e+1	4857	129
PEX3	0.048545	4.239440e+1	4858	106
CYP2C18	0.048545	4.239368e+1	4859	98
FBP2	0.048531	4.238218e+1	4860	111
PPWD1	0.048529	4.237970e+1	4861	96
NEUROG2	0.048509	4.236304e+1	4862	131
PDE6C	0.048497	4.235254e+1	4863	108
NHEJ1	0.048482	4.233941e+1	4864	101
DNAJC8	0.048481	4.233812e+1	4865	126
AGRP	0.048474	4.233228e+1	4866	120
H2BE1	0.048454	4.231464e+1	4867	129
NPHP4	0.048420	4.228456e+1	4868	113
LDLRAP1	0.048404	4.227112e+1	4869	131
NEUROG3	0.048402	4.226908e+1	4870	125
CKAP2L	0.048399	4.226701e+1	4871	113
NTN1	0.048399	4.226680e+1	4872	124
NRXN3	0.048398	4.226575e+1	4873	130
MICALL1	0.048391	4.225987e+1	4874	118
CYP27A1	0.048375	4.224566e+1	4875	124
WARS1	0.048346	4.222039e+1	4876	116
LRAT	0.048340	4.221526e+1	4877	105
FANCL	0.048340	4.221467e+1	4878	104
SMARCD2	0.048330	4.220672e+1	4879	102
STAR	0.048329	4.220545e+1	4880	113
BBS7	0.048320	4.219762e+1	4881	113
GGT5	0.048316	4.219446e+1	4882	97
IL21	0.048299	4.217942e+1	4883	113
OXTR	0.048298	4.217853e+1	4884	116
STMN1	0.048284	4.216634e+1	4885	135
SEPTIN2	0.048283	4.216533e+1	4886	134
GRID2	0.048278	4.216095e+1	4887	127
FNIP1	0.048277	4.216032e+1	4888	137
CHMP4A	0.048268	4.215213e+1	4889	105
DNAI2	0.048254	4.214039e+1	4890	107
RYBP	0.048250	4.213644e+1	4891	98
HSD11B1	0.048249	4.213519e+1	4892	115
LDB3	0.048248	4.213492e+1	4893	119
PIGR	0.048243	4.213035e+1	4894	127
RETREG1	0.048237	4.212552e+1	4895	125
CPLX1	0.048236	4.212387e+1	4896	110
CALD1	0.048231	4.211961e+1	4897	119
SNTA1	0.048213	4.210445e+1	4898	112
SMAD6	0.048208	4.209955e+1	4899	119
XIRP2	0.048195	4.208821e+1	4900	118
POLR3D	0.048171	4.206716e+1	4901	96
RAPGEF1	0.048170	4.206675e+1	4902	116
TRNT1	0.048159	4.205684e+1	4903	138
CTAG1B	0.048158	4.205585e+1	4904	122
CDK11A	0.048156	4.205467e+1	4905	135
DAZL	0.048146	4.204598e+1	4906	127
WIPI1	0.048132	4.203356e+1	4907	109
IRAK2	0.048116	4.201920e+1	4908	113
FBXO32	0.048103	4.200815e+1	4909	133
GBA2	0.048066	4.197546e+1	4910	110
MALT1	0.048062	4.197251e+1	4911	104
SCN4A	0.048058	4.196916e+1	4912	112
SAE1	0.048056	4.196714e+1	4913	129
TACR1	0.048051	4.196244e+1	4914	129
IFT20	0.048043	4.195537e+1	4915	108
SEC16B	0.048037	4.195027e+1	4916	122
CEACAM8	0.048036	4.194938e+1	4917	120
PLXNB1	0.048024	4.193945e+1	4918	111
PMAIP1	0.048024	4.193933e+1	4919	121
USP30	0.048021	4.193616e+1	4920	130
SSTR2	0.048015	4.193140e+1	4921	130
ADD1	0.048008	4.192511e+1	4922	117
CD160	0.047999	4.191760e+1	4923	123
CPEB1	0.047981	4.190190e+1	4924	112
DNAJC7	0.047957	4.188040e+1	4925	127
TIRAP	0.047948	4.187297e+1	4926	112
NUFIP1	0.047936	4.186218e+1	4927	105
KLK4	0.047932	4.185863e+1	4928	124
RPN2	0.047927	4.185483e+1	4929	109
EFHB	0.047915	4.184397e+1	4930	122
RELN	0.047913	4.184235e+1	4931	126
CYP27B1	0.047908	4.183766e+1	4932	126
NKX2-2	0.047897	4.182778e+1	4933	124
UGT2B11	0.047889	4.182104e+1	4934	94
MAT1A	0.047882	4.181510e+1	4935	126
RSPO1	0.047876	4.180988e+1	4936	129
SNRNP27	0.047867	4.180207e+1	4937	95
MYL12A	0.047865	4.180041e+1	4938	105
ALDOC	0.047864	4.179933e+1	4939	97
NMRAL1	0.047847	4.178490e+1	4940	116
KLHL20	0.047845	4.178258e+1	4941	108
MBOAT2	0.047844	4.178228e+1	4942	91
ABRAXAS1	0.047840	4.177854e+1	4943	120
APOL1	0.047834	4.177285e+1	4944	111
SASS6	0.047825	4.176510e+1	4945	123
MAG	0.047820	4.176077e+1	4946	122
CCL1	0.047819	4.175970e+1	4947	97
WFS1	0.047811	4.175310e+1	4948	135
HAND2	0.047796	4.173996e+1	4949	125
RARG	0.047781	4.172720e+1	4950	124
MAP1A	0.047739	4.169042e+1	4951	118
TAF4B	0.047732	4.168375e+1	4952	91
PLA2G1B	0.047726	4.167875e+1	4953	108
RASGRF2	0.047722	4.167509e+1	4954	107
ADRA2A	0.047721	4.167481e+1	4955	124
EFNB3	0.047717	4.167137e+1	4956	115
FAAP24	0.047716	4.167027e+1	4957	104
TRNAU1AP	0.047715	4.166926e+1	4958	114
RSPH3	0.047708	4.166272e+1	4959	127
STX2	0.047702	4.165794e+1	4960	107
POLH	0.047699	4.165561e+1	4961	114
PPP1R8	0.047697	4.165355e+1	4962	114
NR2E3	0.047694	4.165090e+1	4963	118
BLOC1S6	0.047680	4.163849e+1	4964	117
AMOT	0.047674	4.163364e+1	4965	113
HEY1	0.047649	4.161152e+1	4966	123
PNPLA3	0.047648	4.161077e+1	4967	105
TNPO3	0.047642	4.160513e+1	4968	127
KRT20	0.047631	4.159566e+1	4969	129
HERC5	0.047617	4.158341e+1	4970	109
GDF5	0.047615	4.158167e+1	4971	118
TSHB	0.047613	4.157980e+1	4972	115
IL4I1	0.047611	4.157829e+1	4973	88
HDAC10	0.047610	4.157764e+1	4974	114
SI	0.047586	4.155673e+1	4975	116
B4GALT1	0.047586	4.155651e+1	4976	104
HAT1	0.047582	4.155317e+1	4977	112
CYP3A7	0.047566	4.153895e+1	4978	97
HSPA12B	0.047562	4.153524e+1	4979	136
NMNAT1	0.047545	4.152123e+1	4980	109
NRIP1	0.047544	4.152035e+1	4981	106
RPAP2	0.047544	4.152007e+1	4982	96
TLE3	0.047538	4.151500e+1	4983	111
AKR1D1	0.047516	4.149533e+1	4984	98
BRD1	0.047511	4.149146e+1	4985	134
MAML2	0.047510	4.149053e+1	4986	112
VPS33B	0.047508	4.148869e+1	4987	116
VPS16	0.047506	4.148688e+1	4988	112
IGKV2D-28	0.047500	4.148121e+1	4989	135
SUGP1	0.047487	4.147003e+1	4990	119
PKD1	0.047470	4.145566e+1	4991	126
CTSC	0.047470	4.145499e+1	4992	130
EXOC1	0.047454	4.144160e+1	4993	119
KCNJ10	0.047450	4.143799e+1	4994	129
SOX1	0.047418	4.140961e+1	4995	134
HCN4	0.047404	4.139794e+1	4996	121
SLC38A9	0.047404	4.139741e+1	4997	113
MARS2	0.047401	4.139502e+1	4998	102
MYLK	0.047401	4.139464e+1	4999	103
GRIK3	0.047400	4.139387e+1	5000	119
DIS3L2	0.047399	4.139360e+1	5001	120
HARS2	0.047386	4.138192e+1	5002	108
ALOX15	0.047375	4.137240e+1	5003	103
SPHK2	0.047360	4.135927e+1	5004	90
GGA3	0.047347	4.134802e+1	5005	121
PDE1B	0.047339	4.134060e+1	5006	89
ATP6V1C1	0.047334	4.133665e+1	5007	97
HAO2	0.047331	4.133359e+1	5008	128
CENPO	0.047305	4.131153e+1	5009	93
GLYR1	0.047302	4.130874e+1	5010	128
CNTN2	0.047284	4.129295e+1	5011	129
VPS53	0.047265	4.127664e+1	5012	112
UGT1A5	0.047264	4.127529e+1	5013	92
TUBA3E	0.047261	4.127251e+1	5014	114
FAAP100	0.047259	4.127127e+1	5015	94
NCAPD3	0.047259	4.127077e+1	5016	125
GSTA2	0.047245	4.125890e+1	5017	92
CNIH3	0.047239	4.125381e+1	5018	119
PFKFB3	0.047217	4.123399e+1	5019	118
WRAP53	0.047193	4.121322e+1	5020	115
SLC6A1	0.047184	4.120536e+1	5021	136
CYP8B1	0.047169	4.119286e+1	5022	120
EIF2B3	0.047152	4.117730e+1	5023	128
NPVF	0.047133	4.116059e+1	5024	115
COL9A3	0.047132	4.116054e+1	5025	116
UGT2A2	0.047131	4.115936e+1	5026	92
DDC	0.047125	4.115380e+1	5027	110
WDR83OS	0.047110	4.114083e+1	5028	130
ERLEC1	0.047103	4.113443e+1	5029	111
SNRNP35	0.047057	4.109475e+1	5030	100
VANGL2	0.047027	4.106832e+1	5031	110
LSM14A	0.047011	4.105469e+1	5032	116
GNE	0.046986	4.103241e+1	5033	122
LSS	0.046981	4.102859e+1	5034	105
CYP4F2	0.046975	4.102277e+1	5035	103
MAP1LC3C	0.046964	4.101342e+1	5036	111
APLN	0.046962	4.101136e+1	5037	126
PRDM16	0.046951	4.100209e+1	5038	121
KCNJ6	0.046951	4.100181e+1	5039	109
IVL	0.046942	4.099445e+1	5040	106
DHH	0.046938	4.099042e+1	5041	132
BTC	0.046933	4.098675e+1	5042	127
PIWIL4	0.046911	4.096741e+1	5043	118
BECN2	0.046902	4.095918e+1	5044	104
PUS7L	0.046894	4.095210e+1	5045	119
ATP6V1C2	0.046894	4.095203e+1	5046	98
CREB3L3	0.046885	4.094442e+1	5047	104
PSMG2	0.046877	4.093782e+1	5048	90
PLP1	0.046872	4.093335e+1	5049	132
KIFC3	0.046853	4.091654e+1	5050	127
SAFB	0.046845	4.090924e+1	5051	122
PTTG2	0.046843	4.090773e+1	5052	114
BAK1	0.046842	4.090721e+1	5053	106
EXOC3	0.046835	4.090069e+1	5054	114
AKAP5	0.046833	4.089887e+1	5055	107
GNAZ	0.046821	4.088872e+1	5056	109
PDCD6	0.046813	4.088163e+1	5057	100
NCLN	0.046797	4.086724e+1	5058	97
NPAS4	0.046788	4.085949e+1	5059	126
MSH5	0.046775	4.084799e+1	5060	116
PEX13	0.046767	4.084117e+1	5061	98
DSG1	0.046765	4.083973e+1	5062	112
FAF1	0.046753	4.082906e+1	5063	102
PPP1R9B	0.046752	4.082812e+1	5064	121
COL14A1	0.046749	4.082551e+1	5065	120
LAP3	0.046732	4.081044e+1	5066	107
PCGF5	0.046724	4.080417e+1	5067	92
PLCD3	0.046712	4.079300e+1	5068	93
PLOD3	0.046709	4.079065e+1	5069	108
BIVM-ERCC5	0.046690	4.077429e+1	5070	120
CDSN	0.046684	4.076895e+1	5071	112
HOXB4	0.046681	4.076590e+1	5072	127
KLHL7	0.046661	4.074859e+1	5073	97
NAA50	0.046660	4.074810e+1	5074	125
TIMM13	0.046659	4.074704e+1	5075	113
ALAS1	0.046656	4.074443e+1	5076	124
C1R	0.046624	4.071664e+1	5077	119
PRPF39	0.046622	4.071487e+1	5078	104
GMPR	0.046614	4.070756e+1	5079	87
COL4A6	0.046600	4.069517e+1	5080	114
MCHR2	0.046598	4.069414e+1	5081	136
CCNB3	0.046598	4.069352e+1	5082	116
VPS45	0.046585	4.068222e+1	5083	108
DNAJB6	0.046576	4.067431e+1	5084	124
TMEM67	0.046573	4.067211e+1	5085	105
GLS	0.046559	4.065971e+1	5086	105
KIR3DL1	0.046537	4.064019e+1	5087	108
TMOD4	0.046532	4.063655e+1	5088	110
MCEE	0.046489	4.059829e+1	5089	127
MBOAT1	0.046483	4.059376e+1	5090	95
GPD1	0.046469	4.058113e+1	5091	116
INTS11	0.046467	4.057963e+1	5092	94
AMY2B	0.046457	4.057105e+1	5093	122
CRYL1	0.046446	4.056116e+1	5094	127
TAT	0.046426	4.054351e+1	5095	117
TGFBI	0.046419	4.053750e+1	5096	131
ANAPC13	0.046415	4.053425e+1	5097	83
ARFGAP2	0.046408	4.052824e+1	5098	124
PLA2G10	0.046370	4.049445e+1	5099	102
DR1	0.046359	4.048542e+1	5100	95
PNOC	0.046355	4.048159e+1	5101	121
PIP4K2C	0.046347	4.047444e+1	5102	96
SGIP1	0.046339	4.046734e+1	5103	104
KIF2B	0.046334	4.046300e+1	5104	116
FLG2	0.046333	4.046281e+1	5105	122
CSPG4	0.046303	4.043620e+1	5106	133
LARP1	0.046260	4.039824e+1	5107	130
PDE3A	0.046256	4.039522e+1	5108	94
ATXN3L	0.046248	4.038854e+1	5109	111
LRTOMT	0.046246	4.038670e+1	5110	100
FZD9	0.046235	4.037689e+1	5111	97
GALE	0.046232	4.037379e+1	5112	117
UBE4A	0.046223	4.036650e+1	5113	119
GFER	0.046195	4.034181e+1	5114	123
ULK2	0.046194	4.034058e+1	5115	89
GSTT2B	0.046189	4.033667e+1	5116	88
ATP6V1G2	0.046180	4.032843e+1	5117	100
NADK	0.046172	4.032200e+1	5118	133
CDC14A	0.046165	4.031534e+1	5119	116
AGR2	0.046149	4.030177e+1	5120	131
MYL6B	0.046146	4.029880e+1	5121	91
ZMYM2	0.046133	4.028733e+1	5122	123
ASL	0.046132	4.028714e+1	5123	108
PTMA	0.046127	4.028257e+1	5124	121
TARBP1	0.046126	4.028201e+1	5125	123
GJB2	0.046126	4.028155e+1	5126	113
MYOZ2	0.046121	4.027731e+1	5127	115
DYNLT1	0.046102	4.026082e+1	5128	111
BCL9	0.046099	4.025812e+1	5129	105
GFI1	0.046090	4.024986e+1	5130	125
PTGER3	0.046074	4.023650e+1	5131	117
SEPTIN7	0.046050	4.021557e+1	5132	115
LOC102724788	0.046047	4.021229e+1	5133	122
LYZ	0.046042	4.020839e+1	5134	131
APTX	0.046041	4.020762e+1	5135	113
FUNDC1	0.046022	4.019117e+1	5136	104
ESPN	0.046016	4.018581e+1	5137	106
AHI1	0.045992	4.016430e+1	5138	111
IL16	0.045989	4.016231e+1	5139	126
NUFIP2	0.045980	4.015381e+1	5140	108
APBB1	0.045965	4.014094e+1	5141	120
NPRL3	0.045965	4.014069e+1	5142	104
DLGAP1	0.045963	4.013895e+1	5143	113
ATP6AP1	0.045949	4.012696e+1	5144	98
DSN1	0.045933	4.011287e+1	5145	107
PPP1R1B	0.045926	4.010679e+1	5146	123
RBM41	0.045921	4.010252e+1	5147	115
CDYL2	0.045909	4.009241e+1	5148	122
MYL4	0.045909	4.009198e+1	5149	103
NFIL3	0.045907	4.009028e+1	5150	121
KIR2DL1	0.045899	4.008338e+1	5151	106
CHCHD4	0.045889	4.007429e+1	5152	110
INTS3	0.045879	4.006561e+1	5153	81
PNKP	0.045846	4.003691e+1	5154	107
AURKC	0.045818	4.001245e+1	5155	118
CDK5RAP2	0.045813	4.000818e+1	5156	107
GIT2	0.045812	4.000774e+1	5157	130
F10	0.045785	3.998366e+1	5158	106
CNIH2	0.045775	3.997505e+1	5159	109
LATS2	0.045765	3.996663e+1	5160	110
GSTM2	0.045761	3.996313e+1	5161	89
ABAT	0.045745	3.994931e+1	5162	108
GPS2	0.045740	3.994417e+1	5163	127
NECTIN2	0.045737	3.994217e+1	5164	110
MYOCD	0.045736	3.994107e+1	5165	123
PRKAR2A	0.045728	3.993397e+1	5166	108
INTS6	0.045727	3.993312e+1	5167	83
CD1E	0.045727	3.993275e+1	5168	119
SATB2	0.045720	3.992666e+1	5169	129
SCO2	0.045717	3.992432e+1	5170	119
XAF1	0.045706	3.991453e+1	5171	96
SPOPL	0.045703	3.991256e+1	5172	108
TFPI	0.045667	3.988060e+1	5173	120
VAMP1	0.045654	3.986951e+1	5174	98
TOR1A	0.045652	3.986762e+1	5175	112
CHI3L1	0.045625	3.984419e+1	5176	131
RGS17	0.045622	3.984137e+1	5177	120
GJA5	0.045605	3.982689e+1	5178	123
IGFBP1	0.045555	3.978318e+1	5179	122
CAMK2D	0.045545	3.977417e+1	5180	131
LMX1B	0.045541	3.977083e+1	5181	121
SCML2	0.045534	3.976498e+1	5182	85
POU3F2	0.045530	3.976123e+1	5183	127
APOC1	0.045525	3.975640e+1	5184	104
RGS16	0.045524	3.975551e+1	5185	116
UNC13B	0.045523	3.975486e+1	5186	102
MAPK6	0.045514	3.974735e+1	5187	133
MAF1	0.045510	3.974357e+1	5188	121
TMEM59	0.045501	3.973618e+1	5189	147
POLB	0.045500	3.973465e+1	5190	106
MYO3A	0.045480	3.971722e+1	5191	110
TREM1	0.045479	3.971641e+1	5192	124
AKR1B10	0.045477	3.971444e+1	5193	102
CYP26B1	0.045464	3.970368e+1	5194	102
ATP1A1	0.045462	3.970162e+1	5195	109
SPTBN2	0.045452	3.969316e+1	5196	116
PEX10	0.045451	3.969186e+1	5197	100
CBR1	0.045438	3.968048e+1	5198	101
TUBAL3	0.045424	3.966829e+1	5199	108
TRPM4	0.045413	3.965866e+1	5200	110
PHF6	0.045412	3.965771e+1	5201	116
DNAH5	0.045405	3.965219e+1	5202	107
NR1I3	0.045392	3.964043e+1	5203	114
DNAAF2	0.045386	3.963579e+1	5204	111
KCTD13	0.045359	3.961162e+1	5205	92
AMPD3	0.045330	3.958643e+1	5206	83
GCGR	0.045312	3.957084e+1	5207	122
EYA1	0.045310	3.956893e+1	5208	123
GLB1	0.045304	3.956385e+1	5209	93
GSTM3	0.045302	3.956172e+1	5210	92
SPG11	0.045279	3.954211e+1	5211	114
TIMM9	0.045272	3.953570e+1	5212	105
CPS1	0.045265	3.952926e+1	5213	115
DCAF11	0.045264	3.952893e+1	5214	95
SCO1	0.045261	3.952604e+1	5215	116
TSHR	0.045255	3.952056e+1	5216	110
MOCS1	0.045253	3.951937e+1	5217	103
ENTPD2	0.045249	3.951545e+1	5218	95
GAN	0.045238	3.950651e+1	5219	101
CANT1	0.045187	3.946115e+1	5220	83
IL1R2	0.045177	3.945255e+1	5221	122
CHDH	0.045158	3.943606e+1	5222	113
COQ3	0.045156	3.943431e+1	5223	124
YIPF6	0.045153	3.943150e+1	5224	125
RTCB	0.045144	3.942422e+1	5225	121
FLCN	0.045129	3.941067e+1	5226	112
GCSH	0.045127	3.940915e+1	5227	103
GUCA1B	0.045113	3.939654e+1	5228	107
GPR143	0.045104	3.938927e+1	5229	117
BHMT	0.045103	3.938821e+1	5230	107
PAGR1	0.045094	3.938077e+1	5231	117
SCN3B	0.045086	3.937376e+1	5232	110
CCAR1	0.045085	3.937266e+1	5233	111
CEP192	0.045075	3.936356e+1	5234	113
REXO4	0.045067	3.935655e+1	5235	118
CHPT1	0.045066	3.935567e+1	5236	86
NCBP2L	0.045050	3.934216e+1	5237	106
GABRB2	0.045046	3.933805e+1	5238	117
PDE11A	0.045041	3.933410e+1	5239	93
USP28	0.045025	3.932015e+1	5240	116
VPS4A	0.045024	3.931902e+1	5241	98
S100A7	0.045019	3.931464e+1	5242	118
SET	0.045017	3.931321e+1	5243	115
CHMP7	0.045016	3.931197e+1	5244	103
VPS28	0.045015	3.931129e+1	5245	98
BAG1	0.045011	3.930780e+1	5246	106
RBBP6	0.045002	3.929988e+1	5247	106
DHTKD1	0.044999	3.929741e+1	5248	117
NFU1	0.044997	3.929528e+1	5249	110
MTNR1B	0.044984	3.928418e+1	5250	102
LAMA1	0.044983	3.928347e+1	5251	104
ALCAM	0.044978	3.927897e+1	5252	121
IFI6	0.044965	3.926777e+1	5253	100
HTR1B	0.044956	3.926022e+1	5254	110
MYF5	0.044949	3.925344e+1	5255	125
F9	0.044942	3.924774e+1	5256	111
LNX1	0.044940	3.924618e+1	5257	129
PNLIP	0.044940	3.924605e+1	5258	99
UBE2E3	0.044940	3.924559e+1	5259	116
CCDC65	0.044925	3.923301e+1	5260	111
BBS2	0.044899	3.921015e+1	5261	105
APOO	0.044897	3.920855e+1	5262	105
FSCN2	0.044864	3.917911e+1	5263	98
DCLRE1A	0.044860	3.917604e+1	5264	113
UNC119	0.044852	3.916883e+1	5265	119
LPAR2	0.044831	3.915088e+1	5266	106
NSUN7	0.044831	3.915050e+1	5267	125
PIK3R6	0.044802	3.912521e+1	5268	89
CSTA	0.044785	3.911009e+1	5269	112
KCNAB2	0.044745	3.907556e+1	5270	105
PLCD4	0.044740	3.907151e+1	5271	88
SLCO1A2	0.044714	3.904873e+1	5272	114
PRPS2	0.044707	3.904226e+1	5273	116
WDR35	0.044693	3.903022e+1	5274	106
DAAM1	0.044690	3.902738e+1	5275	117
PIP5K1A	0.044690	3.902721e+1	5276	80
PAIP1	0.044689	3.902701e+1	5277	110
INVS	0.044686	3.902424e+1	5278	115
CCDC12	0.044684	3.902256e+1	5279	96
PROK2	0.044661	3.900199e+1	5280	121
CETN1	0.044656	3.899786e+1	5281	127
LHX2	0.044650	3.899252e+1	5282	127
MRGBP	0.044611	3.895816e+1	5283	94
DNAJB9	0.044603	3.895179e+1	5284	118
STX10	0.044593	3.894324e+1	5285	92
UBE2J1	0.044584	3.893501e+1	5286	107
NPR1	0.044577	3.892912e+1	5287	92
JAZF1	0.044573	3.892539e+1	5288	115
DCAF17	0.044563	3.891622e+1	5289	102
EXOC5	0.044538	3.889464e+1	5290	107
IL19	0.044526	3.888464e+1	5291	103
DNAJB4	0.044512	3.887195e+1	5292	112
AMT	0.044485	3.884885e+1	5293	99
SGTA	0.044482	3.884600e+1	5294	115
GEMIN4	0.044478	3.884270e+1	5295	108
ESRRA	0.044472	3.883685e+1	5296	115
VPS33A	0.044462	3.882833e+1	5297	105
H2BW1	0.044454	3.882103e+1	5298	116
LAMC2	0.044450	3.881804e+1	5299	104
CCL23	0.044446	3.881447e+1	5300	122
PRDM9	0.044445	3.881343e+1	5301	116
COPE	0.044427	3.879764e+1	5302	106
AMY2A	0.044426	3.879668e+1	5303	114
TRIP10	0.044414	3.878645e+1	5304	119
KLHL2	0.044413	3.878524e+1	5305	107
PLIN3	0.044408	3.878169e+1	5306	128
OCA2	0.044404	3.877800e+1	5307	112
MPI	0.044396	3.877073e+1	5308	101
MMP12	0.044387	3.876294e+1	5309	124
MPP5	0.044385	3.876124e+1	5310	107
AZGP1	0.044383	3.875941e+1	5311	126
NARS1	0.044380	3.875663e+1	5312	94
SLC18A2	0.044378	3.875530e+1	5313	107
LZTR1	0.044376	3.875373e+1	5314	95
PARPBP	0.044373	3.875085e+1	5315	120
RTN4	0.044364	3.874288e+1	5316	112
KCNJ3	0.044360	3.873929e+1	5317	106
AIMP2	0.044359	3.873864e+1	5318	113
STX11	0.044345	3.872602e+1	5319	97
TTF1	0.044340	3.872160e+1	5320	108
SARS2	0.044311	3.869699e+1	5321	101
FOXP1	0.044309	3.869488e+1	5322	119
C11ORF88	0.044276	3.866607e+1	5323	114
DDX51	0.044266	3.865687e+1	5324	128
UBQLNL	0.044264	3.865553e+1	5325	129
WDR70	0.044260	3.865206e+1	5326	94
PRPS1L1	0.044248	3.864157e+1	5327	115
VPS54	0.044239	3.863409e+1	5328	109
SCN2B	0.044234	3.862927e+1	5329	106
GPAM	0.044231	3.862691e+1	5330	106
FDPS	0.044218	3.861567e+1	5331	104
HAMP	0.044212	3.861004e+1	5332	111
EXOC6	0.044199	3.859839e+1	5333	101
CASP6	0.044197	3.859743e+1	5334	112
ALDH3B1	0.044194	3.859467e+1	5335	100
CSTF2T	0.044189	3.858984e+1	5336	103
KCNJ9	0.044186	3.858705e+1	5337	116
FAM20A	0.044185	3.858672e+1	5338	142
S100A6	0.044172	3.857543e+1	5339	116
SEC11A	0.044170	3.857354e+1	5340	128
VPS18	0.044160	3.856473e+1	5341	105
IFITM3	0.044155	3.856050e+1	5342	109
MIEF1-2	0.044144	3.855081e+1	5343	75
CD151	0.044139	3.854639e+1	5344	104
MVK	0.044134	3.854224e+1	5345	104
CAT	0.044132	3.854068e+1	5346	115
ACKR1	0.044131	3.853925e+1	5347	114
EPHB4	0.044107	3.851826e+1	5348	111
BAZ2A	0.044086	3.849993e+1	5349	109
COX18	0.044069	3.848529e+1	5350	127
VEGFB	0.044043	3.846295e+1	5351	106
TNNC2	0.044039	3.845917e+1	5352	105
RGS13	0.044026	3.844737e+1	5353	114
NSMCE2	0.044020	3.844255e+1	5354	107
NR2C2	0.044016	3.843893e+1	5355	128
AP3S1	0.044015	3.843848e+1	5356	98
USP3	0.044001	3.842559e+1	5357	120
SURF4	0.043996	3.842107e+1	5358	109
EPC2	0.043991	3.841694e+1	5359	92
SUV39H2	0.043987	3.841351e+1	5360	117
RPE	0.043970	3.839920e+1	5361	116
OR2C1	0.043968	3.839663e+1	5362	125
TNFAIP6	0.043964	3.839373e+1	5363	121
CCR4	0.043944	3.837583e+1	5364	100
SENP1	0.043934	3.836701e+1	5365	118
ABCG1	0.043928	3.836231e+1	5366	116
SLC11A2	0.043926	3.836053e+1	5367	112
HIPK2	0.043918	3.835379e+1	5368	111
ATXN7L3	0.043902	3.833935e+1	5369	85
WNT7B	0.043896	3.833404e+1	5370	101
KCNN4	0.043895	3.833344e+1	5371	103
STXBP5	0.043885	3.832451e+1	5372	97
HMGCLL1	0.043885	3.832425e+1	5373	104
TSPO	0.043882	3.832159e+1	5374	118
NECAP1	0.043872	3.831342e+1	5375	107
HLA-DQB2	0.043861	3.830380e+1	5376	117
IL9R	0.043846	3.829012e+1	5377	100
BCHE	0.043845	3.828989e+1	5378	118
AKAP1	0.043831	3.827748e+1	5379	99
ABCC9	0.043822	3.826996e+1	5380	113
ESRRB	0.043817	3.826478e+1	5381	114
ARPC5	0.043817	3.826476e+1	5382	97
GRM6	0.043814	3.826284e+1	5383	122
PDK1	0.043811	3.825975e+1	5384	120
ACTR8	0.043806	3.825516e+1	5385	110
CD70	0.043799	3.824928e+1	5386	114
SCN4B	0.043787	3.823870e+1	5387	96
PIAS3	0.043784	3.823629e+1	5388	116
NXF2B	0.043777	3.822995e+1	5389	103
ATP2B2	0.043749	3.820612e+1	5390	121
OTUD7B	0.043749	3.820600e+1	5391	117
TAF1C	0.043744	3.820178e+1	5392	122
TRPC3	0.043742	3.819973e+1	5393	96
TAS1R3	0.043730	3.818912e+1	5394	108
DUS1L	0.043720	3.818048e+1	5395	117
STEAP3	0.043719	3.817976e+1	5396	137
APBA1	0.043709	3.817094e+1	5397	109
SPACA6	0.043686	3.815117e+1	5398	114
CDK3	0.043680	3.814542e+1	5399	106
PPP4R2	0.043673	3.813974e+1	5400	102
PDCD4	0.043667	3.813396e+1	5401	119
DNAJC11	0.043666	3.813363e+1	5402	117
PIP5K1B	0.043665	3.813214e+1	5403	79
PDE1C	0.043663	3.813097e+1	5404	83
SMPD1	0.043658	3.812665e+1	5405	94
INTS5	0.043647	3.811680e+1	5406	78
SPCS3	0.043644	3.811430e+1	5407	133
CD96	0.043642	3.811252e+1	5408	118
KRT1	0.043640	3.811060e+1	5409	123
GPC4	0.043635	3.810646e+1	5410	109
CSDE1	0.043618	3.809107e+1	5411	118
CFP	0.043617	3.809080e+1	5412	113
MYOZ1	0.043590	3.806726e+1	5413	105
MSX2	0.043588	3.806510e+1	5414	120
ENSP00000492220	0.043582	3.806007e+1	5415	110
HSD17B1	0.043564	3.804403e+1	5416	96
CKM	0.043560	3.804057e+1	5417	105
NXT1	0.043558	3.803877e+1	5418	101
ATP6AP2	0.043547	3.802959e+1	5419	86
CREB3L1	0.043545	3.802788e+1	5420	95
C8A	0.043538	3.802193e+1	5421	107
USP25	0.043536	3.801963e+1	5422	114
COL15A1	0.043517	3.800279e+1	5423	115
CCN1	0.043517	3.800278e+1	5424	116
SFRP4	0.043516	3.800266e+1	5425	107
HAS2	0.043496	3.798515e+1	5426	137
RNF5	0.043496	3.798482e+1	5427	110
SMARCAL1	0.043487	3.797728e+1	5428	115
TNNI2	0.043483	3.797345e+1	5429	99
LPCAT1	0.043479	3.797016e+1	5430	96
CNOT4	0.043476	3.796723e+1	5431	96
CRTC2	0.043463	3.795605e+1	5432	86
MEIOB	0.043462	3.795482e+1	5433	117
LPCAT4	0.043457	3.795120e+1	5434	81
BCOR	0.043452	3.794607e+1	5435	81
CFI	0.043450	3.794454e+1	5436	105
MYO15A	0.043424	3.792208e+1	5437	97
MTERF3	0.043416	3.791477e+1	5438	111
BRMS1	0.043415	3.791408e+1	5439	111
PAPSS1	0.043403	3.790374e+1	5440	110
IL24	0.043402	3.790296e+1	5441	99
IFT57	0.043387	3.788994e+1	5442	101
MGA	0.043360	3.786575e+1	5443	90
PAK6	0.043358	3.786416e+1	5444	118
INTS9	0.043340	3.784869e+1	5445	86
CENPL	0.043329	3.783889e+1	5446	86
DRD3	0.043327	3.783712e+1	5447	112
SUPT7L	0.043322	3.783285e+1	5448	86
LAMA5	0.043317	3.782826e+1	5449	98
PDE6H	0.043316	3.782751e+1	5450	100
RSPH4A	0.043314	3.782629e+1	5451	105
LEMD3	0.043312	3.782384e+1	5452	115
VPS52	0.043311	3.782312e+1	5453	105
WDR24	0.043297	3.781145e+1	5454	98
PIMREG	0.043295	3.780924e+1	5455	114
PLTP	0.043270	3.778743e+1	5456	98
C1GALT1	0.043266	3.778391e+1	5457	104
KLHL22	0.043266	3.778357e+1	5458	98
KLHL40	0.043257	3.777624e+1	5459	104
ADRB1	0.043255	3.777477e+1	5460	105
PMEL	0.043246	3.776666e+1	5461	115
CATSPER1	0.043244	3.776438e+1	5462	105
GDF15	0.043230	3.775217e+1	5463	125
TAF7L	0.043219	3.774333e+1	5464	94
PPRC1	0.043218	3.774205e+1	5465	110
GRIK4	0.043214	3.773845e+1	5466	104
EDEM1	0.043211	3.773632e+1	5467	98
COX7B2	0.043208	3.773335e+1	5468	97
ARMC4	0.043195	3.772200e+1	5469	105
PIK3C2G	0.043192	3.771937e+1	5470	82
KIF1C	0.043174	3.770324e+1	5471	113
SMN2	0.043171	3.770112e+1	5472	99
ARHGAP11A	0.043150	3.768277e+1	5473	113
GFRA1	0.043133	3.766759e+1	5474	111
PRDM14	0.043096	3.763511e+1	5475	106
CENPQ	0.043095	3.763434e+1	5476	84
VEGFD	0.043073	3.761553e+1	5477	104
ACP5	0.043056	3.760091e+1	5478	110
B4E171_HUMAN	0.043033	3.758076e+1	5479	111
ENTPD5	0.043029	3.757725e+1	5480	78
LOC102723996	0.043018	3.756755e+1	5481	107
MARCHF6	0.043010	3.756072e+1	5482	108
MUC6	0.043002	3.755304e+1	5483	118
HKDC1	0.042994	3.754620e+1	5484	78
OSTC	0.042993	3.754536e+1	5485	103
CYB5B	0.042990	3.754287e+1	5486	106
CTNNA3	0.042985	3.753876e+1	5487	106
DNALI1	0.042981	3.753515e+1	5488	113
ATOH1	0.042977	3.753141e+1	5489	125
PEX12	0.042969	3.752425e+1	5490	94
CR1	0.042968	3.752398e+1	5491	108
OSMR	0.042964	3.751990e+1	5492	88
CLDN4	0.042953	3.751079e+1	5493	107
CHRNA4	0.042946	3.750490e+1	5494	109
KPNA3	0.042944	3.750257e+1	5495	110
IVD	0.042941	3.749993e+1	5496	116
PIAS2	0.042936	3.749549e+1	5497	109
BBS10	0.042923	3.748438e+1	5498	103
BDP1	0.042882	3.744904e+1	5499	88
PROC	0.042869	3.743729e+1	5500	96
MGST3	0.042862	3.743138e+1	5501	84
PPL	0.042796	3.737312e+1	5502	100
LPAR3	0.042790	3.736791e+1	5503	105
GRM7	0.042771	3.735155e+1	5504	115
E2F7	0.042763	3.734470e+1	5505	123
CRHR1-2	0.042759	3.734142e+1	5506	111
COL8A1	0.042757	3.733928e+1	5507	114
RPUSD3	0.042756	3.733835e+1	5508	110
RAB35	0.042753	3.733561e+1	5509	108
BTF3L4	0.042750	3.733350e+1	5510	115
SUMO4	0.042750	3.733315e+1	5511	101
GGT7	0.042734	3.731964e+1	5512	86
CIT	0.042716	3.730389e+1	5513	123
ARPC1A	0.042714	3.730160e+1	5514	102
CD14	0.042711	3.729939e+1	5515	119
RSPH9	0.042710	3.729814e+1	5516	104
SSTR3	0.042707	3.729614e+1	5517	113
GBP5	0.042699	3.728850e+1	5518	118
CHCHD2	0.042696	3.728602e+1	5519	110
HOXB1	0.042673	3.726632e+1	5520	113
NUDT12	0.042665	3.725881e+1	5521	87
PTGDR2	0.042641	3.723812e+1	5522	119
ROM1	0.042639	3.723639e+1	5523	99
TEP1	0.042635	3.723274e+1	5524	99
HINT1	0.042628	3.722648e+1	5525	115
ATP1A2	0.042619	3.721931e+1	5526	102
ARHGEF11	0.042609	3.721008e+1	5527	97
MTCH2	0.042592	3.719552e+1	5528	111
UBA5	0.042584	3.718870e+1	5529	103
ID1	0.042567	3.717313e+1	5530	116
AGPAT1	0.042545	3.715472e+1	5531	93
FCER1A	0.042537	3.714755e+1	5532	119
NARS2	0.042523	3.713482e+1	5533	89
ATP6V0E1	0.042516	3.712865e+1	5534	89
TAF1L	0.042515	3.712813e+1	5535	90
GPR37	0.042504	3.711850e+1	5536	122
H2BW2	0.042495	3.711045e+1	5537	111
LRTOMT-2	0.042483	3.710060e+1	5538	96
SYCE1	0.042483	3.710007e+1	5539	109
POLG2	0.042477	3.709536e+1	5540	98
LIN7A	0.042459	3.707946e+1	5541	103
RBFOX1	0.042453	3.707395e+1	5542	125
CAPN3	0.042447	3.706875e+1	5543	108
NSFL1C	0.042435	3.705839e+1	5544	105
RNF43	0.042431	3.705478e+1	5545	98
RGS6	0.042415	3.704081e+1	5546	103
PEX14	0.042402	3.702911e+1	5547	93
NFYB	0.042396	3.702407e+1	5548	109
TMOD1	0.042394	3.702209e+1	5549	103
GRM8	0.042393	3.702124e+1	5550	120
PLA2G4C	0.042392	3.702110e+1	5551	91
GSTA4	0.042391	3.701953e+1	5552	79
SESN1	0.042389	3.701853e+1	5553	102
POLR3H	0.042362	3.699415e+1	5554	92
EIF4E2	0.042360	3.699247e+1	5555	94
IRF2	0.042343	3.697792e+1	5556	111
RGS11	0.042335	3.697070e+1	5557	105
TNNI1	0.042326	3.696288e+1	5558	94
SNRNP48	0.042315	3.695317e+1	5559	89
ACVR1B	0.042307	3.694654e+1	5560	97
RGS21	0.042280	3.692295e+1	5561	109
RIC1	0.042267	3.691118e+1	5562	105
AKR1C1	0.042253	3.689963e+1	5563	83
MYLK2	0.042248	3.689456e+1	5564	100
PYGO2	0.042247	3.689439e+1	5565	87
TMEM254	0.042240	3.688776e+1	5566	101
ATP6V0A4	0.042236	3.688487e+1	5567	80
TNNT1	0.042216	3.686707e+1	5568	96
DAD1	0.042209	3.686103e+1	5569	99
ACSL6	0.042205	3.685700e+1	5570	110
SGCD	0.042194	3.684799e+1	5571	98
CHERP	0.042187	3.684140e+1	5572	101
CTRL	0.042184	3.683921e+1	5573	118
H2AC19	0.042171	3.682748e+1	5574	78
NPRL2	0.042159	3.681749e+1	5575	92
MKS1	0.042158	3.681641e+1	5576	94
NCSTN	0.042143	3.680328e+1	5577	105
CYB5R4	0.042139	3.680000e+1	5578	123
PISD	0.042134	3.679570e+1	5579	97
DDX3Y	0.042128	3.679035e+1	5580	100
ATP6V0E2	0.042117	3.678088e+1	5581	90
DTNA	0.042105	3.676991e+1	5582	109
IL20RA	0.042099	3.676507e+1	5583	86
KCNE1	0.042090	3.675667e+1	5584	104
AP4S1	0.042088	3.675506e+1	5585	99
TARBP2	0.042075	3.674373e+1	5586	87
SUN1	0.042074	3.674304e+1	5587	98
INSIG1	0.042073	3.674177e+1	5588	105
SLC30A8	0.042068	3.673800e+1	5589	108
LY75	0.042061	3.673161e+1	5590	117
RNMT	0.042049	3.672146e+1	5591	97
SMG7	0.042049	3.672111e+1	5592	100
HDLBP	0.042048	3.672043e+1	5593	111
MUL1	0.042027	3.670218e+1	5594	117
SHANK1	0.042015	3.669135e+1	5595	102
VPS36	0.042006	3.668375e+1	5596	85
PTPRD	0.042000	3.667882e+1	5597	116
KLHL3	0.041998	3.667648e+1	5598	89
PPP2R3B	0.041996	3.667468e+1	5599	86
MPDZ	0.041983	3.666317e+1	5600	108
ME2	0.041975	3.665636e+1	5601	110
HTR5A	0.041968	3.665077e+1	5602	118
SEC11C	0.041964	3.664721e+1	5603	128
USH1C	0.041955	3.663943e+1	5604	103
STAMBPL1	0.041955	3.663910e+1	5605	113
MAP1S	0.041939	3.662481e+1	5606	102
RGS5	0.041930	3.661696e+1	5607	109
ARR3	0.041928	3.661551e+1	5608	113
CSTF1	0.041923	3.661133e+1	5609	94
MTRES1	0.041923	3.661084e+1	5610	77
BRPF1	0.041920	3.660877e+1	5611	97
CAPN1	0.041917	3.660553e+1	5612	106
FOXP2	0.041911	3.660071e+1	5613	121
HMG20B	0.041905	3.659556e+1	5614	110
MGST1	0.041905	3.659512e+1	5615	80
DGKQ	0.041897	3.658805e+1	5616	100
GALC	0.041893	3.658480e+1	5617	85
ASB6	0.041893	3.658472e+1	5618	111
WARS2	0.041892	3.658430e+1	5619	96
FOLH1	0.041881	3.657439e+1	5620	109
TRIB3	0.041877	3.657119e+1	5621	109
GRIK5	0.041873	3.656709e+1	5622	118
INTS4	0.041872	3.656663e+1	5623	88
VTA1	0.041864	3.655973e+1	5624	96
SLC9A3	0.041863	3.655856e+1	5625	107
CREB5	0.041842	3.654052e+1	5626	87
MIS18A	0.041840	3.653865e+1	5627	105
NRCAM	0.041836	3.653478e+1	5628	102
GEMIN2	0.041834	3.653347e+1	5629	101
DCAF10	0.041813	3.651530e+1	5630	97
TNFSF14	0.041798	3.650179e+1	5631	123
IGFBP2	0.041790	3.649480e+1	5632	114
MYF6	0.041776	3.648271e+1	5633	107
NUBPL	0.041762	3.647063e+1	5634	101
ZNF217	0.041757	3.646642e+1	5635	106
ARFGAP3	0.041757	3.646594e+1	5636	111
INTS2	0.041756	3.646505e+1	5637	91
CD93	0.041754	3.646391e+1	5638	122
C9	0.041744	3.645476e+1	5639	101
TIMM8A	0.041743	3.645359e+1	5640	102
NRL	0.041731	3.644361e+1	5641	105
SAP30L	0.041719	3.643302e+1	5642	100
KIF3C	0.041708	3.642369e+1	5643	109
NUTF2	0.041707	3.642280e+1	5644	102
PLA2G4D	0.041703	3.641868e+1	5645	89
SPAG1	0.041692	3.640948e+1	5646	99
BEST1	0.041690	3.640760e+1	5647	107
CACNA2D3	0.041683	3.640187e+1	5648	93
COPG2	0.041682	3.640081e+1	5649	100
RABGGTB	0.041682	3.640061e+1	5650	99
SIX3	0.041678	3.639704e+1	5651	115
PDE2A	0.041673	3.639260e+1	5652	82
ELP1	0.041669	3.638917e+1	5653	112
MECR	0.041662	3.638290e+1	5654	106
ADHFE1	0.041661	3.638274e+1	5655	115
DCUN1D4	0.041659	3.638074e+1	5656	113
NLRC5	0.041630	3.635497e+1	5657	110
PRKRA	0.041628	3.635357e+1	5658	96
OR2L13	0.041609	3.633655e+1	5659	118
PTPRZ1	0.041602	3.633047e+1	5660	113
MMP8	0.041588	3.631876e+1	5661	110
PPP2R3A	0.041586	3.631672e+1	5662	85
LIMD1	0.041583	3.631397e+1	5663	112
TAF1A	0.041575	3.630688e+1	5664	111
DNAAF4	0.041564	3.629739e+1	5665	100
MARK2	0.041557	3.629176e+1	5666	107
GP9	0.041555	3.628967e+1	5667	103
CACNA1I	0.041545	3.628117e+1	5668	94
ENTPD4	0.041541	3.627731e+1	5669	77
PLAA	0.041522	3.626130e+1	5670	103
GTF2I	0.041518	3.625776e+1	5671	101
RECQL	0.041515	3.625470e+1	5672	110
MATK	0.041513	3.625353e+1	5673	111
RNF111	0.041490	3.623265e+1	5674	105
MTMR1	0.041489	3.623243e+1	5675	107
DHDDS	0.041489	3.623236e+1	5676	109
OTOF	0.041482	3.622569e+1	5677	101
BPGM	0.041473	3.621847e+1	5678	97
LHX3	0.041470	3.621578e+1	5679	113
CCAR2	0.041466	3.621247e+1	5680	114
TRIM27	0.041453	3.620095e+1	5681	109
PRAME	0.041437	3.618687e+1	5682	102
CNGA1	0.041429	3.617978e+1	5683	91
RAB14	0.041426	3.617695e+1	5684	109
TXNDC5	0.041426	3.617677e+1	5685	112
EVPL	0.041424	3.617564e+1	5686	102
DNAH1	0.041419	3.617138e+1	5687	103
AUH	0.041417	3.616905e+1	5688	112
VPS11	0.041413	3.616576e+1	5689	103
CTNNA2	0.041412	3.616505e+1	5690	90
TWF1	0.041406	3.615993e+1	5691	99
HNRNPUL1	0.041403	3.615684e+1	5692	105
MT1E	0.041395	3.614990e+1	5693	111
HIF3A	0.041380	3.613682e+1	5694	116
CECR2	0.041376	3.613360e+1	5695	101
KXD1	0.041369	3.612743e+1	5696	108
TRMT1L	0.041360	3.611941e+1	5697	124
TRIM22	0.041355	3.611494e+1	5698	111
DHX40	0.041353	3.611320e+1	5699	119
DEFB103A	0.041352	3.611207e+1	5700	93
WNT10B	0.041348	3.610938e+1	5701	91
GAMT	0.041344	3.610523e+1	5702	109
ENTPD6	0.041337	3.609928e+1	5703	75
GSTM4	0.041336	3.609842e+1	5704	80
ELL2	0.041334	3.609685e+1	5705	78
FANCF	0.041323	3.608756e+1	5706	87
SIX1	0.041320	3.608494e+1	5707	114
SORBS1	0.041318	3.608309e+1	5708	92
POP1	0.041317	3.608226e+1	5709	89
RGS20	0.041316	3.608089e+1	5710	107
GPN1	0.041300	3.606668e+1	5711	94
NPY1R	0.041277	3.604721e+1	5712	110
YOD1	0.041276	3.604643e+1	5713	96
C1ORF131	0.041272	3.604294e+1	5714	71
SETBP1	0.041269	3.603980e+1	5715	107
NTSR1	0.041255	3.602761e+1	5716	105
NEFM	0.041250	3.602364e+1	5717	110
SYNRG	0.041237	3.601191e+1	5718	92
SPTLC2	0.041237	3.601178e+1	5719	89
SYT2	0.041227	3.600335e+1	5720	109
KPNA6	0.041219	3.599639e+1	5721	111
GRK1	0.041213	3.599100e+1	5722	105
IFIT5	0.041200	3.597983e+1	5723	99
ATP1B1	0.041196	3.597666e+1	5724	95
MOCS3	0.041184	3.596603e+1	5725	109
PKP1	0.041183	3.596515e+1	5726	100
MTHFD2L	0.041178	3.596019e+1	5727	98
AP1G2	0.041165	3.594924e+1	5728	88
JMJD6	0.041164	3.594792e+1	5729	112
NUDT2	0.041158	3.594310e+1	5730	79
CEP120	0.041153	3.593853e+1	5731	106
SENP8	0.041152	3.593814e+1	5732	106
F7	0.041146	3.593220e+1	5733	96
GET3	0.041132	3.591999e+1	5734	102
OPRD1	0.041098	3.589084e+1	5735	109
AIPL1	0.041087	3.588137e+1	5736	95
DBI	0.041084	3.587860e+1	5737	103
PGAM4	0.041074	3.586982e+1	5738	93
PIP4K2B	0.041069	3.586572e+1	5739	80
LYPLA1	0.041065	3.586218e+1	5740	98
GRPR	0.041049	3.584794e+1	5741	108
SRD5A2	0.041044	3.584316e+1	5742	90
DGKZ	0.041044	3.584311e+1	5743	90
NEFH	0.041036	3.583618e+1	5744	105
XCL2	0.041034	3.583464e+1	5745	92
HIBADH	0.041028	3.582985e+1	5746	106
APOBEC3F	0.041017	3.582005e+1	5747	101
URI1	0.041014	3.581732e+1	5748	93
L1TD1	0.041014	3.581711e+1	5749	120
UBE2E2	0.041013	3.581626e+1	5750	103
TEKT2	0.041006	3.581045e+1	5751	95
MYH8	0.041004	3.580851e+1	5752	88
APLP2	0.041002	3.580698e+1	5753	122
FPGS	0.040991	3.579734e+1	5754	103
LONP2	0.040987	3.579331e+1	5755	116
STOML1	0.040981	3.578813e+1	5756	131
RC3H2	0.040968	3.577687e+1	5757	115
AGL	0.040965	3.577460e+1	5758	90
OAZ1	0.040962	3.577206e+1	5759	124
C1QC	0.040958	3.576869e+1	5760	110
MTM1	0.040947	3.575866e+1	5761	85
FERMT2	0.040924	3.573853e+1	5762	103
GPR183	0.040920	3.573555e+1	5763	122
PTPN2	0.040910	3.572614e+1	5764	106
MYO18A	0.040885	3.570469e+1	5765	107
DCUN1D2	0.040866	3.568800e+1	5766	109
KLHL42	0.040862	3.568464e+1	5767	93
GSDMD	0.040862	3.568441e+1	5768	95
ALS2	0.040860	3.568289e+1	5769	104
ICAM3	0.040850	3.567408e+1	5770	113
EPB41L1	0.040850	3.567375e+1	5771	100
CAV2	0.040829	3.565557e+1	5772	99
GIGYF2	0.040828	3.565477e+1	5773	106
BAG4	0.040817	3.564496e+1	5774	109
GGT6	0.040808	3.563764e+1	5775	76
DCAF6	0.040808	3.563706e+1	5776	89
PIGA	0.040771	3.560520e+1	5777	95
COPG1	0.040769	3.560375e+1	5778	96
ZCRB1	0.040768	3.560217e+1	5779	95
TXNDC12	0.040762	3.559713e+1	5780	82
LIPG	0.040760	3.559564e+1	5781	93
KLF5	0.040755	3.559088e+1	5782	107
TEAD1	0.040753	3.558927e+1	5783	102
DIS3L	0.040748	3.558528e+1	5784	96
GRIN3A	0.040743	3.558060e+1	5785	99
ICOSLG	0.040739	3.557736e+1	5786	101
PLD4	0.040735	3.557383e+1	5787	79
ASXL2	0.040735	3.557372e+1	5788	100
SH2B1	0.040727	3.556680e+1	5789	103
GIPR	0.040720	3.556069e+1	5790	105
PATJ	0.040720	3.556031e+1	5791	93
PLK2	0.040719	3.555950e+1	5792	114
MUC7	0.040706	3.554850e+1	5793	108
SPRR3	0.040705	3.554757e+1	5794	99
KCNAB1	0.040693	3.553689e+1	5795	97
CAPZA3	0.040687	3.553139e+1	5796	117
U2AF1L4	0.040684	3.552925e+1	5797	115
NBAS	0.040682	3.552733e+1	5798	107
CD2BP2	0.040679	3.552446e+1	5799	92
HTR3A	0.040675	3.552099e+1	5800	94
ATN1	0.040674	3.552081e+1	5801	105
IL12B	0.040671	3.551781e+1	5802	90
ALDH6A1	0.040669	3.551635e+1	5803	90
CYP11B2	0.040669	3.551560e+1	5804	88
ASZ1	0.040667	3.551401e+1	5805	115
DPYSL3	0.040662	3.550966e+1	5806	105
CIB1	0.040655	3.550385e+1	5807	106
MUC4	0.040648	3.549790e+1	5808	112
STK24	0.040645	3.549517e+1	5809	78
THBS4	0.040642	3.549250e+1	5810	100
GUCY2F	0.040642	3.549202e+1	5811	89
SMG6	0.040638	3.548861e+1	5812	93
TNFSF9	0.040630	3.548178e+1	5813	102
CD200	0.040628	3.548027e+1	5814	114
ACAD8	0.040603	3.545836e+1	5815	111
GP1BB	0.040591	3.544771e+1	5816	101
MCM8-2	0.040585	3.544289e+1	5817	98
BLOC1S1	0.040561	3.542206e+1	5818	95
DCUN1D5	0.040553	3.541481e+1	5819	107
TEAD4	0.040551	3.541278e+1	5820	102
PCSK1	0.040541	3.540429e+1	5821	108
KISS1R	0.040527	3.539181e+1	5822	101
OST4	0.040519	3.538472e+1	5823	98
CIAO1	0.040518	3.538423e+1	5824	103
DCAF16	0.040513	3.538013e+1	5825	91
BID	0.040510	3.537709e+1	5826	77
MAGEA1	0.040509	3.537626e+1	5827	106
IKZF3	0.040506	3.537395e+1	5828	112
INPP5E	0.040493	3.536219e+1	5829	88
INTU	0.040489	3.535891e+1	5830	113
DNAJB13	0.040486	3.535633e+1	5831	120
NAIP	0.040480	3.535137e+1	5832	97
FABP3	0.040480	3.535111e+1	5833	118
ATG4B	0.040472	3.534389e+1	5834	91
SPRR1B	0.040469	3.534109e+1	5835	91
SNUPN	0.040450	3.532484e+1	5836	103
DCAF5	0.040439	3.531483e+1	5837	87
DOCK2	0.040417	3.529591e+1	5838	103
DLK1	0.040415	3.529459e+1	5839	113
LHX1	0.040400	3.528102e+1	5840	118
CDCA7	0.040392	3.527383e+1	5841	115
MTTP	0.040379	3.526287e+1	5842	104
AMELX	0.040375	3.525922e+1	5843	103
PLK3	0.040357	3.524314e+1	5844	110
CD8B	0.040355	3.524216e+1	5845	102
PNMA8B	0.040342	3.523078e+1	5846	116
GJB1	0.040331	3.522115e+1	5847	96
MICOS10	0.040316	3.520734e+1	5848	103
DCAF4	0.040311	3.520352e+1	5849	82
MLN	0.040310	3.520257e+1	5850	104
MTHFD1L	0.040305	3.519796e+1	5851	101
ZC3H14	0.040298	3.519173e+1	5852	107
CYP4F3	0.040281	3.517728e+1	5853	89
ATP23	0.040279	3.517586e+1	5854	91
ASAH1	0.040278	3.517419e+1	5855	80
GPBAR1	0.040274	3.517110e+1	5856	100
TNFRSF12A	0.040273	3.517020e+1	5857	111
WNT2B	0.040255	3.515489e+1	5858	91
ENSP00000480571	0.040255	3.515466e+1	5859	76
DDIT4	0.040243	3.514404e+1	5860	111
PRKRIP1	0.040236	3.513764e+1	5861	73
CD300A	0.040219	3.512287e+1	5862	120
COQ6	0.040200	3.510673e+1	5863	110
DCLRE1B	0.040197	3.510390e+1	5864	100
POLR2J3	0.040192	3.509936e+1	5865	92
CENPP	0.040183	3.509142e+1	5866	77
PARL	0.040180	3.508941e+1	5867	107
IFT80	0.040174	3.508338e+1	5868	89
KBTBD7	0.040171	3.508110e+1	5869	89
UEVLD	0.040171	3.508077e+1	5870	106
DMC1	0.040169	3.507936e+1	5871	103
SERPINE2	0.040163	3.507450e+1	5872	106
SUPT20H	0.040159	3.507044e+1	5873	71
GRM4	0.040158	3.506990e+1	5874	108
CAMKMT	0.040153	3.506565e+1	5875	89
CYP2J2	0.040149	3.506169e+1	5876	83
CYP2U1	0.040148	3.506081e+1	5877	94
ZFPM1	0.040132	3.504729e+1	5878	102
CETN3	0.040129	3.504472e+1	5879	107
PODXL	0.040127	3.504229e+1	5880	114
SLC25A1	0.040120	3.503697e+1	5881	110
CACNA1E	0.040116	3.503347e+1	5882	90
BAG6	0.040116	3.503326e+1	5883	100
PLA2G4B	0.040115	3.503242e+1	5884	83
WIF1	0.040110	3.502786e+1	5885	91
IRS4	0.040104	3.502291e+1	5886	82
MSRA	0.040099	3.501832e+1	5887	116
SLC2A3	0.040092	3.501228e+1	5888	118
TGS1	0.040087	3.500806e+1	5889	111
DOHH	0.040078	3.499973e+1	5890	105
PLA2G4E	0.040051	3.497644e+1	5891	86
N6AMT1	0.040039	3.496575e+1	5892	95
LIN7C	0.040026	3.495430e+1	5893	99
GORASP2	0.040025	3.495375e+1	5894	106
ACP1	0.040018	3.494754e+1	5895	110
ME3	0.040002	3.493375e+1	5896	105
WIPF2	0.039979	3.491354e+1	5897	113
RAB5B	0.039975	3.491005e+1	5898	100
SULT1E1	0.039956	3.489313e+1	5899	80
NPC1	0.039953	3.489076e+1	5900	105
PREB	0.039944	3.488320e+1	5901	97
EXOC8	0.039931	3.487145e+1	5902	93
MICB	0.039927	3.486777e+1	5903	101
SMAD9	0.039924	3.486555e+1	5904	95
RUNX1T1	0.039923	3.486432e+1	5905	105
CEP170	0.039922	3.486411e+1	5906	103
ABCC4	0.039921	3.486245e+1	5907	107
KNSTRN	0.039887	3.483287e+1	5908	106
EPHA4	0.039882	3.482909e+1	5909	97
HAUS1	0.039853	3.480337e+1	5910	101
KDM4C	0.039842	3.479419e+1	5911	104
DMRT1	0.039842	3.479384e+1	5912	106
BACH2	0.039825	3.477922e+1	5913	105
CCDC151	0.039825	3.477904e+1	5914	95
MBD2	0.039810	3.476561e+1	5915	88
ROMO1	0.039809	3.476461e+1	5916	98
NAP1L1	0.039799	3.475593e+1	5917	109
PLA2G12B	0.039779	3.473860e+1	5918	90
RGS2	0.039775	3.473550e+1	5919	99
MUC13	0.039772	3.473266e+1	5920	113
L3MBTL2	0.039764	3.472581e+1	5921	99
RGPD2	0.039760	3.472216e+1	5922	94
H2AB2	0.039757	3.471941e+1	5923	83
RABGGTA	0.039755	3.471764e+1	5924	95
COL6A5	0.039751	3.471421e+1	5925	100
RAB9A	0.039749	3.471298e+1	5926	96
DEPDC5	0.039738	3.470298e+1	5927	86
TAF1D	0.039736	3.470097e+1	5928	114
CPB2	0.039724	3.469085e+1	5929	100
SNAPC4	0.039720	3.468770e+1	5930	104
NEDD1	0.039707	3.467635e+1	5931	96
SRGAP2	0.039695	3.466517e+1	5932	106
RHOJ	0.039677	3.465003e+1	5933	102
UNC13A	0.039677	3.464987e+1	5934	100
WDR41	0.039654	3.463007e+1	5935	105
UBLCP1	0.039647	3.462386e+1	5936	100
ECH1	0.039645	3.462170e+1	5937	113
CDK11B	0.039644	3.462057e+1	5938	111
HAUS8	0.039637	3.461475e+1	5939	102
SOX4	0.039633	3.461125e+1	5940	114
SLC12A2	0.039630	3.460908e+1	5941	104
OR7D4	0.039627	3.460612e+1	5942	109
ASPN	0.039599	3.458140e+1	5943	106
FKBP10	0.039597	3.457997e+1	5944	107
ILVBL	0.039596	3.457866e+1	5945	103
KIF21A	0.039585	3.456947e+1	5946	98
FDXACB1	0.039578	3.456301e+1	5947	115
TMEM126B	0.039568	3.455433e+1	5948	79
GSTA3	0.039554	3.454274e+1	5949	72
WDR6	0.039551	3.453958e+1	5950	111
HAUS2	0.039531	3.452181e+1	5951	101
UBXN1	0.039529	3.452045e+1	5952	85
ADM	0.039528	3.452002e+1	5953	100
NPY2R	0.039519	3.451195e+1	5954	105
FOXL2	0.039516	3.450918e+1	5955	103
DDX60L	0.039516	3.450897e+1	5956	114
PARVG	0.039509	3.450330e+1	5957	100
PTH1R	0.039505	3.449986e+1	5958	94
SPTLC3	0.039491	3.448701e+1	5959	84
GLA	0.039487	3.448402e+1	5960	91
SNAPC3	0.039487	3.448370e+1	5961	99
FCHO1	0.039482	3.447982e+1	5962	90
UBE2G2	0.039467	3.446670e+1	5963	92
SARS2-2	0.039462	3.446232e+1	5964	86
CCL28	0.039454	3.445540e+1	5965	77
NCOA4	0.039433	3.443683e+1	5966	106
RALB	0.039420	3.442567e+1	5967	98
JOSD2	0.039418	3.442381e+1	5968	111
VPS37A	0.039417	3.442230e+1	5969	90
MBTD1	0.039416	3.442161e+1	5970	79
LAIR1	0.039415	3.442106e+1	5971	116
ACTN3	0.039414	3.442018e+1	5972	96
COL8A2	0.039410	3.441632e+1	5973	99
QPRT	0.039402	3.440940e+1	5974	95
PCDH15	0.039385	3.439437e+1	5975	103
ZPR1	0.039362	3.437453e+1	5976	110
BRD9	0.039353	3.436684e+1	5977	80
ZNF143	0.039350	3.436390e+1	5978	102
DDA1	0.039341	3.435639e+1	5979	78
TULP1	0.039335	3.435112e+1	5980	86
MTMR2	0.039313	3.433155e+1	5981	84
ALDH3B2	0.039304	3.432421e+1	5982	86
MAPKAP1	0.039296	3.431672e+1	5983	93
ETS2	0.039295	3.431621e+1	5984	107
EIF2B4	0.039293	3.431423e+1	5985	105
AP3M1	0.039280	3.430296e+1	5986	105
ISG20	0.039279	3.430193e+1	5987	101
GINS3	0.039274	3.429791e+1	5988	82
UBE2F	0.039272	3.429579e+1	5989	97
H1-3	0.039263	3.428813e+1	5990	99
CC2D2A	0.039257	3.428266e+1	5991	90
GRB7	0.039253	3.427926e+1	5992	101
GABRA5	0.039253	3.427911e+1	5993	102
CNOT6L	0.039249	3.427594e+1	5994	90
NEUROG1	0.039247	3.427417e+1	5995	113
PIPOX	0.039245	3.427232e+1	5996	101
MS4A2	0.039243	3.427070e+1	5997	104
PRICKLE1	0.039235	3.426371e+1	5998	114
YTHDF3	0.039221	3.425185e+1	5999	96
HHEX	0.039206	3.423835e+1	6000	106
PTN	0.039201	3.423435e+1	6001	107
CEACAM1	0.039200	3.423336e+1	6002	111
FAM83D	0.039191	3.422553e+1	6003	96
PARVB	0.039188	3.422275e+1	6004	84
COL16A1	0.039184	3.421890e+1	6005	97
ERC1	0.039181	3.421636e+1	6006	101
TTC25	0.039164	3.420138e+1	6007	104
NEK9	0.039161	3.419932e+1	6008	109
RHOH	0.039156	3.419444e+1	6009	102
MSMO1	0.039146	3.418635e+1	6010	90
GHRHR	0.039137	3.417791e+1	6011	96
ANKRD45	0.039130	3.417175e+1	6012	119
GNRHR	0.039129	3.417118e+1	6013	102
APOM	0.039127	3.416898e+1	6014	87
MT-ATP8	0.039124	3.416708e+1	6015	71
L3MBTL1	0.039109	3.415378e+1	6016	87
TST	0.039107	3.415195e+1	6017	93
JOSD1	0.039100	3.414588e+1	6018	110
GADD45B	0.039094	3.414063e+1	6019	98
CACNG5	0.039093	3.413997e+1	6020	85
ALDH1L1	0.039087	3.413411e+1	6021	110
RAB6B	0.039085	3.413311e+1	6022	99
MYO1F	0.039084	3.413219e+1	6023	111
TDGF1	0.039076	3.412458e+1	6024	93
ACTG2	0.039074	3.412342e+1	6025	97
BAG5	0.039074	3.412282e+1	6026	98
ATF6B	0.039064	3.411413e+1	6027	83
WNT6	0.039061	3.411210e+1	6028	87
APOBEC3C	0.039050	3.410230e+1	6029	95
SMYD3	0.039049	3.410099e+1	6030	95
MDH1B	0.039047	3.409952e+1	6031	106
UMOD	0.039045	3.409773e+1	6032	107
KLK2	0.039043	3.409570e+1	6033	104
SDE2	0.039042	3.409498e+1	6034	75
FCHO2	0.039027	3.408192e+1	6035	90
HSD17B6	0.039019	3.407552e+1	6036	68
CERS2	0.039015	3.407157e+1	6037	70
JAM3	0.039009	3.406623e+1	6038	98
SLC7A5	0.039008	3.406547e+1	6039	109
CYP2S1	0.038978	3.403915e+1	6040	78
WDR1	0.038973	3.403531e+1	6041	107
PLA2G4F	0.038960	3.402341e+1	6042	82
REELD1	0.038949	3.401395e+1	6043	87
IGBP1	0.038941	3.400699e+1	6044	98
MAGEA3	0.038936	3.400269e+1	6045	100
AP3D1	0.038931	3.399839e+1	6046	89
TAS1R2	0.038928	3.399585e+1	6047	91
EAF2	0.038928	3.399542e+1	6048	67
YAF2	0.038927	3.399444e+1	6049	75
EPHB1	0.038925	3.399277e+1	6050	98
COL6A6	0.038920	3.398868e+1	6051	100
FBLN1	0.038913	3.398226e+1	6052	101
PLA2G2D	0.038910	3.397991e+1	6053	85
GSTM5	0.038910	3.397973e+1	6054	70
LAPTM5	0.038904	3.397431e+1	6055	100
P3H3	0.038903	3.397356e+1	6056	108
BSCL2	0.038876	3.394988e+1	6057	104
HES5	0.038875	3.394931e+1	6058	103
IFT46	0.038864	3.393994e+1	6059	89
FIG4	0.038861	3.393694e+1	6060	90
MLYCD	0.038857	3.393342e+1	6061	96
TAPBP	0.038849	3.392707e+1	6062	94
LCP1	0.038836	3.391500e+1	6063	110
CNTLN	0.038833	3.391302e+1	6064	101
SHBG	0.038833	3.391298e+1	6065	102
USP2	0.038831	3.391084e+1	6066	102
PTPN13	0.038827	3.390766e+1	6067	103
JCHAIN	0.038822	3.390327e+1	6068	99
DNAJB2	0.038818	3.389924e+1	6069	108
CNOT8	0.038804	3.388750e+1	6070	85
SH2B3	0.038804	3.388749e+1	6071	100
LGSN	0.038797	3.388104e+1	6072	107
FASTKD2	0.038793	3.387775e+1	6073	97
CCL3L1	0.038792	3.387722e+1	6074	89
PTK6	0.038788	3.387336e+1	6075	93
RYK	0.038779	3.386541e+1	6076	88
VCPIP1	0.038779	3.386532e+1	6077	104
HAUS5	0.038778	3.386447e+1	6078	102
TBC1D7	0.038764	3.385241e+1	6079	91
IFT52	0.038764	3.385203e+1	6080	85
CD207	0.038763	3.385115e+1	6081	107
RTTN	0.038757	3.384592e+1	6082	116
KCNN3	0.038734	3.382646e+1	6083	95
LPCAT3	0.038731	3.382399e+1	6084	91
THOC7	0.038731	3.382330e+1	6085	96
NR2F2	0.038721	3.381510e+1	6086	108
DLX2	0.038718	3.381225e+1	6087	110
TRAPPC9	0.038718	3.381187e+1	6088	90
SLIT2	0.038710	3.380551e+1	6089	101
SEPTIN9	0.038708	3.380391e+1	6090	99
PARD6A	0.038705	3.380053e+1	6091	93
RBM4	0.038696	3.379325e+1	6092	99
ENKUR	0.038675	3.377439e+1	6093	84
HGH1	0.038672	3.377224e+1	6094	106
ARPC4	0.038671	3.377158e+1	6095	85
GTF2H2C	0.038665	3.376602e+1	6096	93
FKBP1B	0.038657	3.375873e+1	6097	97
EIF2B5	0.038655	3.375700e+1	6098	99
PTX3	0.038654	3.375624e+1	6099	100
RBM3	0.038646	3.374943e+1	6100	114
CNTRL	0.038644	3.374733e+1	6101	102
PEMT	0.038640	3.374407e+1	6102	85
METTL27	0.038639	3.374326e+1	6103	116
ROBO2	0.038635	3.373976e+1	6104	98
ALG12	0.038633	3.373762e+1	6105	95
MTF2	0.038627	3.373315e+1	6106	90
PPM1G	0.038620	3.372625e+1	6107	109
IL20RB	0.038591	3.370134e+1	6108	78
UGGT1	0.038580	3.369197e+1	6109	98
CYP21A2	0.038580	3.369156e+1	6110	89
PRMT3	0.038574	3.368687e+1	6111	111
PRPF40B	0.038569	3.368247e+1	6112	78
IBA57	0.038566	3.367916e+1	6113	89
LLPH	0.038563	3.367662e+1	6114	74
TLE4	0.038563	3.367661e+1	6115	93
SEC22A	0.038562	3.367578e+1	6116	95
PPP3R2	0.038555	3.366961e+1	6117	82
TNFRSF17	0.038554	3.366941e+1	6118	101
WNT5B	0.038553	3.366851e+1	6119	82
SLC7A11	0.038552	3.366739e+1	6120	106
NPAS2	0.038539	3.365600e+1	6121	85
GALK1	0.038529	3.364675e+1	6122	107
PGM5	0.038527	3.364521e+1	6123	95
APOD	0.038519	3.363813e+1	6124	99
BABAM1	0.038512	3.363204e+1	6125	97
PPP1R3A	0.038502	3.362340e+1	6126	93
TNFRSF11A	0.038496	3.361799e+1	6127	112
TPRN	0.038491	3.361364e+1	6128	93
INO80E	0.038484	3.360809e+1	6129	90
CNDP2	0.038478	3.360239e+1	6130	90
AHCTF1	0.038459	3.358641e+1	6131	82
GABRD	0.038459	3.358624e+1	6132	96
NTPCR	0.038458	3.358555e+1	6133	74
MPND	0.038453	3.358081e+1	6134	99
UGP2	0.038444	3.357319e+1	6135	91
GNPDA2	0.038435	3.356485e+1	6136	90
KLHL21	0.038435	3.356473e+1	6137	83
P3H1	0.038425	3.355644e+1	6138	91
ECHDC2	0.038422	3.355343e+1	6139	111
GK	0.038419	3.355099e+1	6140	99
TAF1B	0.038404	3.353830e+1	6141	104
IFT27	0.038404	3.353766e+1	6142	85
IL22RA2	0.038401	3.353558e+1	6143	82
FAM32A	0.038397	3.353176e+1	6144	72
FBXL3	0.038385	3.352151e+1	6145	102
CNOT10	0.038380	3.351699e+1	6146	94
POLR2J2	0.038375	3.351309e+1	6147	88
OTUD5	0.038364	3.350303e+1	6148	103
TTC4	0.038359	3.349841e+1	6149	108
HYDIN	0.038357	3.349733e+1	6150	98
ACSS3	0.038352	3.349284e+1	6151	101
BBS5	0.038339	3.348099e+1	6152	88
WAC	0.038328	3.347150e+1	6153	100
HOXA2	0.038325	3.346886e+1	6154	107
EFHC2	0.038319	3.346365e+1	6155	83
PTBP2	0.038317	3.346213e+1	6156	97
DGKE	0.038314	3.345925e+1	6157	86
MRPS36	0.038313	3.345822e+1	6158	77
PSTPIP1	0.038308	3.345442e+1	6159	106
RNF41	0.038299	3.344661e+1	6160	97
IST1	0.038299	3.344603e+1	6161	85
RAB13	0.038295	3.344297e+1	6162	92
RIBC2	0.038294	3.344177e+1	6163	83
CHCHD10	0.038278	3.342763e+1	6164	94
MASP2	0.038277	3.342688e+1	6165	91
GRSF1	0.038276	3.342619e+1	6166	103
MCF2	0.038273	3.342350e+1	6167	90
PFDN4	0.038270	3.342087e+1	6168	92
SC5D	0.038263	3.341452e+1	6169	83
ABCC1	0.038259	3.341182e+1	6170	117
FEM1B	0.038257	3.340997e+1	6171	89
SOCS6	0.038250	3.340363e+1	6172	92
CLEC12A	0.038243	3.339768e+1	6173	108
KDELR1	0.038240	3.339481e+1	6174	96
CIAPIN1	0.038228	3.338441e+1	6175	98
GATM	0.038204	3.336334e+1	6176	78
GK2	0.038181	3.334346e+1	6177	99
ACVRL1	0.038178	3.334028e+1	6178	93
GLOD4	0.038164	3.332802e+1	6179	116
GSTA5	0.038151	3.331748e+1	6180	71
KLHL9	0.038150	3.331594e+1	6181	77
PRSS1	0.038147	3.331318e+1	6182	98
TRAPPC1	0.038144	3.331139e+1	6183	84
ZMAT5	0.038144	3.331060e+1	6184	79
NECTIN1	0.038142	3.330940e+1	6185	93
THOC3	0.038138	3.330588e+1	6186	91
IFI27	0.038119	3.328922e+1	6187	87
CNP	0.038106	3.327746e+1	6188	105
KIF13A	0.038074	3.325012e+1	6189	107
ALG5	0.038070	3.324662e+1	6190	100
PTPRS	0.038070	3.324654e+1	6191	91
PHF19	0.038064	3.324108e+1	6192	87
BICD2	0.038060	3.323772e+1	6193	91
CDKAL1	0.038059	3.323651e+1	6194	103
C4BPA	0.038059	3.323630e+1	6195	101
REEP1	0.038055	3.323334e+1	6196	106
SGCA	0.038048	3.322691e+1	6197	90
TMED7-TICAM2	0.038045	3.322428e+1	6198	101
ARHGAP35	0.038039	3.321930e+1	6199	88
KCNJ12	0.038037	3.321722e+1	6200	96
BMP15	0.038032	3.321292e+1	6201	100
KLHL13	0.038029	3.321091e+1	6202	78
MIS18BP1	0.038026	3.320809e+1	6203	89
KIR2DL3	0.038026	3.320796e+1	6204	86
OR11A1	0.038025	3.320726e+1	6205	107
GOPC	0.038021	3.320315e+1	6206	100
CDH3	0.038004	3.318899e+1	6207	95
UPF3A	0.038000	3.318517e+1	6208	75
GUCY2C	0.037994	3.318004e+1	6209	82
ADRA1D	0.037994	3.317962e+1	6210	98
TONSL	0.037985	3.317173e+1	6211	90
LPIN2	0.037973	3.316153e+1	6212	80
HAUS3	0.037972	3.316092e+1	6213	99
TCHH	0.037969	3.315797e+1	6214	99
DPM2	0.037966	3.315529e+1	6215	81
RPP25	0.037962	3.315202e+1	6216	72
RPS6KA2	0.037955	3.314575e+1	6217	93
KIFC2	0.037954	3.314499e+1	6218	98
VPS4B	0.037953	3.314452e+1	6219	84
SH2D3A	0.037949	3.314107e+1	6220	96
CA2	0.037947	3.313881e+1	6221	98
PLXNA4	0.037944	3.313639e+1	6222	86
ICE2	0.037943	3.313583e+1	6223	72
MAGT1	0.037936	3.312975e+1	6224	89
CH25H	0.037933	3.312674e+1	6225	92
RNGTT	0.037921	3.311584e+1	6226	97
ALG11	0.037915	3.311091e+1	6227	100
ALOX12	0.037911	3.310764e+1	6228	82
NMB	0.037907	3.310408e+1	6229	103
GZMH	0.037906	3.310323e+1	6230	99
KYAT1	0.037891	3.309044e+1	6231	78
GYPB	0.037890	3.308886e+1	6232	91
TAC3	0.037877	3.307736e+1	6233	93
CORT	0.037872	3.307340e+1	6234	94
ATP13A2	0.037868	3.307005e+1	6235	96
K7EMT4_HUMAN	0.037867	3.306869e+1	6236	84
APOBEC3B	0.037866	3.306853e+1	6237	94
NR1H2	0.037866	3.306802e+1	6238	91
HOXC4	0.037842	3.304738e+1	6239	100
SLC5A1	0.037842	3.304690e+1	6240	102
POLM	0.037835	3.304107e+1	6241	93
RASSF5	0.037834	3.304063e+1	6242	77
PEX19	0.037818	3.302601e+1	6243	78
LRP8	0.037815	3.302330e+1	6244	96
DYSF	0.037810	3.301929e+1	6245	90
PRORP	0.037794	3.300541e+1	6246	87
FFAR2	0.037779	3.299198e+1	6247	101
PRDX5	0.037775	3.298884e+1	6248	100
BCAN	0.037753	3.296962e+1	6249	97
EGLN2	0.037747	3.296465e+1	6250	91
PIN1	0.037736	3.295498e+1	6251	102
DKK2	0.037721	3.294134e+1	6252	85
TRAPPC3	0.037719	3.293967e+1	6253	79
PDE4C-2	0.037718	3.293902e+1	6254	82
JMJD7-PLA2G4B	0.037718	3.293858e+1	6255	80
FAM161A	0.037716	3.293696e+1	6256	96
ATP2B4	0.037716	3.293694e+1	6257	100
COX7A2L	0.037715	3.293646e+1	6258	75
TRPV5	0.037702	3.292505e+1	6259	90
XYLB	0.037697	3.292038e+1	6260	97
SHC3	0.037689	3.291372e+1	6261	75
KLRF1	0.037679	3.290502e+1	6262	95
WNT8A	0.037671	3.289795e+1	6263	83
TEKT3	0.037667	3.289476e+1	6264	82
RGS3	0.037657	3.288586e+1	6265	96
SUPV3L1	0.037653	3.288244e+1	6266	89
BST1	0.037647	3.287677e+1	6267	104
CACNG6	0.037646	3.287645e+1	6268	74
TWF2	0.037645	3.287541e+1	6269	85
PLXNA2	0.037643	3.287380e+1	6270	92
INPP5B	0.037642	3.287257e+1	6271	77
HPR	0.037632	3.286392e+1	6272	85
GIPC1	0.037625	3.285737e+1	6273	100
LGALS9C	0.037623	3.285563e+1	6274	93
ERI1	0.037621	3.285390e+1	6275	110
C19ORF54	0.037620	3.285355e+1	6276	84
FOLR1	0.037620	3.285308e+1	6277	109
FBXO6	0.037612	3.284663e+1	6278	111
CASP14	0.037604	3.283932e+1	6279	106
HNMT	0.037603	3.283871e+1	6280	99
MCOLN1	0.037600	3.283626e+1	6281	96
PMM2	0.037595	3.283178e+1	6282	90
KLHL25	0.037595	3.283113e+1	6283	84
SMYD2	0.037592	3.282880e+1	6284	103
GTF3C1	0.037587	3.282461e+1	6285	91
IL15RA	0.037576	3.281469e+1	6286	99
HSD17B2	0.037553	3.279497e+1	6287	77
VSX2	0.037553	3.279469e+1	6288	107
RGS8	0.037550	3.279248e+1	6289	97
ACOT8	0.037547	3.278993e+1	6290	101
IFT74	0.037537	3.278060e+1	6291	80
SEC23B	0.037534	3.277860e+1	6292	88
LY75-CD302	0.037531	3.277591e+1	6293	102
OR2A7	0.037529	3.277423e+1	6294	104
TRPM8	0.037527	3.277210e+1	6295	99
RND3	0.037512	3.275898e+1	6296	96
ING4	0.037502	3.275072e+1	6297	74
RBL1	0.037493	3.274251e+1	6298	75
MYH4	0.037491	3.274047e+1	6299	88
RGS12	0.037489	3.273856e+1	6300	96
TNFRSF13B	0.037488	3.273787e+1	6301	97
OR2M7	0.037472	3.272415e+1	6302	105
GGPS1	0.037467	3.272011e+1	6303	89
TMC1	0.037467	3.271978e+1	6304	93
HMGA1	0.037467	3.271945e+1	6305	96
HORMAD1	0.037461	3.271428e+1	6306	97
CPT1C	0.037458	3.271161e+1	6307	97
WNT8B	0.037452	3.270699e+1	6308	82
CDH11	0.037449	3.270369e+1	6309	99
CREB3L4	0.037445	3.270089e+1	6310	76
ELAVL4	0.037443	3.269900e+1	6311	108
NUDT15	0.037428	3.268530e+1	6312	94
SPRY2	0.037419	3.267784e+1	6313	98
AOC1	0.037413	3.267276e+1	6314	102
CD82	0.037403	3.266397e+1	6315	92
WNT9B	0.037396	3.265803e+1	6316	88
SEPTIN5	0.037393	3.265541e+1	6317	92
SMYD1	0.037385	3.264775e+1	6318	112
SPTBN4	0.037377	3.264105e+1	6319	90
PTPN23	0.037376	3.264043e+1	6320	99
TOP3B	0.037372	3.263657e+1	6321	100
PARG	0.037360	3.262656e+1	6322	93
ALG2	0.037351	3.261845e+1	6323	94
AP5Z1	0.037351	3.261828e+1	6324	82
APOBEC3A	0.037350	3.261718e+1	6325	91
FERMT3	0.037344	3.261207e+1	6326	94
TXNL1	0.037342	3.261096e+1	6327	103
TRMT5	0.037336	3.260536e+1	6328	99
NME5	0.037333	3.260235e+1	6329	112
SPRR2B	0.037323	3.259379e+1	6330	85
BAD	0.037294	3.256894e+1	6331	74
KIF27	0.037294	3.256823e+1	6332	97
MAMLD1	0.037281	3.255700e+1	6333	103
TRAF3IP1	0.037265	3.254329e+1	6334	79
CHAC1	0.037260	3.253876e+1	6335	81
TDP1	0.037235	3.251709e+1	6336	88
USP49	0.037234	3.251597e+1	6337	105
PARVA	0.037224	3.250786e+1	6338	81
PARP14	0.037224	3.250779e+1	6339	88
ZIC1	0.037217	3.250167e+1	6340	114
UBE2O	0.037214	3.249908e+1	6341	109
BATF3	0.037212	3.249665e+1	6342	99
PDLIM7	0.037207	3.249293e+1	6343	102
TRAPPC8	0.037206	3.249213e+1	6344	88
SLC12A1	0.037195	3.248191e+1	6345	98
TSSC4	0.037188	3.247644e+1	6346	82
IGFBP5	0.037160	3.245127e+1	6347	100
GCNT1	0.037160	3.245125e+1	6348	85
ACSF3	0.037151	3.244371e+1	6349	97
DCLK1	0.037138	3.243235e+1	6350	107
GTPBP8	0.037138	3.243203e+1	6351	88
ADIPOR1	0.037133	3.242786e+1	6352	101
FBXW2	0.037126	3.242155e+1	6353	106
OR11H4	0.037125	3.242075e+1	6354	103
GBP2	0.037124	3.242007e+1	6355	100
NLGN4Y	0.037116	3.241306e+1	6356	87
AACS	0.037112	3.240946e+1	6357	102
SMPD2	0.037110	3.240826e+1	6358	72
SEC23IP	0.037106	3.240405e+1	6359	99
KIN	0.037100	3.239932e+1	6360	66
ANXA8	0.037087	3.238750e+1	6361	101
RBP4	0.037076	3.237863e+1	6362	97
CERKL	0.037075	3.237783e+1	6363	83
BBS9	0.037075	3.237782e+1	6364	89
POMP	0.037074	3.237647e+1	6365	76
GALM	0.037073	3.237551e+1	6366	91
ABCC3	0.037072	3.237519e+1	6367	107
MC1R	0.037044	3.235050e+1	6368	88
RALGDS	0.037040	3.234694e+1	6369	80
CNOT9	0.037016	3.232618e+1	6370	80
ACKR3	0.037001	3.231255e+1	6371	87
PJVK	0.036992	3.230498e+1	6372	97
AKAP7	0.036975	3.228995e+1	6373	87
CASQ1	0.036974	3.228910e+1	6374	92
DHRS4	0.036966	3.228187e+1	6375	95
VPS51	0.036961	3.227773e+1	6376	89
CFAP45	0.036954	3.227204e+1	6377	79
FOXP1-2	0.036943	3.226205e+1	6378	107
COX14	0.036941	3.226035e+1	6379	91
HIRA	0.036926	3.224763e+1	6380	89
DCAF8	0.036919	3.224141e+1	6381	78
AQP1	0.036917	3.223967e+1	6382	104
MDK	0.036914	3.223685e+1	6383	98
TJP3	0.036908	3.223167e+1	6384	80
FLOT2	0.036904	3.222837e+1	6385	106
ALMS1	0.036901	3.222565e+1	6386	110
NDN	0.036893	3.221806e+1	6387	98
CXCL14	0.036889	3.221487e+1	6388	77
PDSS2	0.036888	3.221437e+1	6389	90
ADD2	0.036881	3.220767e+1	6390	87
TWNK	0.036877	3.220470e+1	6391	89
NADSYN1	0.036849	3.218024e+1	6392	85
TMOD3	0.036848	3.217930e+1	6393	86
TRAPPC4	0.036843	3.217465e+1	6394	80
LTBP2	0.036841	3.217275e+1	6395	103
M6PR	0.036827	3.216120e+1	6396	99
ALG1	0.036827	3.216118e+1	6397	91
SUN2	0.036827	3.216113e+1	6398	89
DHRS11	0.036826	3.216013e+1	6399	91
NFASC	0.036826	3.215968e+1	6400	89
PHF12	0.036825	3.215887e+1	6401	85
ODF2	0.036823	3.215691e+1	6402	95
MAPK8IP1	0.036815	3.215058e+1	6403	88
MIOS	0.036810	3.214639e+1	6404	84
FUT2	0.036806	3.214257e+1	6405	87
RTP4	0.036804	3.214036e+1	6406	85
FBLN5	0.036801	3.213804e+1	6407	94
TRAK1	0.036800	3.213735e+1	6408	97
PLA2G2E	0.036796	3.213386e+1	6409	79
NEDD9	0.036791	3.212948e+1	6410	95
CFAP20	0.036773	3.211387e+1	6411	78
SIRT4	0.036770	3.211145e+1	6412	89
BHLHE40	0.036769	3.211047e+1	6413	93
NPHP3	0.036764	3.210560e+1	6414	91
CASP4	0.036748	3.209173e+1	6415	93
RAD1	0.036743	3.208715e+1	6416	79
WAPL	0.036742	3.208618e+1	6417	85
CLASP1	0.036737	3.208188e+1	6418	96
RHOD	0.036736	3.208129e+1	6419	93
TAZ	0.036735	3.208044e+1	6420	97
PLPP5	0.036734	3.207960e+1	6421	65
KMT5B	0.036724	3.207110e+1	6422	97
PPM1B	0.036720	3.206759e+1	6423	99
SFTPC	0.036719	3.206694e+1	6424	93
MTUS1	0.036713	3.206108e+1	6425	104
LPCAT2	0.036707	3.205647e+1	6426	76
SPRR1A	0.036706	3.205513e+1	6427	83
CEP131	0.036699	3.204872e+1	6428	100
SLC12A3	0.036684	3.203575e+1	6429	93
MLLT10	0.036675	3.202834e+1	6430	92
IL1RL1	0.036675	3.202814e+1	6431	97
NIPSNAP2	0.036674	3.202699e+1	6432	114
CES1	0.036664	3.201816e+1	6433	83
LHPP	0.036645	3.200219e+1	6434	86
RIOK3	0.036638	3.199595e+1	6435	99
HOMER3	0.036635	3.199346e+1	6436	96
HES1	0.036621	3.198094e+1	6437	79
NPHS2	0.036610	3.197119e+1	6438	89
CCNG1	0.036602	3.196428e+1	6439	106
AHCYL1	0.036601	3.196382e+1	6440	89
SMUG1	0.036596	3.195920e+1	6441	98
PTPN12	0.036594	3.195750e+1	6442	93
RHOU	0.036592	3.195600e+1	6443	97
B3GAT2	0.036591	3.195500e+1	6444	89
PTGER1	0.036589	3.195284e+1	6445	95
DLX5	0.036586	3.195016e+1	6446	99
ELP2	0.036585	3.194910e+1	6447	81
TRMT2B	0.036579	3.194413e+1	6448	106
CFAP126	0.036564	3.193142e+1	6449	79
GALNT2	0.036564	3.193108e+1	6450	105
AGPS	0.036559	3.192691e+1	6451	91
ALKBH1	0.036546	3.191553e+1	6452	88
CRMP1	0.036530	3.190180e+1	6453	100
RNF146	0.036519	3.189161e+1	6454	105
DMGDH	0.036512	3.188615e+1	6455	92
SLAMF7	0.036493	3.186932e+1	6456	105
CASP10	0.036491	3.186711e+1	6457	82
RRBP1	0.036490	3.186695e+1	6458	103
GYPC	0.036484	3.186163e+1	6459	93
WBP2	0.036484	3.186146e+1	6460	92
KCNAB3	0.036484	3.186096e+1	6461	89
CEP63	0.036481	3.185909e+1	6462	96
S100A1	0.036475	3.185368e+1	6463	92
AUP1	0.036463	3.184305e+1	6464	92
FRG1	0.036462	3.184231e+1	6465	72
FBXL5	0.036455	3.183586e+1	6466	102
ATP6V1G3	0.036451	3.183210e+1	6467	82
RPP40	0.036435	3.181837e+1	6468	74
KIF4B	0.036435	3.181822e+1	6469	102
TBC1D5	0.036430	3.181380e+1	6470	96
DNAJA4	0.036422	3.180726e+1	6471	91
SS18	0.036417	3.180252e+1	6472	67
UGT8	0.036412	3.179879e+1	6473	69
MAP3K3	0.036407	3.179374e+1	6474	90
NFE2	0.036403	3.179056e+1	6475	96
LGI1	0.036400	3.178789e+1	6476	88
TRAPPC2	0.036393	3.178209e+1	6477	80
ZFC3H1	0.036388	3.177731e+1	6478	78
DIO2	0.036385	3.177468e+1	6479	88
TUBGCP3	0.036374	3.176524e+1	6480	94
PPFIA1	0.036367	3.175944e+1	6481	84
MYPN	0.036357	3.175027e+1	6482	92
TEKT4	0.036351	3.174511e+1	6483	83
CIDEA	0.036351	3.174487e+1	6484	96
CCZ1	0.036349	3.174319e+1	6485	91
TADA1	0.036348	3.174256e+1	6486	64
TGFBRAP1	0.036334	3.172988e+1	6487	92
TRMU	0.036325	3.172272e+1	6488	102
KIF25	0.036308	3.170747e+1	6489	95
BBC3	0.036307	3.170698e+1	6490	92
CDKL5	0.036302	3.170278e+1	6491	95
DCAF12	0.036299	3.169981e+1	6492	77
GOLGA5	0.036285	3.168792e+1	6493	91
ATXN2L	0.036273	3.167714e+1	6494	92
SLC11A1	0.036272	3.167584e+1	6495	107
RNF125	0.036262	3.166734e+1	6496	96
F12	0.036258	3.166428e+1	6497	89
LCA5	0.036258	3.166394e+1	6498	91
RSF1	0.036245	3.165293e+1	6499	89
TPH2	0.036245	3.165284e+1	6500	90
HOXB3	0.036224	3.163380e+1	6501	98
PPIC	0.036214	3.162556e+1	6502	104
ENDOG	0.036202	3.161521e+1	6503	92
PYCR1	0.036195	3.160909e+1	6504	90
PROKR2	0.036190	3.160413e+1	6505	102
TRAF3IP3	0.036186	3.160107e+1	6506	87
RAD21L1	0.036181	3.159694e+1	6507	87
CA4	0.036167	3.158446e+1	6508	99
STRA8	0.036162	3.158039e+1	6509	97
EFNA1	0.036158	3.157663e+1	6510	74
DBH	0.036157	3.157575e+1	6511	88
DIAPH2	0.036156	3.157499e+1	6512	107
STING1	0.036147	3.156693e+1	6513	89
WNK1	0.036143	3.156349e+1	6514	92
AHNAK	0.036139	3.156017e+1	6515	89
APOBEC3H	0.036137	3.155783e+1	6516	88
CLEC4C	0.036136	3.155757e+1	6517	101
EIF2D	0.036134	3.155584e+1	6518	74
CNIH1	0.036133	3.155492e+1	6519	92
SRD5A3	0.036127	3.154986e+1	6520	71
FBN2	0.036126	3.154868e+1	6521	98
SGCE	0.036125	3.154798e+1	6522	85
NPPB	0.036118	3.154135e+1	6523	94
GOLGA4	0.036117	3.154057e+1	6524	88
KLB	0.036113	3.153709e+1	6525	81
ZRANB1	0.036109	3.153356e+1	6526	97
TIGAR	0.036103	3.152870e+1	6527	87
HOXA3	0.036096	3.152217e+1	6528	100
DUSP12	0.036093	3.152021e+1	6529	100
HAUS7	0.036091	3.151772e+1	6530	96
KBTBD8	0.036083	3.151115e+1	6531	75
ARHGEF9	0.036074	3.150322e+1	6532	94
TUBB8	0.036073	3.150253e+1	6533	93
PLA2G12A	0.036072	3.150165e+1	6534	73
ZNF598	0.036070	3.149968e+1	6535	93
PEX7	0.036050	3.148251e+1	6536	78
TAS1R1	0.036050	3.148228e+1	6537	88
MTMR14	0.036049	3.148142e+1	6538	86
POC5	0.036048	3.148024e+1	6539	97
WNT16	0.036047	3.147979e+1	6540	79
SNAP47	0.036045	3.147804e+1	6541	77
UPP1	0.036041	3.147484e+1	6542	76
TRPC5	0.036019	3.145542e+1	6543	82
PFKFB1	0.036015	3.145165e+1	6544	88
DEPTOR	0.036014	3.145057e+1	6545	79
SLC9A3R2	0.036012	3.144951e+1	6546	85
CCDC39	0.036005	3.144286e+1	6547	89
USP19	0.035995	3.143440e+1	6548	106
MAP3K11	0.035989	3.142882e+1	6549	88
CHMP1A	0.035982	3.142269e+1	6550	73
ADRB3	0.035982	3.142256e+1	6551	96
LIAS	0.035977	3.141809e+1	6552	94
CD99L2	0.035973	3.141471e+1	6553	93
RAB33B	0.035950	3.139531e+1	6554	97
TNFAIP1	0.035925	3.137318e+1	6555	70
MYO9B	0.035925	3.137292e+1	6556	104
GDF9	0.035924	3.137234e+1	6557	88
DPF2	0.035923	3.137103e+1	6558	71
IL12A	0.035922	3.137050e+1	6559	84
ATP1A4	0.035918	3.136720e+1	6560	87
SOX11	0.035915	3.136454e+1	6561	94
RPA4	0.035909	3.135879e+1	6562	84
PRRC2A	0.035907	3.135747e+1	6563	104
ATP5MPL	0.035902	3.135295e+1	6564	77
SLC22A8	0.035890	3.134297e+1	6565	97
TRMT10B	0.035883	3.133659e+1	6566	88
HASPIN	0.035879	3.133259e+1	6567	90
MS4A6A	0.035864	3.131942e+1	6568	95
GPAT4	0.035863	3.131929e+1	6569	88
ATAD1	0.035862	3.131796e+1	6570	94
SYCE2	0.035854	3.131153e+1	6571	93
WASHC5	0.035843	3.130166e+1	6572	85
MCM3AP	0.035838	3.129690e+1	6573	86
DSC3	0.035837	3.129623e+1	6574	92
GRXCR1	0.035832	3.129187e+1	6575	86
OLR1	0.035818	3.127988e+1	6576	100
UCN	0.035800	3.126379e+1	6577	90
PFDN1	0.035800	3.126364e+1	6578	89
PEX6	0.035798	3.126252e+1	6579	82
GLRX5	0.035791	3.125577e+1	6580	84
PATL1	0.035770	3.123769e+1	6581	77
WASF3	0.035750	3.122030e+1	6582	81
MC2R	0.035749	3.121925e+1	6583	83
ICE1	0.035746	3.121718e+1	6584	69
PTF1A	0.035721	3.119459e+1	6585	92
RBKS	0.035719	3.119320e+1	6586	94
NKD1	0.035708	3.118393e+1	6587	88
CEP152	0.035705	3.118078e+1	6588	85
MGST2	0.035693	3.117052e+1	6589	62
CNOT6	0.035687	3.116565e+1	6590	78
NTF4	0.035669	3.114939e+1	6591	86
TRIM23	0.035664	3.114532e+1	6592	95
SNX17	0.035657	3.113887e+1	6593	94
NOS1AP	0.035649	3.113244e+1	6594	100
TIMD4	0.035628	3.111382e+1	6595	102
MASP1	0.035621	3.110794e+1	6596	87
BAIAP2L1	0.035621	3.110723e+1	6597	113
VPS25	0.035610	3.109805e+1	6598	69
MEIS2	0.035603	3.109202e+1	6599	100
ASCC1	0.035601	3.109034e+1	6600	88
DSC2	0.035573	3.106563e+1	6601	91
DNAJB12	0.035564	3.105753e+1	6602	98
ALKBH5	0.035537	3.103400e+1	6603	81
FKTN	0.035536	3.103331e+1	6604	83
CYP11B1	0.035534	3.103166e+1	6605	79
LGALS1	0.035525	3.102339e+1	6606	96
CHD9	0.035523	3.102199e+1	6607	112
PDE8B	0.035522	3.102143e+1	6608	81
ABCD3	0.035510	3.101110e+1	6609	82
CHMP5	0.035503	3.100475e+1	6610	76
MSLN	0.035501	3.100319e+1	6611	104
ASB4	0.035499	3.100117e+1	6612	85
CERS3	0.035499	3.100104e+1	6613	61
SSR1	0.035497	3.099959e+1	6614	83
HPD	0.035486	3.098990e+1	6615	98
DES	0.035479	3.098330e+1	6616	97
FLAD1	0.035473	3.097823e+1	6617	88
KATNA1	0.035471	3.097687e+1	6618	105
TRAPPC2L	0.035461	3.096817e+1	6619	83
POMT1	0.035454	3.096222e+1	6620	86
SAMD9L	0.035446	3.095462e+1	6621	84
DPAGT1	0.035431	3.094188e+1	6622	87
ERAP1	0.035423	3.093503e+1	6623	101
EIF4G3	0.035420	3.093249e+1	6624	87
MASTL	0.035410	3.092336e+1	6625	97
CDH13	0.035397	3.091169e+1	6626	95
F11	0.035393	3.090835e+1	6627	83
GAS6	0.035392	3.090745e+1	6628	95
ORAI1	0.035390	3.090615e+1	6629	80
CPLX2	0.035384	3.090092e+1	6630	82
XPNPEP2	0.035368	3.088712e+1	6631	112
CROCC	0.035368	3.088688e+1	6632	97
INTS8	0.035360	3.087969e+1	6633	70
TNXB	0.035358	3.087811e+1	6634	86
NDUFAF7	0.035354	3.087451e+1	6635	81
ACTBL2	0.035352	3.087280e+1	6636	95
TSN	0.035332	3.085505e+1	6637	93
PDLIM3	0.035321	3.084581e+1	6638	100
RXRG	0.035310	3.083626e+1	6639	82
SCAF11	0.035307	3.083331e+1	6640	99
UBE2H	0.035304	3.083068e+1	6641	91
ZMYND10	0.035300	3.082740e+1	6642	90
MTRR	0.035292	3.082061e+1	6643	83
SSTR5	0.035286	3.081535e+1	6644	94
HOXD4	0.035286	3.081490e+1	6645	91
ZC3H11A	0.035285	3.081402e+1	6646	92
CTF1	0.035282	3.081134e+1	6647	78
CDKN2C	0.035269	3.080036e+1	6648	95
ASAP1	0.035268	3.079896e+1	6649	80
PLA2G2F	0.035263	3.079479e+1	6650	75
SHC2	0.035263	3.079460e+1	6651	65
SOX3	0.035256	3.078857e+1	6652	102
HNF1B	0.035254	3.078680e+1	6653	94
GPN3	0.035250	3.078340e+1	6654	75
ICAM2	0.035245	3.077951e+1	6655	89
ZFP42	0.035243	3.077752e+1	6656	91
NKTR	0.035210	3.074835e+1	6657	102
SOX6	0.035201	3.074097e+1	6658	97
REPS1	0.035189	3.073076e+1	6659	89
TNIP1	0.035182	3.072428e+1	6660	92
ALPI	0.035166	3.071006e+1	6661	113
ADAMTS2	0.035164	3.070864e+1	6662	97
SLC15A1	0.035161	3.070550e+1	6663	102
CREB3L2	0.035160	3.070547e+1	6664	69
CCNO	0.035140	3.068771e+1	6665	94
ANKRD1	0.035136	3.068409e+1	6666	101
NCAN	0.035135	3.068360e+1	6667	93
SRD5A1	0.035135	3.068358e+1	6668	70
MSL2	0.035130	3.067875e+1	6669	75
ST3GAL1	0.035125	3.067438e+1	6670	91
PHIP	0.035118	3.066818e+1	6671	103
SLC27A2	0.035116	3.066651e+1	6672	95
ADAMTS4	0.035107	3.065894e+1	6673	95
STXBP2	0.035090	3.064383e+1	6674	93
WDR92	0.035078	3.063345e+1	6675	82
FAM207A	0.035066	3.062262e+1	6676	70
POLK	0.035062	3.061948e+1	6677	90
SCNN1A	0.035055	3.061294e+1	6678	87
KDM3B	0.035051	3.061012e+1	6679	89
SDF2L1	0.035044	3.060386e+1	6680	79
RAP2B	0.035043	3.060288e+1	6681	95
DONSON	0.035036	3.059710e+1	6682	88
DUOX1	0.035023	3.058561e+1	6683	88
KRT10	0.035013	3.057635e+1	6684	105
SEC22C	0.035012	3.057553e+1	6685	85
PUSL1	0.035000	3.056557e+1	6686	99
PTAFR	0.034997	3.056312e+1	6687	97
CERS6	0.034987	3.055407e+1	6688	64
SLC17A8	0.034977	3.054547e+1	6689	94
FOXC1	0.034970	3.053922e+1	6690	104
MYO5B	0.034968	3.053769e+1	6691	94
PAH	0.034965	3.053492e+1	6692	87
GSS	0.034962	3.053217e+1	6693	63
RANBP9	0.034952	3.052363e+1	6694	87
CGA	0.034950	3.052126e+1	6695	89
KMO	0.034944	3.051685e+1	6696	94
CHMP1B	0.034928	3.050245e+1	6697	60
AGPAT3	0.034928	3.050202e+1	6698	74
NEO1	0.034917	3.049290e+1	6699	81
PRDX4	0.034915	3.049146e+1	6700	95
SSTR1	0.034907	3.048418e+1	6701	94
SMAD1	0.034898	3.047586e+1	6702	76
TRDMT1	0.034878	3.045848e+1	6703	95
RGS10	0.034877	3.045789e+1	6704	88
KYAT3	0.034874	3.045552e+1	6705	76
GFPT2	0.034872	3.045316e+1	6706	83
SH2D3C	0.034866	3.044824e+1	6707	92
GDAP1	0.034863	3.044575e+1	6708	93
PLA2G5	0.034860	3.044271e+1	6709	73
NECAP2	0.034858	3.044157e+1	6710	80
DERL3	0.034848	3.043217e+1	6711	80
RSPH1	0.034842	3.042707e+1	6712	89
TMEM189-UBE2V1	0.034834	3.042042e+1	6713	79
KAT14	0.034827	3.041466e+1	6714	70
TRIP11	0.034827	3.041414e+1	6715	92
KCNJ8	0.034822	3.040987e+1	6716	90
RAB3GAP1	0.034815	3.040378e+1	6717	95
SSX2	0.034814	3.040258e+1	6718	86
CASP5	0.034813	3.040176e+1	6719	84
MPPE1	0.034809	3.039859e+1	6720	94
ANP32E	0.034808	3.039791e+1	6721	76
LDB2	0.034798	3.038921e+1	6722	81
EYS	0.034791	3.038279e+1	6723	81
LGALS3BP	0.034782	3.037461e+1	6724	96
CENPB	0.034781	3.037410e+1	6725	89
KBTBD6	0.034780	3.037336e+1	6726	72
CERK	0.034774	3.036830e+1	6727	71
OSBP	0.034768	3.036237e+1	6728	96
CSF2RA	0.034716	3.031719e+1	6729	90
GPR17	0.034713	3.031428e+1	6730	102
TRHR	0.034705	3.030798e+1	6731	98
RLN3	0.034701	3.030427e+1	6732	92
ING5	0.034684	3.028896e+1	6733	83
AFF3	0.034681	3.028645e+1	6734	92
AAR2	0.034681	3.028642e+1	6735	79
SDCCAG8	0.034675	3.028122e+1	6736	90
PSME3IP1	0.034673	3.028007e+1	6737	68
SALL1	0.034666	3.027369e+1	6738	93
C17ORF80	0.034652	3.026102e+1	6739	82
PARL-2	0.034651	3.026088e+1	6740	95
FCN2	0.034648	3.025836e+1	6741	85
CDH15	0.034637	3.024788e+1	6742	86
CPT1B	0.034632	3.024408e+1	6743	84
FYCO1	0.034630	3.024249e+1	6744	93
ROS1	0.034629	3.024123e+1	6745	95
PYGO1	0.034627	3.023990e+1	6746	73
SV2A	0.034621	3.023475e+1	6747	93
RBM45	0.034619	3.023277e+1	6748	100
GMDS	0.034618	3.023194e+1	6749	90
SCGB1A1	0.034615	3.022919e+1	6750	86
PDE9A	0.034612	3.022636e+1	6751	73
CTNND2	0.034597	3.021310e+1	6752	89
GP5	0.034586	3.020343e+1	6753	83
SRSF8	0.034564	3.018439e+1	6754	86
TFAP2C	0.034549	3.017166e+1	6755	90
TOMM40L	0.034542	3.016503e+1	6756	85
FMC1-LUC7L2	0.034541	3.016443e+1	6757	80
AKAP13	0.034535	3.015891e+1	6758	85
SAP30BP	0.034524	3.014947e+1	6759	93
AKR1C2	0.034523	3.014862e+1	6760	73
TULP3	0.034522	3.014761e+1	6761	94
NAGS	0.034517	3.014354e+1	6762	87
BRPF3	0.034505	3.013268e+1	6763	101
MTUS2	0.034497	3.012606e+1	6764	99
DGKB	0.034495	3.012399e+1	6765	76
SREK1	0.034488	3.011821e+1	6766	91
MYBPC2	0.034487	3.011758e+1	6767	85
TBXA2R	0.034481	3.011226e+1	6768	89
ALPG	0.034467	3.010020e+1	6769	109
ECPAS	0.034462	3.009559e+1	6770	76
PLXNA3	0.034460	3.009364e+1	6771	77
CYP26C1	0.034460	3.009362e+1	6772	70
TRAPPC5	0.034454	3.008810e+1	6773	76
PTCD1	0.034453	3.008767e+1	6774	92
TRAPPC6B	0.034448	3.008344e+1	6775	82
EIF4ENIF1	0.034443	3.007892e+1	6776	90
RBSN	0.034443	3.007871e+1	6777	89
TAGLN2	0.034428	3.006577e+1	6778	101
TBL1Y	0.034428	3.006557e+1	6779	80
TUT1	0.034421	3.006008e+1	6780	86
MAPK8IP3	0.034416	3.005561e+1	6781	87
F13A1	0.034408	3.004876e+1	6782	97
DSG4	0.034406	3.004635e+1	6783	93
CLDN3	0.034391	3.003382e+1	6784	84
VAC14	0.034391	3.003328e+1	6785	91
CDY2A	0.034385	3.002856e+1	6786	68
PLN	0.034378	3.002228e+1	6787	73
TFE3	0.034375	3.001986e+1	6788	92
WDR59	0.034363	3.000864e+1	6789	74
PLXND1	0.034358	3.000428e+1	6790	82
NCALD	0.034354	3.000093e+1	6791	85
IFT81	0.034320	2.997115e+1	6792	77
ABHD5	0.034315	2.996701e+1	6793	92
PLEKHG4	0.034310	2.996293e+1	6794	111
PLSCR1	0.034309	2.996201e+1	6795	92
ANO1	0.034275	2.993191e+1	6796	94
SUB1	0.034255	2.991462e+1	6797	98
FA2H	0.034243	2.990387e+1	6798	95
DUSP6	0.034233	2.989563e+1	6799	100
PDZK1	0.034230	2.989246e+1	6800	83
OXCT1	0.034221	2.988521e+1	6801	85
CCL4L2	0.034219	2.988367e+1	6802	78
DNAAF1	0.034214	2.987883e+1	6803	80
ENPEP	0.034214	2.987875e+1	6804	95
TOLLIP	0.034204	2.986975e+1	6805	82
GTF3C3	0.034194	2.986108e+1	6806	75
COPZ1	0.034191	2.985855e+1	6807	80
NR2E1	0.034187	2.985551e+1	6808	91
TMEM186	0.034171	2.984127e+1	6809	82
SMARCAD1	0.034166	2.983727e+1	6810	99
TRIOBP	0.034156	2.982826e+1	6811	88
HLA-DMA	0.034151	2.982349e+1	6812	76
POP4	0.034136	2.981060e+1	6813	72
EIF2A	0.034133	2.980826e+1	6814	80
PSENEN	0.034131	2.980626e+1	6815	85
SNF8	0.034128	2.980419e+1	6816	70
FAAH2	0.034116	2.979327e+1	6817	90
PDK2	0.034116	2.979304e+1	6818	94
STRN4	0.034114	2.979130e+1	6819	60
E2F5	0.034113	2.979089e+1	6820	69
ZCCHC8	0.034094	2.977444e+1	6821	82
STBD1	0.034091	2.977108e+1	6822	106
KLF6	0.034082	2.976323e+1	6823	103
SPDL1	0.034077	2.975937e+1	6824	86
CCDC40	0.034072	2.975494e+1	6825	81
DGKA	0.034068	2.975179e+1	6826	76
CATSPER2	0.034060	2.974446e+1	6827	73
TXNL4B	0.034057	2.974158e+1	6828	72
PI4K2A	0.034035	2.972251e+1	6829	69
TPMT	0.034018	2.970740e+1	6830	84
EIF2AK1	0.034013	2.970340e+1	6831	90
TRPM7	0.033996	2.968836e+1	6832	90
DNM3	0.033995	2.968791e+1	6833	94
DNAH8	0.033993	2.968618e+1	6834	90
NRP2	0.033990	2.968328e+1	6835	73
SEC62	0.033982	2.967629e+1	6836	84
EFNA2	0.033969	2.966492e+1	6837	70
ISCA1	0.033963	2.966003e+1	6838	82
ERO1A	0.033936	2.963605e+1	6839	87
PKP3	0.033920	2.962257e+1	6840	85
AKAP12	0.033920	2.962189e+1	6841	90
PRKAR1B	0.033917	2.961940e+1	6842	86
CCKAR	0.033916	2.961857e+1	6843	85
TCL1A	0.033916	2.961824e+1	6844	92
DNAH11	0.033912	2.961550e+1	6845	85
DAW1	0.033907	2.961039e+1	6846	90
MFF	0.033904	2.960777e+1	6847	90
SDS	0.033903	2.960709e+1	6848	73
PRRT2	0.033898	2.960258e+1	6849	91
RASD1	0.033890	2.959629e+1	6850	86
NCKIPSD	0.033890	2.959582e+1	6851	76
MUC17	0.033890	2.959571e+1	6852	100
MBIP	0.033872	2.957983e+1	6853	72
SFTPD	0.033870	2.957817e+1	6854	89
KCNJ1	0.033867	2.957560e+1	6855	86
FOXJ1	0.033864	2.957289e+1	6856	95
HIF1AN	0.033863	2.957240e+1	6857	82
SYNPO	0.033861	2.957056e+1	6858	91
SLF1	0.033817	2.953259e+1	6859	88
SPART	0.033816	2.953152e+1	6860	79
DBNL	0.033814	2.952973e+1	6861	92
ADRA2C	0.033810	2.952567e+1	6862	91
CLDN12	0.033809	2.952522e+1	6863	84
SLC2A4RG	0.033808	2.952439e+1	6864	105
LSM11	0.033803	2.952008e+1	6865	70
RHOT1	0.033797	2.951487e+1	6866	85
SULT1B1	0.033786	2.950493e+1	6867	81
CRTAP	0.033779	2.949870e+1	6868	83
CCZ1B	0.033777	2.949759e+1	6869	83
PEF1	0.033773	2.949411e+1	6870	69
CFAP53	0.033772	2.949333e+1	6871	72
CCDC6	0.033771	2.949180e+1	6872	87
STX19	0.033770	2.949094e+1	6873	71
C8B	0.033764	2.948561e+1	6874	82
CLUAP1	0.033758	2.948054e+1	6875	82
PIH1D3	0.033740	2.946500e+1	6876	83
TDRD7	0.033738	2.946316e+1	6877	93
DCC	0.033734	2.946009e+1	6878	73
SPAG6	0.033726	2.945306e+1	6879	95
SATB1	0.033725	2.945145e+1	6880	95
ATG10	0.033718	2.944558e+1	6881	70
NFRKB	0.033716	2.944413e+1	6882	79
ABL2	0.033692	2.942289e+1	6883	90
GRIK1	0.033686	2.941746e+1	6884	89
OBSCN	0.033681	2.941352e+1	6885	95
C6ORF15	0.033681	2.941322e+1	6886	82
MARVELD2	0.033680	2.941244e+1	6887	77
STMN2	0.033678	2.941053e+1	6888	99
H1-6	0.033676	2.940924e+1	6889	92
RAP2A	0.033674	2.940716e+1	6890	84
NEIL1	0.033671	2.940458e+1	6891	84
TBX6	0.033668	2.940191e+1	6892	94
TFPT	0.033667	2.940108e+1	6893	77
FRZB	0.033665	2.939922e+1	6894	87
PBX2	0.033657	2.939287e+1	6895	91
B4GALT7	0.033648	2.938440e+1	6896	94
HAUS4	0.033643	2.937989e+1	6897	88
PDCD10	0.033639	2.937664e+1	6898	68
CFAP70	0.033637	2.937510e+1	6899	84
SPAG8	0.033632	2.937104e+1	6900	74
PPIL3	0.033623	2.936242e+1	6901	80
ELMO2	0.033610	2.935149e+1	6902	80
EPB42	0.033600	2.934251e+1	6903	75
DKK4	0.033599	2.934206e+1	6904	77
MAP2K5	0.033598	2.934083e+1	6905	95
POLD4	0.033592	2.933605e+1	6906	91
SEMA4A	0.033582	2.932700e+1	6907	77
FCGRT	0.033581	2.932605e+1	6908	92
FOXD3	0.033572	2.931850e+1	6909	97
CEP350	0.033568	2.931438e+1	6910	92
ZNHIT1	0.033565	2.931198e+1	6911	80
PTPRF	0.033560	2.930737e+1	6912	87
STRN3	0.033552	2.930090e+1	6913	67
RIC8A	0.033544	2.929361e+1	6914	85
LRPAP1	0.033541	2.929154e+1	6915	81
TAS2R1	0.033526	2.927776e+1	6916	92
MARK3	0.033516	2.926909e+1	6917	93
DPF3	0.033503	2.925764e+1	6918	58
ETV1	0.033495	2.925140e+1	6919	97
THBS3	0.033494	2.924986e+1	6920	79
SLIT3	0.033493	2.924932e+1	6921	89
KCNJ4	0.033490	2.924648e+1	6922	82
PTGIS	0.033453	2.921461e+1	6923	88
EYA4	0.033453	2.921403e+1	6924	93
CLCA1	0.033446	2.920783e+1	6925	91
FLI1	0.033445	2.920746e+1	6926	87
ABCB7	0.033427	2.919205e+1	6927	83
PGM2L1	0.033425	2.918972e+1	6928	83
MNS1	0.033421	2.918603e+1	6929	70
TRPC4	0.033384	2.915381e+1	6930	75
LY86	0.033371	2.914298e+1	6931	93
WDR83	0.033371	2.914246e+1	6932	79
MVB12A	0.033369	2.914064e+1	6933	69
SLC25A23	0.033363	2.913578e+1	6934	75
RTRAF	0.033363	2.913550e+1	6935	94
PDS5B	0.033359	2.913231e+1	6936	79
COQ9	0.033346	2.912053e+1	6937	88
RBFA	0.033344	2.911926e+1	6938	66
SYT11	0.033343	2.911811e+1	6939	95
KIF13B	0.033342	2.911769e+1	6940	83
ESAM	0.033340	2.911573e+1	6941	82
MAN2A1	0.033334	2.911071e+1	6942	83
STXBP3	0.033333	2.910986e+1	6943	82
SNX3	0.033328	2.910550e+1	6944	85
PLEKHA7	0.033319	2.909752e+1	6945	83
RBMY1A1	0.033309	2.908897e+1	6946	79
SSR4	0.033294	2.907571e+1	6947	76
SOX5	0.033284	2.906657e+1	6948	93
KIAA2012	0.033280	2.906350e+1	6949	78
SCN3A	0.033274	2.905773e+1	6950	82
NINL	0.033261	2.904670e+1	6951	92
PUDP	0.033261	2.904643e+1	6952	88
PTK7	0.033246	2.903336e+1	6953	84
SCN11A	0.033246	2.903336e+1	6954	83
PARP12	0.033244	2.903173e+1	6955	81
ALOX12B	0.033237	2.902536e+1	6956	65
INPP4B	0.033228	2.901788e+1	6957	64
MAPKAPK3	0.033226	2.901626e+1	6958	84
IGLL1	0.033215	2.900628e+1	6959	82
LPIN3	0.033198	2.899128e+1	6960	66
CDK5R1	0.033190	2.898502e+1	6961	83
PAX4	0.033190	2.898430e+1	6962	88
SLCO1B3	0.033185	2.897992e+1	6963	82
BCL2L2	0.033177	2.897361e+1	6964	81
MAGI2	0.033166	2.896356e+1	6965	84
F2RL3	0.033164	2.896226e+1	6966	90
GABRA6	0.033161	2.895900e+1	6967	86
DUX4	0.033156	2.895490e+1	6968	87
SOCS4	0.033154	2.895352e+1	6969	73
TBC1D15	0.033152	2.895163e+1	6970	90
EDEM3	0.033151	2.895072e+1	6971	82
MACROH2A2	0.033149	2.894912e+1	6972	91
SLC12A5	0.033148	2.894782e+1	6973	96
MVD	0.033147	2.894702e+1	6974	74
ABCD4	0.033147	2.894676e+1	6975	83
PRPSAP1	0.033133	2.893508e+1	6976	102
SPRED1	0.033127	2.892964e+1	6977	101
KCNE2	0.033126	2.892883e+1	6978	80
B9D2	0.033123	2.892631e+1	6979	77
PDGFC	0.033097	2.890321e+1	6980	70
CYP24A1	0.033095	2.890207e+1	6981	79
SERPINA5	0.033093	2.890009e+1	6982	86
SOD3	0.033077	2.888601e+1	6983	91
OGA	0.033076	2.888494e+1	6984	89
RABEP1	0.033067	2.887752e+1	6985	83
ELOVL6	0.033062	2.887287e+1	6986	85
ALAD	0.033060	2.887086e+1	6987	86
BAZ1A	0.033057	2.886852e+1	6988	79
CYP4F8	0.033051	2.886318e+1	6989	72
SGPL1	0.033046	2.885870e+1	6990	89
PREX1	0.033045	2.885799e+1	6991	66
FGFR1OP	0.033033	2.884792e+1	6992	86
NMNAT2	0.033028	2.884307e+1	6993	63
NRF1	0.033019	2.883490e+1	6994	84
DNAJB5	0.033018	2.883456e+1	6995	90
PECR	0.033015	2.883210e+1	6996	100
PAXX	0.033006	2.882416e+1	6997	66
MYO18B	0.033001	2.881996e+1	6998	82
SLC1A1	0.033001	2.881953e+1	6999	92
CALCR	0.032993	2.881281e+1	7000	82
DPYSL5	0.032991	2.881070e+1	7001	80
EPHB3	0.032989	2.880899e+1	7002	85
STRAP	0.032975	2.879698e+1	7003	72
UBE2J2	0.032974	2.879638e+1	7004	84
RAB11B	0.032974	2.879600e+1	7005	80
FANCB	0.032972	2.879449e+1	7006	68
RNF135	0.032968	2.879099e+1	7007	81
CHKA	0.032962	2.878515e+1	7008	81
INF2	0.032961	2.878425e+1	7009	86
OTUD4	0.032948	2.877347e+1	7010	98
RTN4R	0.032946	2.877171e+1	7011	88
GOLGA1	0.032946	2.877147e+1	7012	81
DEGS2	0.032944	2.876944e+1	7013	58
ZFYVE1	0.032943	2.876880e+1	7014	85
FMNL3	0.032934	2.876129e+1	7015	105
RPEL1	0.032931	2.875806e+1	7016	85
CFAP161	0.032926	2.875369e+1	7017	70
FOXH1	0.032917	2.874657e+1	7018	86
STOML2	0.032903	2.873403e+1	7019	94
C6ORF52	0.032898	2.873003e+1	7020	76
MSI1	0.032894	2.872616e+1	7021	88
PAK5	0.032890	2.872289e+1	7022	85
GLYATL1	0.032882	2.871584e+1	7023	89
ABCB4	0.032879	2.871336e+1	7024	96
NFYC	0.032878	2.871184e+1	7025	82
SIAH2	0.032874	2.870841e+1	7026	81
HEY2	0.032868	2.870344e+1	7027	85
ASPSCR1	0.032867	2.870247e+1	7028	81
ELL3	0.032865	2.870116e+1	7029	58
FABP7	0.032853	2.869063e+1	7030	95
DUS2	0.032838	2.867764e+1	7031	97
TSNARE1	0.032830	2.867036e+1	7032	78
BCL7A	0.032819	2.866109e+1	7033	62
OGN	0.032817	2.865930e+1	7034	97
POU2AF1	0.032814	2.865658e+1	7035	82
ST6GAL1	0.032813	2.865549e+1	7036	99
IFNK	0.032800	2.864425e+1	7037	76
FBF1	0.032799	2.864283e+1	7038	85
KRT6A	0.032782	2.862817e+1	7039	95
NFKBIZ	0.032773	2.862075e+1	7040	86
SCNM1	0.032771	2.861840e+1	7041	61
COA1	0.032768	2.861600e+1	7042	79
KCNK3	0.032759	2.860853e+1	7043	86
C1ORF194	0.032758	2.860712e+1	7044	70
EDN2	0.032741	2.859270e+1	7045	85
SCNN1B	0.032735	2.858764e+1	7046	79
SP110	0.032735	2.858737e+1	7047	93
KDM7A	0.032729	2.858189e+1	7048	93
HTR1D	0.032705	2.856093e+1	7049	79
ITIH2	0.032694	2.855128e+1	7050	87
TCERG1L	0.032685	2.854327e+1	7051	70
CNN1	0.032684	2.854295e+1	7052	84
ITFG2	0.032682	2.854141e+1	7053	77
TP53BP2	0.032680	2.853957e+1	7054	77
TELO2	0.032678	2.853742e+1	7055	70
WNT10A	0.032676	2.853601e+1	7056	67
TMED9	0.032676	2.853552e+1	7057	80
POP5	0.032667	2.852761e+1	7058	60
HTR2B	0.032665	2.852625e+1	7059	83
KIF19	0.032664	2.852550e+1	7060	85
FBLN2	0.032644	2.850819e+1	7061	84
MUC20	0.032631	2.849659e+1	7062	90
SAV1	0.032626	2.849256e+1	7063	72
IL31	0.032626	2.849190e+1	7064	84
GEMIN8	0.032624	2.849061e+1	7065	84
CEP250	0.032624	2.849044e+1	7066	88
RPS6KA5	0.032615	2.848218e+1	7067	71
RAB11FIP3	0.032601	2.847010e+1	7068	81
BCL7B	0.032595	2.846529e+1	7069	58
IPO9	0.032595	2.846481e+1	7070	73
VIPR2	0.032593	2.846308e+1	7071	77
MCPH1	0.032588	2.845937e+1	7072	80
PIEZO1	0.032581	2.845304e+1	7073	91
GEMIN6	0.032574	2.844662e+1	7074	83
PPP1R12C	0.032569	2.844232e+1	7075	82
PLPP4	0.032569	2.844223e+1	7076	54
LIPF	0.032567	2.844017e+1	7077	69
ADNP	0.032562	2.843642e+1	7078	93
PURA	0.032559	2.843381e+1	7079	80
STK25	0.032552	2.842778e+1	7080	65
UPP2	0.032545	2.842146e+1	7081	65
MYH14	0.032541	2.841777e+1	7082	69
WNT9A	0.032533	2.841049e+1	7083	70
CREM	0.032531	2.840889e+1	7084	81
LMAN2	0.032519	2.839872e+1	7085	88
GREM1	0.032512	2.839248e+1	7086	85
ZCCHC17	0.032511	2.839130e+1	7087	94
CCL16	0.032502	2.838358e+1	7088	69
PRCC	0.032500	2.838231e+1	7089	78
NKX6-1	0.032500	2.838223e+1	7090	82
TIE1	0.032495	2.837748e+1	7091	89
HERC6	0.032493	2.837609e+1	7092	72
DNAH9	0.032491	2.837424e+1	7093	88
KIF16B	0.032488	2.837171e+1	7094	90
DYNC2LI1	0.032488	2.837156e+1	7095	72
FBXL19	0.032484	2.836819e+1	7096	89
GPC5	0.032480	2.836430e+1	7097	88
DCUN1D3	0.032456	2.834347e+1	7098	87
TRIM66	0.032434	2.832423e+1	7099	80
AKAP4	0.032430	2.832133e+1	7100	88
MYL5	0.032425	2.831680e+1	7101	71
HFE	0.032420	2.831241e+1	7102	82
SULF1	0.032412	2.830484e+1	7103	94
SLC5A2	0.032405	2.829884e+1	7104	89
CALCA	0.032401	2.829594e+1	7105	87
TDO2	0.032398	2.829335e+1	7106	82
ZCWPW1	0.032398	2.829304e+1	7107	83
CATSPER3	0.032396	2.829125e+1	7108	69
TIMM10B	0.032395	2.829076e+1	7109	84
PLEKHM1	0.032394	2.828917e+1	7110	81
MOB4	0.032392	2.828744e+1	7111	58
APH1A	0.032385	2.828160e+1	7112	82
NKX6-2	0.032367	2.826631e+1	7113	87
CLN3	0.032353	2.825355e+1	7114	83
MCTS1	0.032352	2.825280e+1	7115	65
TCOF1	0.032343	2.824531e+1	7116	83
UBE2G1	0.032343	2.824502e+1	7117	82
TRPV2	0.032332	2.823509e+1	7118	87
PPP4R3A	0.032328	2.823159e+1	7119	84
SPINK5	0.032322	2.822661e+1	7120	91
KRT17	0.032313	2.821872e+1	7121	99
RGS14	0.032312	2.821785e+1	7122	80
IFNE	0.032298	2.820535e+1	7123	75
TDP2	0.032283	2.819256e+1	7124	83
CTSA	0.032276	2.818616e+1	7125	91
PGAM5	0.032275	2.818594e+1	7126	87
OTUB2	0.032274	2.818503e+1	7127	88
TMEM59L	0.032274	2.818448e+1	7128	105
AFTPH	0.032265	2.817664e+1	7129	66
IDI1	0.032251	2.816500e+1	7130	69
MTX2	0.032247	2.816098e+1	7131	75
PIH1D2	0.032243	2.815752e+1	7132	83
ACKR4	0.032242	2.815693e+1	7133	78
UBFD1	0.032235	2.815098e+1	7134	88
UCP3	0.032233	2.814883e+1	7135	90
MPP1	0.032230	2.814610e+1	7136	78
SRRM3	0.032225	2.814173e+1	7137	74
RIF1	0.032224	2.814144e+1	7138	82
LHX6	0.032214	2.813272e+1	7139	84
GJA8	0.032214	2.813253e+1	7140	74
EPSTI1	0.032196	2.811657e+1	7141	70
GRK7	0.032194	2.811486e+1	7142	79
NUDT16	0.032193	2.811393e+1	7143	59
FYTTD1	0.032178	2.810071e+1	7144	79
SCLY	0.032175	2.809857e+1	7145	80
PROCR	0.032173	2.809667e+1	7146	81
USP21	0.032171	2.809488e+1	7147	83
INTS7	0.032171	2.809482e+1	7148	61
RLBP1	0.032166	2.809079e+1	7149	84
SHOC2	0.032149	2.807521e+1	7150	75
EEF1E1	0.032147	2.807412e+1	7151	79
CTC1	0.032143	2.807026e+1	7152	73
CCKBR	0.032133	2.806146e+1	7153	89
CLNS1A	0.032131	2.806016e+1	7154	77
ODF1	0.032123	2.805258e+1	7155	87
MYH7B	0.032122	2.805205e+1	7156	79
MAGI3	0.032112	2.804312e+1	7157	90
C8ORF37	0.032109	2.804044e+1	7158	91
TOMM5	0.032101	2.803387e+1	7159	77
CLDN2	0.032095	2.802824e+1	7160	79
EPHA3	0.032082	2.801692e+1	7161	82
FCN3	0.032066	2.800334e+1	7162	80
GALR1	0.032053	2.799199e+1	7163	85
CNST	0.032044	2.798363e+1	7164	58
LMO7	0.032035	2.797626e+1	7165	88
LAMB2	0.032024	2.796634e+1	7166	70
ADGRV1	0.032021	2.796342e+1	7167	82
PLS3	0.032020	2.796333e+1	7168	92
KIF26A	0.032014	2.795787e+1	7169	84
TAP1	0.032003	2.794795e+1	7170	78
BCORL1	0.032003	2.794767e+1	7171	81
METTL16	0.031996	2.794203e+1	7172	72
THOC6	0.031994	2.794056e+1	7173	77
EHBP1	0.031992	2.793866e+1	7174	88
AUTS2	0.031986	2.793358e+1	7175	78
TGM2	0.031978	2.792626e+1	7176	94
PHF3	0.031967	2.791684e+1	7177	89
POLR3G	0.031963	2.791317e+1	7178	67
ENSP00000428055	0.031960	2.791045e+1	7179	93
NODAL	0.031955	2.790638e+1	7180	78
HDGF	0.031953	2.790464e+1	7181	88
FFAR4	0.031939	2.789241e+1	7182	80
SWSAP1	0.031938	2.789168e+1	7183	64
TUBGCP6	0.031938	2.789128e+1	7184	76
PDX1	0.031935	2.788837e+1	7185	73
KCNE3	0.031934	2.788793e+1	7186	66
OTULIN	0.031913	2.786950e+1	7187	82
SYCP2	0.031910	2.786678e+1	7188	82
B9D1	0.031905	2.786208e+1	7189	75
SAA4	0.031901	2.785869e+1	7190	78
INHBA	0.031900	2.785828e+1	7191	82
IRGM	0.031892	2.785155e+1	7192	85
KIF9	0.031891	2.784998e+1	7193	84
KRT76	0.031890	2.784930e+1	7194	88
VPS37B	0.031880	2.784101e+1	7195	66
DDX19A	0.031872	2.783399e+1	7196	90
DDX53	0.031866	2.782824e+1	7197	93
C9ORF78	0.031851	2.781529e+1	7198	85
M0R3G1_HUMAN	0.031844	2.780955e+1	7199	70
LCLAT1	0.031843	2.780824e+1	7200	59
POMGNT1	0.031843	2.780810e+1	7201	70
CBLB	0.031842	2.780761e+1	7202	61
POFUT2	0.031837	2.780335e+1	7203	94
POMT2	0.031834	2.780004e+1	7204	76
BHMT2	0.031833	2.779992e+1	7205	71
DSG3	0.031829	2.779645e+1	7206	72
PPP1R7	0.031829	2.779604e+1	7207	80
CEP83	0.031824	2.779170e+1	7208	84
TSTD1	0.031812	2.778147e+1	7209	81
CBR3	0.031805	2.777486e+1	7210	75
DEGS1	0.031800	2.777059e+1	7211	55
NR1D1	0.031791	2.776331e+1	7212	71
PTPA	0.031782	2.775496e+1	7213	69
RNF139	0.031778	2.775155e+1	7214	79
CERT1	0.031775	2.774908e+1	7215	80
PIP	0.031765	2.774021e+1	7216	83
HSPB11	0.031761	2.773631e+1	7217	67
BTG2	0.031754	2.773037e+1	7218	86
NFIC	0.031754	2.773036e+1	7219	99
NTNG1	0.031710	2.769252e+1	7220	90
TLE2	0.031704	2.768686e+1	7221	80
HIP1	0.031703	2.768574e+1	7222	84
B3GNT2	0.031671	2.765822e+1	7223	87
B4GALT2	0.031670	2.765714e+1	7224	60
SLMAP	0.031668	2.765512e+1	7225	69
MARCKS	0.031638	2.762966e+1	7226	80
ELAVL2	0.031638	2.762928e+1	7227	94
EIF2B1	0.031635	2.762704e+1	7228	81
SON	0.031634	2.762588e+1	7229	83
SLC40A1	0.031630	2.762223e+1	7230	80
IL17RD	0.031625	2.761831e+1	7231	79
APC2	0.031623	2.761611e+1	7232	67
ADGRB1	0.031603	2.759845e+1	7233	82
BLOC1S3	0.031600	2.759633e+1	7234	76
FBXO11	0.031584	2.758201e+1	7235	86
TBC1D4	0.031581	2.757957e+1	7236	79
AAK1	0.031578	2.757679e+1	7237	75
BLOC1S2	0.031574	2.757320e+1	7238	65
HOXA1	0.031563	2.756366e+1	7239	87
OSGEP	0.031561	2.756239e+1	7240	87
RASGRP2	0.031561	2.756213e+1	7241	74
IGLV10-54	0.031555	2.755655e+1	7242	70
USP33	0.031548	2.755030e+1	7243	88
CTTNBP2	0.031538	2.754228e+1	7244	64
SMPD4	0.031536	2.754041e+1	7245	67
DNAJC24	0.031532	2.753630e+1	7246	88
GLYCTK	0.031519	2.752515e+1	7247	56
AQP9	0.031515	2.752182e+1	7248	89
COL5A3	0.031513	2.752005e+1	7249	78
CIDEC	0.031509	2.751706e+1	7250	83
SYNE2	0.031503	2.751121e+1	7251	80
ARMC7	0.031502	2.751032e+1	7252	54
ZFYVE27	0.031495	2.750470e+1	7253	83
SULT2B1	0.031493	2.750261e+1	7254	64
STON2	0.031490	2.749990e+1	7255	77
TRPM5	0.031487	2.749770e+1	7256	84
TXK	0.031480	2.749168e+1	7257	80
CCDC115	0.031472	2.748390e+1	7258	74
CYP46A1	0.031471	2.748386e+1	7259	83
RAB8B	0.031469	2.748172e+1	7260	79
FBXO43	0.031469	2.748137e+1	7261	76
SLC39A1	0.031467	2.747981e+1	7262	74
KCTD10	0.031460	2.747376e+1	7263	66
GDF2	0.031453	2.746809e+1	7264	78
KDELR2	0.031443	2.745936e+1	7265	82
SPAG9	0.031442	2.745822e+1	7266	79
EXT2	0.031438	2.745492e+1	7267	80
MINK1	0.031432	2.744935e+1	7268	83
DECR1	0.031430	2.744745e+1	7269	87
STAC3	0.031429	2.744686e+1	7270	71
EHD1	0.031410	2.743046e+1	7271	77
SNX6	0.031409	2.742931e+1	7272	76
AP5M1	0.031403	2.742451e+1	7273	68
PDRG1	0.031385	2.740865e+1	7274	73
NEK1	0.031381	2.740452e+1	7275	87
PNISR	0.031379	2.740349e+1	7276	82
CNTN4	0.031374	2.739867e+1	7277	89
BRF1	0.031367	2.739252e+1	7278	64
SPATA7	0.031361	2.738702e+1	7279	76
BLVRA	0.031359	2.738589e+1	7280	72
APLP1	0.031354	2.738093e+1	7281	88
DYNLRB1	0.031353	2.738052e+1	7282	62
RAB18	0.031342	2.737059e+1	7283	84
TBX1	0.031331	2.736124e+1	7284	85
WDR26	0.031330	2.736054e+1	7285	79
AMHR2	0.031329	2.735946e+1	7286	81
C9ORF116	0.031325	2.735573e+1	7287	62
MSL1	0.031319	2.735033e+1	7288	62
TYSND1	0.031317	2.734886e+1	7289	75
KIAA0586	0.031314	2.734641e+1	7290	89
ENC1	0.031314	2.734601e+1	7291	61
GGA1	0.031313	2.734585e+1	7292	74
PFKFB2	0.031313	2.734521e+1	7293	73
EFNA3	0.031307	2.734066e+1	7294	62
SHPRH	0.031299	2.733318e+1	7295	83
UCK2	0.031295	2.732937e+1	7296	70
KPRP	0.031295	2.732935e+1	7297	91
CMA1	0.031281	2.731787e+1	7298	86
SELENON	0.031277	2.731367e+1	7299	71
DUOX2	0.031266	2.730427e+1	7300	74
MGP	0.031261	2.730048e+1	7301	84
B3GNT3	0.031259	2.729855e+1	7302	82
SULT1C4	0.031243	2.728431e+1	7303	74
ADAMTS13	0.031241	2.728292e+1	7304	85
NOVA1	0.031220	2.726467e+1	7305	89
CAMKK2	0.031212	2.725742e+1	7306	74
RNASE1	0.031206	2.725199e+1	7307	95
MICOS13	0.031202	2.724876e+1	7308	72
P2RX7	0.031198	2.724535e+1	7309	72
TRIB1	0.031190	2.723847e+1	7310	88
WDTC1	0.031190	2.723808e+1	7311	82
ELAVL3	0.031188	2.723598e+1	7312	93
GLIS3	0.031184	2.723248e+1	7313	92
ITIH3	0.031174	2.722433e+1	7314	90
DUSP5	0.031160	2.721220e+1	7315	86
L2HGDH	0.031153	2.720539e+1	7316	86
GTPBP1	0.031147	2.720075e+1	7317	71
CNGB3	0.031147	2.720071e+1	7318	79
RFK	0.031145	2.719856e+1	7319	84
RYR3	0.031139	2.719372e+1	7320	75
SMIM12	0.031130	2.718583e+1	7321	94
SLC34A1	0.031129	2.718460e+1	7322	78
PHF20L1	0.031126	2.718227e+1	7323	74
MINPP1	0.031117	2.717405e+1	7324	52
E5RI56_HUMAN	0.031113	2.717114e+1	7325	89
CLEC10A	0.031111	2.716915e+1	7326	93
TMEM216	0.031109	2.716702e+1	7327	70
H3Y1	0.031104	2.716274e+1	7328	70
PNLIPRP1	0.031091	2.715164e+1	7329	63
TDRD3	0.031089	2.714966e+1	7330	84
DOCK8	0.031087	2.714814e+1	7331	82
SMPD3	0.031084	2.714513e+1	7332	61
MUC15	0.031083	2.714468e+1	7333	87
FHIT	0.031080	2.714162e+1	7334	86
PKP4	0.031069	2.713233e+1	7335	78
DPM3	0.031068	2.713160e+1	7336	70
TRIP4	0.031066	2.713009e+1	7337	67
KRTAP11-1	0.031066	2.712971e+1	7338	72
GP2	0.031064	2.712789e+1	7339	85
LRIG1	0.031064	2.712768e+1	7340	82
CHRNB2	0.031055	2.711990e+1	7341	75
COA3	0.031054	2.711924e+1	7342	76
PDE7A	0.031044	2.711051e+1	7343	65
ETV4	0.031042	2.710878e+1	7344	89
PFKFB4	0.031038	2.710538e+1	7345	73
PLA2G2C	0.031034	2.710186e+1	7346	67
ATP7B	0.031030	2.709844e+1	7347	83
MPHOSPH8	0.031029	2.709739e+1	7348	64
DAZ1	0.031020	2.708981e+1	7349	70
CD300LF	0.031019	2.708841e+1	7350	89
CLEC4E	0.031013	2.708314e+1	7351	84
DECR2	0.031008	2.707898e+1	7352	95
GAPVD1	0.031002	2.707409e+1	7353	80
BTAF1	0.031000	2.707215e+1	7354	83
RGS9BP	0.030993	2.706618e+1	7355	82
PDE7B	0.030990	2.706343e+1	7356	67
CGN	0.030976	2.705098e+1	7357	69
MARCHF5	0.030972	2.704806e+1	7358	79
P2RY2	0.030964	2.704049e+1	7359	80
LCE3D	0.030942	2.702112e+1	7360	66
SULT1C3	0.030934	2.701459e+1	7361	75
NPR2	0.030925	2.700680e+1	7362	63
ACTR1B	0.030921	2.700346e+1	7363	74
CIP2A	0.030918	2.700067e+1	7364	91
COPZ2	0.030916	2.699845e+1	7365	77
CNDP1	0.030914	2.699692e+1	7366	72
PLAAT4	0.030912	2.699493e+1	7367	100
SULT1A1	0.030909	2.699302e+1	7368	77
MBTPS2	0.030883	2.697036e+1	7369	77
TMEM116	0.030867	2.695589e+1	7370	81
ZCCHC4	0.030864	2.695301e+1	7371	76
B4GALT3	0.030863	2.695212e+1	7372	63
LTBP1	0.030853	2.694391e+1	7373	77
CRLS1	0.030835	2.692769e+1	7374	77
BAAT	0.030832	2.692539e+1	7375	71
FSBP	0.030829	2.692324e+1	7376	80
WDFY3	0.030828	2.692206e+1	7377	87
FAN1	0.030820	2.691457e+1	7378	69
TRAPPC10	0.030810	2.690640e+1	7379	66
CNGA2	0.030807	2.690349e+1	7380	82
ADRA1A	0.030787	2.688638e+1	7381	79
IRAK3	0.030786	2.688496e+1	7382	78
UBAP1	0.030784	2.688338e+1	7383	66
ATP1B3	0.030766	2.686774e+1	7384	72
KPNA7	0.030761	2.686321e+1	7385	85
PPT2	0.030758	2.686065e+1	7386	85
CBLL1	0.030757	2.685963e+1	7387	72
CLEC4A	0.030751	2.685461e+1	7388	90
KCNK2	0.030746	2.685022e+1	7389	81
PANX1	0.030742	2.684692e+1	7390	80
VPS41	0.030738	2.684342e+1	7391	62
TMEM70	0.030737	2.684272e+1	7392	81
LUZP4	0.030737	2.684223e+1	7393	90
MAPRE2	0.030735	2.684089e+1	7394	84
DSCAM	0.030720	2.682756e+1	7395	89
EIF2B2	0.030711	2.681962e+1	7396	80
PIGW	0.030684	2.679587e+1	7397	73
STK4	0.030674	2.678729e+1	7398	71
SOAT1	0.030671	2.678492e+1	7399	86
ESYT1	0.030671	2.678477e+1	7400	92
TGFB1I1	0.030668	2.678206e+1	7401	80
CDK16	0.030662	2.677676e+1	7402	92
VSIG4	0.030644	2.676131e+1	7403	82
TSNAX	0.030643	2.676055e+1	7404	79
CEBPE	0.030643	2.676025e+1	7405	84
DPP6	0.030628	2.674691e+1	7406	79
PPP1R3B	0.030627	2.674638e+1	7407	67
CDC42BPB	0.030624	2.674402e+1	7408	97
UBR2	0.030623	2.674332e+1	7409	82
TRAK2	0.030618	2.673850e+1	7410	64
ADAM12	0.030615	2.673561e+1	7411	87
HOXB2	0.030604	2.672589e+1	7412	83
SMNDC1	0.030602	2.672424e+1	7413	71
WDR53	0.030590	2.671447e+1	7414	76
ATP2B1	0.030585	2.670975e+1	7415	81
AKAP6	0.030580	2.670539e+1	7416	76
SPRR2G	0.030579	2.670405e+1	7417	70
TAGAP	0.030578	2.670372e+1	7418	91
PPP4R1	0.030578	2.670346e+1	7419	70
GNMT	0.030577	2.670287e+1	7420	76
MPP7	0.030569	2.669614e+1	7421	100
ACBD5	0.030566	2.669298e+1	7422	84
PRY	0.030554	2.668260e+1	7423	74
PI4K2B	0.030546	2.667582e+1	7424	61
GDPD3	0.030542	2.667250e+1	7425	73
DNAJC5B	0.030533	2.666451e+1	7426	81
FEM1A	0.030528	2.665984e+1	7427	73
ARSA	0.030526	2.665862e+1	7428	74
TAS2R38	0.030515	2.664849e+1	7429	85
OPA1	0.030513	2.664641e+1	7430	76
PDPR	0.030510	2.664437e+1	7431	80
TRAF4	0.030507	2.664162e+1	7432	78
MAN1B1	0.030507	2.664118e+1	7433	77
WNK4	0.030503	2.663796e+1	7434	80
PORCN	0.030496	2.663224e+1	7435	70
INSL3	0.030495	2.663152e+1	7436	79
B3GAT3	0.030492	2.662818e+1	7437	84
NDOR1	0.030490	2.662690e+1	7438	68
RPP14	0.030488	2.662536e+1	7439	60
EFEMP1	0.030484	2.662123e+1	7440	88
TMEM43	0.030483	2.662024e+1	7441	83
DEFA4	0.030471	2.661000e+1	7442	70
SCNN1G	0.030470	2.660915e+1	7443	72
E4F1	0.030469	2.660850e+1	7444	85
SYCE3	0.030464	2.660431e+1	7445	80
MTO1	0.030461	2.660149e+1	7446	84
SLC6A2	0.030454	2.659505e+1	7447	79
UBE2W	0.030453	2.659477e+1	7448	78
FOXC2	0.030451	2.659238e+1	7449	84
NAA15	0.030431	2.657528e+1	7450	73
IL17D	0.030428	2.657277e+1	7451	63
IL18RAP	0.030424	2.656904e+1	7452	85
TOP1MT	0.030423	2.656832e+1	7453	81
INPP5F	0.030407	2.655409e+1	7454	46
USP34	0.030405	2.655238e+1	7455	81
CNTNAP1	0.030402	2.654965e+1	7456	81
LGALS9B	0.030400	2.654847e+1	7457	75
SDSL	0.030390	2.653939e+1	7458	63
C1ORF189	0.030384	2.653407e+1	7459	65
RBM48	0.030382	2.653284e+1	7460	60
CPOX	0.030378	2.652883e+1	7461	82
MAGI1	0.030377	2.652783e+1	7462	68
JPH2	0.030368	2.651991e+1	7463	80
ALOX15B	0.030364	2.651665e+1	7464	55
UBR4	0.030359	2.651228e+1	7465	79
CLDN16	0.030359	2.651215e+1	7466	66
KIF6	0.030358	2.651151e+1	7467	84
LETM1	0.030358	2.651115e+1	7468	87
PRKD2	0.030353	2.650704e+1	7469	75
MAN2C1	0.030349	2.650397e+1	7470	81
NEK7	0.030347	2.650231e+1	7471	88
CYB5R3	0.030344	2.649901e+1	7472	75
KANSL3	0.030336	2.649267e+1	7473	65
CHRAC1	0.030333	2.648972e+1	7474	64
MUC12	0.030332	2.648847e+1	7475	86
UVSSA	0.030328	2.648532e+1	7476	64
DGKD	0.030328	2.648486e+1	7477	70
GABRB1	0.030317	2.647596e+1	7478	73
ANKZF1	0.030314	2.647300e+1	7479	85
H1-10	0.030312	2.647088e+1	7480	59
PPFIA3	0.030302	2.646258e+1	7481	71
LPAR6	0.030298	2.645901e+1	7482	70
TRIP6	0.030290	2.645250e+1	7483	83
GABRA2	0.030290	2.645195e+1	7484	80
HLCS	0.030277	2.644107e+1	7485	86
RETSAT	0.030276	2.644001e+1	7486	65
KIF21B	0.030269	2.643411e+1	7487	79
LIN28B	0.030240	2.640880e+1	7488	78
MMEL1	0.030236	2.640534e+1	7489	80
IGFBP7	0.030234	2.640348e+1	7490	80
WDR62	0.030223	2.639375e+1	7491	80
CD37	0.030220	2.639111e+1	7492	80
CRHR2	0.030219	2.638977e+1	7493	80
MCMBP	0.030210	2.638255e+1	7494	73
OPN4	0.030201	2.637455e+1	7495	79
STRC	0.030195	2.636914e+1	7496	75
OGFOD1	0.030184	2.635916e+1	7497	87
UNC45B	0.030175	2.635131e+1	7498	88
POP7	0.030173	2.635031e+1	7499	54
LAMC3	0.030171	2.634786e+1	7500	67
RHOF	0.030169	2.634627e+1	7501	87
ARMC3	0.030168	2.634541e+1	7502	86
MBTPS1	0.030168	2.634535e+1	7503	75
MADCAM1	0.030166	2.634389e+1	7504	73
PEX11A	0.030164	2.634188e+1	7505	72
ZBTB33	0.030164	2.634164e+1	7506	84
HAVCR1	0.030150	2.632972e+1	7507	85
LMO1	0.030140	2.632101e+1	7508	74
EFNA4	0.030135	2.631665e+1	7509	61
EME2	0.030135	2.631661e+1	7510	72
BICRA	0.030120	2.630361e+1	7511	53
RPUSD2	0.030107	2.629240e+1	7512	80
KIF26B	0.030098	2.628405e+1	7513	79
MSMB	0.030097	2.628361e+1	7514	76
CFAP43	0.030092	2.627929e+1	7515	84
DAZAP1	0.030092	2.627908e+1	7516	84
GEMIN7	0.030081	2.626922e+1	7517	74
GCKR	0.030073	2.626265e+1	7518	91
SIGLEC7	0.030073	2.626231e+1	7519	86
FZD10	0.030071	2.626052e+1	7520	60
SLC26A3	0.030062	2.625256e+1	7521	78
UCKL1	0.030061	2.625221e+1	7522	70
C2	0.030058	2.624955e+1	7523	71
SGPP1	0.030057	2.624854e+1	7524	51
HCFC2	0.030054	2.624630e+1	7525	68
GMPPA	0.030046	2.623889e+1	7526	77
AKR1C4	0.030038	2.623199e+1	7527	58
FXYD2	0.030031	2.622576e+1	7528	67
PAPSS2	0.030030	2.622516e+1	7529	69
USP44	0.030028	2.622314e+1	7530	80
NFATC3	0.030025	2.622034e+1	7531	69
ALG3	0.030024	2.622006e+1	7532	66
PPP1R3C	0.030016	2.621310e+1	7533	64
XYLT1	0.030007	2.620506e+1	7534	80
PDCL	0.030006	2.620433e+1	7535	68
MAGEC2	0.030000	2.619880e+1	7536	85
CRYZ	0.029994	2.619404e+1	7537	88
CATSPERB	0.029994	2.619354e+1	7538	62
APOBEC3D	0.029983	2.618373e+1	7539	75
EXT1	0.029974	2.617572e+1	7540	77
EPHB6	0.029973	2.617500e+1	7541	79
PNPLA4	0.029972	2.617407e+1	7542	66
ZMPSTE24	0.029967	2.617021e+1	7543	84
PPP1R42	0.029954	2.615891e+1	7544	84
HAX1	0.029938	2.614502e+1	7545	83
CCDC173	0.029934	2.614154e+1	7546	62
PPM1A	0.029927	2.613511e+1	7547	85
TTC26	0.029923	2.613192e+1	7548	61
WTIP	0.029920	2.612903e+1	7549	93
DGKH	0.029915	2.612450e+1	7550	67
RPP21	0.029897	2.610908e+1	7551	59
ATG2B	0.029896	2.610819e+1	7552	68
DCP1B	0.029889	2.610180e+1	7553	78
LRRC7	0.029886	2.609919e+1	7554	82
EMC1	0.029884	2.609728e+1	7555	73
ARL1	0.029875	2.608961e+1	7556	75
GDF1	0.029865	2.608132e+1	7557	68
COL22A1	0.029862	2.607793e+1	7558	83
LGMN	0.029860	2.607679e+1	7559	81
FOXK1	0.029859	2.607610e+1	7560	82
IMPA1	0.029859	2.607604e+1	7561	72
FUT8	0.029858	2.607478e+1	7562	71
LEMD2	0.029854	2.607162e+1	7563	77
TUBGCP5	0.029849	2.606699e+1	7564	64
TBCD	0.029844	2.606234e+1	7565	73
SHC4	0.029843	2.606144e+1	7566	50
SPRR2A	0.029833	2.605270e+1	7567	70
ACOT12	0.029825	2.604603e+1	7568	69
TNC	0.029822	2.604342e+1	7569	73
SLC25A24	0.029813	2.603592e+1	7570	69
TEX11	0.029809	2.603202e+1	7571	84
TRPC4AP	0.029802	2.602635e+1	7572	57
SLC22A1	0.029802	2.602599e+1	7573	80
SRM	0.029802	2.602574e+1	7574	75
TNFSF15	0.029796	2.602052e+1	7575	82
IFT43	0.029795	2.601954e+1	7576	66
CHCHD7	0.029785	2.601092e+1	7577	77
FNBP1L	0.029785	2.601076e+1	7578	83
MORC3	0.029778	2.600531e+1	7579	66
MICU1	0.029778	2.600497e+1	7580	74
LRRC6	0.029774	2.600149e+1	7581	72
ANOS1	0.029754	2.598360e+1	7582	73
YRDC	0.029742	2.597351e+1	7583	80
BAIAP2L2	0.029735	2.596741e+1	7584	84
SLC25A25	0.029733	2.596561e+1	7585	70
SEPTIN6	0.029726	2.595933e+1	7586	68
CNOT11	0.029724	2.595817e+1	7587	68
CNGA3	0.029723	2.595660e+1	7588	73
MBD4	0.029717	2.595138e+1	7589	78
TLR10	0.029701	2.593790e+1	7590	83
EMC2	0.029700	2.593717e+1	7591	75
HDC	0.029697	2.593401e+1	7592	78
PRELP	0.029673	2.591289e+1	7593	85
HLA-DOB	0.029671	2.591113e+1	7594	66
POLN	0.029668	2.590915e+1	7595	71
OLIG1	0.029668	2.590889e+1	7596	81
MPST	0.029662	2.590363e+1	7597	67
GRIN3B	0.029661	2.590279e+1	7598	66
IYD	0.029660	2.590171e+1	7599	74
RAB7B	0.029655	2.589739e+1	7600	62
SSR2	0.029650	2.589324e+1	7601	66
SFRP5	0.029650	2.589307e+1	7602	68
POLR2M	0.029649	2.589268e+1	7603	62
TGFBR3	0.029635	2.588013e+1	7604	79
NGEF	0.029635	2.588010e+1	7605	70
SOCS5	0.029626	2.587192e+1	7606	68
LEFTY2	0.029613	2.586065e+1	7607	75
PRYP3	0.029595	2.584539e+1	7608	73
CERS4	0.029589	2.583963e+1	7609	47
ANKRD39	0.029583	2.583464e+1	7610	84
MIA3	0.029576	2.582842e+1	7611	76
CNTROB	0.029565	2.581894e+1	7612	79
PCARE	0.029561	2.581582e+1	7613	67
YBX3	0.029553	2.580825e+1	7614	80
CLASP2	0.029550	2.580582e+1	7615	76
PRY2	0.029547	2.580298e+1	7616	72
DGKG	0.029546	2.580234e+1	7617	66
POC1B	0.029536	2.579367e+1	7618	84
CLDN11	0.029535	2.579315e+1	7619	71
SEPSECS	0.029525	2.578411e+1	7620	76
CATSPERD	0.029520	2.577936e+1	7621	63
ACTR3B	0.029516	2.577605e+1	7622	65
FAT1	0.029516	2.577603e+1	7623	81
INPP4A	0.029507	2.576797e+1	7624	51
HLA-DMB	0.029505	2.576697e+1	7625	68
ONECUT1	0.029495	2.575808e+1	7626	75
ISYNA1	0.029488	2.575130e+1	7627	84
ALPP	0.029480	2.574467e+1	7628	80
UBAC2	0.029480	2.574434e+1	7629	78
SLC8A1	0.029479	2.574396e+1	7630	80
MYOC	0.029474	2.573954e+1	7631	78
CDC42BPA	0.029472	2.573802e+1	7632	87
CDH4	0.029471	2.573698e+1	7633	78
TCTN1	0.029464	2.573067e+1	7634	68
NLRX1	0.029462	2.572924e+1	7635	72
MOCOS	0.029462	2.572892e+1	7636	74
FADS2	0.029461	2.572832e+1	7637	75
HOOK1	0.029449	2.571736e+1	7638	80
LARP4B	0.029445	2.571389e+1	7639	59
RNASEK	0.029436	2.570664e+1	7640	49
USP9Y	0.029435	2.570543e+1	7641	61
PKN2	0.029435	2.570501e+1	7642	83
S1PR3	0.029433	2.570349e+1	7643	72
COX19	0.029429	2.570026e+1	7644	77
USP48	0.029425	2.569711e+1	7645	83
POLR3GL	0.029407	2.568088e+1	7646	62
COL27A1	0.029406	2.568046e+1	7647	74
RTN2	0.029400	2.567449e+1	7648	82
TEX12	0.029398	2.567335e+1	7649	77
EFEMP2	0.029398	2.567301e+1	7650	78
RPTN	0.029394	2.566983e+1	7651	69
CCL15	0.029392	2.566780e+1	7652	67
UBE3C	0.029392	2.566768e+1	7653	80
GUCY1A2	0.029390	2.566652e+1	7654	61
WBP2NL	0.029388	2.566464e+1	7655	81
RAB3GAP2	0.029386	2.566228e+1	7656	82
ACAD10	0.029385	2.566199e+1	7657	89
COQ5	0.029379	2.565655e+1	7658	79
KRT16	0.029376	2.565362e+1	7659	84
AZIN1	0.029365	2.564451e+1	7660	81
QDPR	0.029359	2.563906e+1	7661	77
PDGFD	0.029355	2.563535e+1	7662	66
NRG2	0.029353	2.563379e+1	7663	77
HTR3B	0.029350	2.563127e+1	7664	76
TUBA3C	0.029346	2.562749e+1	7665	81
LDHD	0.029344	2.562630e+1	7666	73
STARD3	0.029333	2.561674e+1	7667	73
CCDC63	0.029330	2.561340e+1	7668	89
CDK5RAP1	0.029322	2.560681e+1	7669	83
KANSL2	0.029322	2.560665e+1	7670	60
ADRA1B	0.029313	2.559865e+1	7671	75
PRKD3	0.029311	2.559701e+1	7672	69
CD200R1	0.029309	2.559554e+1	7673	83
EPGN	0.029309	2.559524e+1	7674	80
TRPV6	0.029304	2.559095e+1	7675	73
SERPINA7	0.029299	2.558664e+1	7676	77
CBFA2T3	0.029287	2.557650e+1	7677	73
SMCR8	0.029282	2.557190e+1	7678	66
EMCN	0.029282	2.557183e+1	7679	81
PHLPP1	0.029275	2.556528e+1	7680	70
LTBP3	0.029268	2.555940e+1	7681	79
HTD2	0.029264	2.555648e+1	7682	87
TAS2R16	0.029261	2.555340e+1	7683	79
SCLT1	0.029260	2.555284e+1	7684	79
SPIB	0.029259	2.555195e+1	7685	79
LRRFIP1	0.029258	2.555046e+1	7686	86
ATAD3A	0.029247	2.554136e+1	7687	84
CDS2	0.029245	2.553945e+1	7688	56
VIPR1	0.029244	2.553863e+1	7689	70
MANF	0.029241	2.553582e+1	7690	82
IFI30	0.029238	2.553311e+1	7691	91
MTMR4	0.029236	2.553151e+1	7692	66
CHIA	0.029236	2.553125e+1	7693	81
MCU	0.029232	2.552842e+1	7694	74
RNF103-CHMP3	0.029229	2.552548e+1	7695	59
RIN1	0.029224	2.552156e+1	7696	69
SPOUT1	0.029219	2.551721e+1	7697	75
PCOLCE	0.029214	2.551235e+1	7698	77
CHAD	0.029206	2.550544e+1	7699	75
RNASE2	0.029205	2.550424e+1	7700	79
BCKDK	0.029202	2.550191e+1	7701	84
SP3	0.029197	2.549741e+1	7702	83
KRTAP3-1	0.029192	2.549310e+1	7703	68
PEX11B	0.029178	2.548102e+1	7704	64
CARD8	0.029173	2.547637e+1	7705	64
CDS1	0.029172	2.547589e+1	7706	55
C17ORF49	0.029170	2.547376e+1	7707	47
CNTN1	0.029167	2.547134e+1	7708	78
HAP1	0.029166	2.547084e+1	7709	55
ASCC2	0.029164	2.546886e+1	7710	77
TRAF7	0.029162	2.546714e+1	7711	83
DRD5	0.029159	2.546438e+1	7712	72
H1-8	0.029157	2.546222e+1	7713	72
PRIMPOL	0.029149	2.545565e+1	7714	73
CRIPT	0.029149	2.545545e+1	7715	53
TMOD2	0.029145	2.545186e+1	7716	66
TUBGCP2	0.029138	2.544592e+1	7717	72
KPNA5	0.029123	2.543288e+1	7718	78
S1PR2	0.029123	2.543269e+1	7719	72
PKD2L1	0.029115	2.542600e+1	7720	80
ZDHHC8	0.029105	2.541755e+1	7721	80
NUB1	0.029103	2.541511e+1	7722	79
TDRD9	0.029101	2.541348e+1	7723	76
MS4A4A	0.029098	2.541075e+1	7724	80
DKK3	0.029088	2.540246e+1	7725	79
MAFG	0.029086	2.540069e+1	7726	72
GPAA1	0.029072	2.538869e+1	7727	74
BTBD19	0.029063	2.538028e+1	7728	85
SLC10A2	0.029058	2.537631e+1	7729	75
MYCL	0.029056	2.537469e+1	7730	76
SLC47A1	0.029052	2.537106e+1	7731	76
DARS1	0.029043	2.536292e+1	7732	68
PIWIL2	0.029041	2.536110e+1	7733	70
AOC2	0.029039	2.535937e+1	7734	77
OMA1	0.029026	2.534828e+1	7735	81
TM7SF2	0.029018	2.534130e+1	7736	66
ZNF704	0.029018	2.534099e+1	7737	88
C10ORF71	0.029016	2.533942e+1	7738	95
ASPH	0.029015	2.533897e+1	7739	69
POC1A	0.029015	2.533887e+1	7740	88
SPEF2	0.029014	2.533774e+1	7741	79
BRS3	0.029013	2.533707e+1	7742	81
MTX1	0.029011	2.533494e+1	7743	63
WDR34	0.029010	2.533427e+1	7744	63
GADL1	0.029010	2.533412e+1	7745	62
BRF2	0.029006	2.533091e+1	7746	58
GABPA	0.029002	2.532773e+1	7747	74
ASCL2	0.028995	2.532147e+1	7748	83
DRC1	0.028989	2.531626e+1	7749	68
KIR2DL4	0.028989	2.531621e+1	7750	64
GRAP	0.028986	2.531371e+1	7751	75
ADRA2B	0.028985	2.531263e+1	7752	79
TBC1D8B	0.028981	2.530923e+1	7753	86
FBXO4	0.028980	2.530819e+1	7754	76
CTSH	0.028963	2.529368e+1	7755	78
RPP25L	0.028960	2.529089e+1	7756	68
LIN7B	0.028953	2.528436e+1	7757	70
DCAF15	0.028947	2.527906e+1	7758	55
AZU1	0.028943	2.527565e+1	7759	72
ZCWPW2	0.028937	2.527074e+1	7760	63
SLC25A31	0.028934	2.526773e+1	7761	67
PDE8A	0.028932	2.526655e+1	7762	61
PPP2R3C	0.028931	2.526512e+1	7763	62
CDH10	0.028930	2.526481e+1	7764	72
WDR73	0.028930	2.526444e+1	7765	85
KCTD17	0.028927	2.526163e+1	7766	54
RAB25	0.028918	2.525382e+1	7767	79
IL26	0.028911	2.524767e+1	7768	71
KPTN	0.028908	2.524492e+1	7769	65
MAP3K8	0.028906	2.524340e+1	7770	71
PAFAH1B2	0.028903	2.524093e+1	7771	67
SLC24A4	0.028902	2.523994e+1	7772	74
MTHFSD	0.028899	2.523708e+1	7773	81
FBXW8	0.028883	2.522324e+1	7774	72
GABRA4	0.028882	2.522208e+1	7775	71
ZMYM3	0.028874	2.521549e+1	7776	80
NPC1L1	0.028866	2.520823e+1	7777	74
DOLK	0.028865	2.520770e+1	7778	68
AMER1	0.028864	2.520687e+1	7779	74
GYG2	0.028859	2.520241e+1	7780	69
FFAR1	0.028859	2.520217e+1	7781	74
SPRR2D	0.028850	2.519468e+1	7782	67
GPC6	0.028850	2.519465e+1	7783	80
ST6GALNAC1	0.028850	2.519424e+1	7784	60
RNF11	0.028844	2.518934e+1	7785	73
ST3GAL4	0.028830	2.517676e+1	7786	82
APLF	0.028822	2.517050e+1	7787	63
CERS5	0.028818	2.516645e+1	7788	45
PAX9	0.028813	2.516209e+1	7789	75
RORB	0.028802	2.515304e+1	7790	76
PRDM2	0.028801	2.515202e+1	7791	84
FADS6	0.028801	2.515200e+1	7792	72
UPB1	0.028794	2.514574e+1	7793	69
SLA2	0.028790	2.514248e+1	7794	75
TMEM109	0.028784	2.513666e+1	7795	65
SLC3A1	0.028781	2.513391e+1	7796	74
CDY2B	0.028774	2.512861e+1	7797	56
GPR39	0.028772	2.512616e+1	7798	84
CASTOR1	0.028770	2.512457e+1	7799	70
GUCY1B1	0.028767	2.512199e+1	7800	57
MEF2B	0.028760	2.511604e+1	7801	70
C1GALT1C1	0.028760	2.511576e+1	7802	67
RHAG	0.028758	2.511403e+1	7803	70
SETD3	0.028752	2.510889e+1	7804	78
EPB41L3	0.028741	2.509940e+1	7805	78
PROS1	0.028737	2.509621e+1	7806	68
REEP5	0.028732	2.509178e+1	7807	73
CDK18	0.028727	2.508716e+1	7808	87
FEM1C	0.028725	2.508553e+1	7809	67
TEX15	0.028723	2.508364e+1	7810	90
AMELY	0.028719	2.507994e+1	7811	72
HORMAD2	0.028719	2.507976e+1	7812	77
FBXO40	0.028714	2.507613e+1	7813	81
NEXN	0.028712	2.507394e+1	7814	76
SPG21	0.028711	2.507290e+1	7815	76
PPM1D	0.028710	2.507226e+1	7816	82
GAS8	0.028706	2.506865e+1	7817	74
GPR119	0.028699	2.506312e+1	7818	69
NUBP1	0.028696	2.506039e+1	7819	72
MED12L	0.028693	2.505714e+1	7820	51
GABRA3	0.028681	2.504682e+1	7821	71
DEFA1B	0.028668	2.503595e+1	7822	73
POU4F1	0.028663	2.503121e+1	7823	81
TTC29	0.028658	2.502668e+1	7824	81
SWAP70	0.028654	2.502327e+1	7825	99
SMPX	0.028650	2.501996e+1	7826	79
AGPAT4	0.028646	2.501641e+1	7827	54
NSL1	0.028645	2.501568e+1	7828	63
UBXN6	0.028638	2.500962e+1	7829	65
TMEM189	0.028618	2.499215e+1	7830	66
VPS37C	0.028617	2.499138e+1	7831	61
AGMAT	0.028617	2.499066e+1	7832	76
BOD1L1	0.028609	2.498391e+1	7833	77
PRMT8	0.028585	2.496339e+1	7834	81
CSN3	0.028580	2.495841e+1	7835	78
NPY5R	0.028579	2.495768e+1	7836	77
SLC25A11	0.028579	2.495763e+1	7837	81
ANGPTL3	0.028576	2.495559e+1	7838	75
PCID2	0.028573	2.495267e+1	7839	68
PAM16	0.028571	2.495082e+1	7840	63
NPFF	0.028571	2.495075e+1	7841	66
TPO	0.028570	2.495044e+1	7842	70
TRAPPC11	0.028568	2.494817e+1	7843	66
KRT6B	0.028566	2.494618e+1	7844	81
ERLIN1	0.028566	2.494613e+1	7845	71
FKBP1C	0.028551	2.493362e+1	7846	86
RMDN3	0.028543	2.492607e+1	7847	71
TNFSF18	0.028542	2.492572e+1	7848	76
ZNF395	0.028536	2.492014e+1	7849	89
SLC25A19	0.028535	2.491966e+1	7850	83
ASAH2	0.028523	2.490905e+1	7851	47
CDH9	0.028520	2.490626e+1	7852	72
DST	0.028516	2.490324e+1	7853	72
SLC27A4	0.028513	2.490023e+1	7854	81
EFCAB1	0.028511	2.489874e+1	7855	81
C17ORF97	0.028509	2.489648e+1	7856	68
MIP	0.028509	2.489633e+1	7857	67
CCDC103	0.028496	2.488525e+1	7858	66
L7N2F9_HUMAN	0.028496	2.488520e+1	7859	59
DNAJB8	0.028492	2.488185e+1	7860	85
RANBP6	0.028490	2.488057e+1	7861	79
KIR3DL2	0.028485	2.487556e+1	7862	63
PTGER2	0.028477	2.486922e+1	7863	62
HS6ST1	0.028472	2.486450e+1	7864	74
SOCS7	0.028460	2.485416e+1	7865	66
RAB43	0.028448	2.484368e+1	7866	76
FBXL7	0.028445	2.484125e+1	7867	90
RND2	0.028438	2.483454e+1	7868	73
ISCA2	0.028433	2.483073e+1	7869	68
NEGR1	0.028421	2.482033e+1	7870	83
ENSP00000478249	0.028401	2.480267e+1	7871	69
ZFX	0.028399	2.480076e+1	7872	75
MOGAT1	0.028389	2.479182e+1	7873	64
APOOL	0.028382	2.478589e+1	7874	64
FABP2	0.028379	2.478351e+1	7875	80
PAN2	0.028373	2.477842e+1	7876	83
CLEC1B	0.028366	2.477186e+1	7877	71
ANP32A	0.028361	2.476729e+1	7878	72
COL25A1	0.028352	2.475971e+1	7879	80
GCNT2	0.028344	2.475287e+1	7880	68
ADAT3	0.028343	2.475172e+1	7881	73
PRCD	0.028338	2.474745e+1	7882	64
LIN54	0.028338	2.474725e+1	7883	63
TSTD3	0.028331	2.474146e+1	7884	72
UBASH3A	0.028329	2.473951e+1	7885	79
MUC3A	0.028323	2.473464e+1	7886	81
CCS	0.028320	2.473171e+1	7887	78
MVB12B	0.028317	2.472868e+1	7888	60
ERP44	0.028315	2.472744e+1	7889	75
C1ORF158	0.028312	2.472448e+1	7890	58
DAPK3	0.028310	2.472290e+1	7891	70
HS2ST1	0.028309	2.472228e+1	7892	69
ALKBH3	0.028306	2.471951e+1	7893	72
NUS1	0.028306	2.471942e+1	7894	69
F5H5P2_HUMAN	0.028300	2.471386e+1	7895	65
ZP2	0.028297	2.471188e+1	7896	73
EIF4E1B	0.028296	2.471119e+1	7897	64
TUBA4B	0.028292	2.470761e+1	7898	80
DMTN	0.028292	2.470734e+1	7899	69
NDST1	0.028291	2.470680e+1	7900	72
AKAP10	0.028291	2.470613e+1	7901	69
GK5	0.028285	2.470102e+1	7902	91
PLS1	0.028273	2.469104e+1	7903	68
BCL7C	0.028271	2.468925e+1	7904	46
SRGAP3	0.028268	2.468589e+1	7905	72
IQGAP2	0.028259	2.467857e+1	7906	79
TSEN2	0.028253	2.467326e+1	7907	70
SETDB2	0.028252	2.467215e+1	7908	82
PSRC1	0.028240	2.466226e+1	7909	81
GALR2	0.028236	2.465836e+1	7910	70
WDR45	0.028235	2.465789e+1	7911	73
GBP4	0.028232	2.465512e+1	7912	74
MIS12	0.028232	2.465475e+1	7913	62
FCER2	0.028229	2.465183e+1	7914	80
F2RL2	0.028226	2.464935e+1	7915	82
CXORF56	0.028225	2.464847e+1	7916	74
PIP4P1	0.028222	2.464584e+1	7917	55
PHYH	0.028214	2.463927e+1	7918	73
FRS3	0.028208	2.463420e+1	7919	75
HMG20A	0.028207	2.463295e+1	7920	74
RGS9	0.028202	2.462883e+1	7921	68
HSD11B2	0.028199	2.462572e+1	7922	64
C9ORF135	0.028193	2.462085e+1	7923	58
HOOK3	0.028188	2.461663e+1	7924	75
ESD	0.028187	2.461516e+1	7925	68
CPD	0.028178	2.460809e+1	7926	80
EEF2K	0.028176	2.460599e+1	7927	60
SLC27A5	0.028174	2.460394e+1	7928	80
AIFM2	0.028172	2.460273e+1	7929	84
MYCBPAP	0.028169	2.459985e+1	7930	75
TCEANC2	0.028168	2.459916e+1	7931	81
MUSK	0.028165	2.459670e+1	7932	70
DGKK	0.028164	2.459530e+1	7933	65
MSRB1	0.028162	2.459332e+1	7934	69
HECW1	0.028161	2.459257e+1	7935	87
PAAF1	0.028155	2.458802e+1	7936	60
ATXN7L2	0.028155	2.458775e+1	7937	64
NAF1	0.028144	2.457843e+1	7938	63
HABP2	0.028143	2.457729e+1	7939	81
ALG6	0.028140	2.457437e+1	7940	65
ASB5	0.028131	2.456702e+1	7941	89
LEFTY1	0.028129	2.456459e+1	7942	73
GABRG3	0.028128	2.456406e+1	7943	69
HOXB7	0.028116	2.455329e+1	7944	69
CDC123	0.028110	2.454871e+1	7945	77
F2RL1	0.028107	2.454612e+1	7946	80
PADI4	0.028106	2.454484e+1	7947	71
ZMYND8	0.028102	2.454153e+1	7948	63
PTPRJ	0.028087	2.452817e+1	7949	76
DYNLRB2	0.028080	2.452172e+1	7950	65
ZNF513	0.028079	2.452130e+1	7951	65
IL1RAPL1	0.028076	2.451828e+1	7952	74
SLC25A37	0.028062	2.450625e+1	7953	72
GFI1B	0.028057	2.450220e+1	7954	76
TLK2	0.028054	2.449921e+1	7955	80
IL32	0.028052	2.449766e+1	7956	79
TREH	0.028052	2.449735e+1	7957	78
KRTAP8-1	0.028049	2.449465e+1	7958	66
ZBP1	0.028046	2.449256e+1	7959	69
PACSIN2	0.028044	2.449030e+1	7960	70
SH3GLB1	0.028042	2.448915e+1	7961	70
FAT4	0.028042	2.448891e+1	7962	85
ACTR6	0.028042	2.448874e+1	7963	66
IDI2	0.028041	2.448795e+1	7964	60
SLC29A1	0.028034	2.448176e+1	7965	76
SSTR4	0.028032	2.447989e+1	7966	75
DLGAP2	0.028024	2.447344e+1	7967	69
FGFR1OP2	0.028022	2.447111e+1	7968	65
RP9	0.028021	2.447089e+1	7969	64
MAPK8IP2	0.028012	2.446289e+1	7970	63
NIPA1	0.028002	2.445400e+1	7971	72
RTN3	0.027999	2.445119e+1	7972	72
SAMD9	0.027991	2.444425e+1	7973	65
LNPEP	0.027984	2.443861e+1	7974	73
RASGRP3	0.027981	2.443554e+1	7975	63
ADCYAP1R1	0.027977	2.443224e+1	7976	73
KCNT1	0.027969	2.442524e+1	7977	80
CAMK1D	0.027969	2.442496e+1	7978	69
RLIM	0.027967	2.442314e+1	7979	71
ARFRP1	0.027966	2.442243e+1	7980	72
CACHD1	0.027959	2.441636e+1	7981	74
SUGT1	0.027948	2.440690e+1	7982	76
ZIC2	0.027948	2.440653e+1	7983	81
CALR3	0.027941	2.440102e+1	7984	81
ACER2	0.027940	2.440003e+1	7985	48
TRIM37	0.027935	2.439508e+1	7986	82
HSPA14-2	0.027925	2.438713e+1	7987	79
SDF2	0.027916	2.437893e+1	7988	66
PDK3	0.027911	2.437433e+1	7989	76
FAXDC2	0.027902	2.436665e+1	7990	71
POU1F1	0.027901	2.436621e+1	7991	69
SPATA5	0.027892	2.435816e+1	7992	72
RILP	0.027886	2.435251e+1	7993	67
HMOX2	0.027877	2.434508e+1	7994	75
KDSR	0.027876	2.434440e+1	7995	57
NR2F1	0.027863	2.433301e+1	7996	80
WWC1	0.027861	2.433045e+1	7997	66
GPATCH1	0.027853	2.432408e+1	7998	72
PIGL	0.027846	2.431763e+1	7999	57
CHIT1	0.027835	2.430783e+1	8000	74
PEX26	0.027823	2.429738e+1	8001	60
SPTB	0.027820	2.429506e+1	8002	72
SIX5	0.027809	2.428588e+1	8003	80
POFUT1	0.027798	2.427615e+1	8004	72
SPRED2	0.027795	2.427350e+1	8005	88
OAZ3	0.027792	2.427082e+1	8006	88
AQP5	0.027785	2.426479e+1	8007	77
B3GLCT	0.027781	2.426122e+1	8008	80
KIF12	0.027778	2.425873e+1	8009	73
FGL2	0.027772	2.425286e+1	8010	83
KERA	0.027760	2.424245e+1	8011	79
DPPA3	0.027760	2.424223e+1	8012	75
MPP2	0.027759	2.424215e+1	8013	74
IFNW1	0.027751	2.423492e+1	8014	65
NFIB	0.027750	2.423399e+1	8015	87
PDLIM5	0.027749	2.423269e+1	8016	74
TNPO2	0.027746	2.423059e+1	8017	70
ABCA7	0.027741	2.422585e+1	8018	68
PDSS1	0.027739	2.422469e+1	8019	60
PLXNB3	0.027739	2.422398e+1	8020	60
SNCB	0.027737	2.422241e+1	8021	84
SCAP	0.027728	2.421449e+1	8022	73
SNCAIP	0.027726	2.421273e+1	8023	75
DGKI	0.027725	2.421241e+1	8024	57
KLHL8	0.027716	2.420403e+1	8025	53
AP3S2	0.027715	2.420310e+1	8026	54
INO80D	0.027702	2.419199e+1	8027	68
CABIN1	0.027700	2.419062e+1	8028	66
SGCG	0.027690	2.418137e+1	8029	59
IPO13	0.027688	2.417945e+1	8030	65
WLS	0.027678	2.417091e+1	8031	64
ACER1	0.027674	2.416775e+1	8032	48
SPRR2E	0.027672	2.416589e+1	8033	62
PTDSS1	0.027649	2.414574e+1	8034	57
LHX4	0.027648	2.414491e+1	8035	71
GTF3C5	0.027637	2.413539e+1	8036	67
CHRNA3	0.027637	2.413516e+1	8037	67
NUDT3	0.027636	2.413436e+1	8038	82
DLGAP3	0.027633	2.413166e+1	8039	66
DESI1	0.027619	2.411941e+1	8040	49
DPP10	0.027616	2.411664e+1	8041	70
LOXL1	0.027615	2.411583e+1	8042	73
PROCA1	0.027611	2.411256e+1	8043	88
FBXW4	0.027609	2.411063e+1	8044	71
PRKY	0.027604	2.410639e+1	8045	61
OMG	0.027595	2.409835e+1	8046	73
SLC4A4	0.027595	2.409834e+1	8047	81
ZRANB3	0.027583	2.408826e+1	8048	77
CFHR1	0.027582	2.408754e+1	8049	69
ACSBG1	0.027571	2.407785e+1	8050	67
MYO10	0.027567	2.407455e+1	8051	71
GPAT3	0.027564	2.407131e+1	8052	64
MIOX	0.027544	2.405406e+1	8053	56
AZIN2	0.027539	2.404973e+1	8054	68
TENT4B	0.027539	2.404965e+1	8055	69
FAH	0.027538	2.404873e+1	8056	75
SGPP2	0.027536	2.404691e+1	8057	47
ZSWIM7	0.027533	2.404410e+1	8058	56
RIMS2	0.027530	2.404220e+1	8059	71
SPAG17	0.027530	2.404199e+1	8060	81
PER3	0.027530	2.404176e+1	8061	52
PROK1	0.027518	2.403158e+1	8062	77
RFX1	0.027498	2.401345e+1	8063	73
APOF	0.027492	2.400841e+1	8064	58
MYBPC1	0.027488	2.400493e+1	8065	70
NIT2	0.027478	2.399625e+1	8066	69
AGPAT5	0.027456	2.397705e+1	8067	53
BCL9L	0.027451	2.397288e+1	8068	69
LCE3C	0.027439	2.396264e+1	8069	63
PROKR1	0.027437	2.396069e+1	8070	82
GNS	0.027436	2.395969e+1	8071	76
TCTEX1D2	0.027429	2.395353e+1	8072	62
CLCN5	0.027425	2.394968e+1	8073	75
METTL5	0.027422	2.394711e+1	8074	73
ACOT13	0.027410	2.393725e+1	8075	78
APPBP2	0.027405	2.393255e+1	8076	62
WASHC3	0.027405	2.393227e+1	8077	69
BTBD1	0.027400	2.392863e+1	8078	79
IL34	0.027399	2.392737e+1	8079	75
FKRP	0.027395	2.392350e+1	8080	57
AAMP	0.027392	2.392149e+1	8081	72
PTPN14	0.027383	2.391313e+1	8082	75
GPLD1	0.027378	2.390935e+1	8083	91
ISG20L2	0.027372	2.390401e+1	8084	88
DHX57	0.027372	2.390399e+1	8085	84
CCT8L2	0.027372	2.390376e+1	8086	64
DNAAF3	0.027371	2.390335e+1	8087	61
ENAH	0.027368	2.390069e+1	8088	62
ADGRD1	0.027368	2.390037e+1	8089	66
NLRP12	0.027366	2.389849e+1	8090	64
SLC25A16	0.027344	2.387955e+1	8091	84
LMOD2	0.027344	2.387909e+1	8092	73
HBD	0.027342	2.387727e+1	8093	64
HGD	0.027340	2.387592e+1	8094	71
DNAJC18	0.027340	2.387546e+1	8095	80
CAP1	0.027333	2.386942e+1	8096	63
SLC25A41	0.027329	2.386665e+1	8097	65
PPFIBP1	0.027328	2.386541e+1	8098	66
DEFA5	0.027325	2.386263e+1	8099	69
PLXNB2	0.027317	2.385578e+1	8100	54
TPP1	0.027317	2.385554e+1	8101	70
RBM20	0.027303	2.384329e+1	8102	68
PIEZO2	0.027277	2.382074e+1	8103	76
KCNIP2	0.027277	2.382050e+1	8104	73
CAPN2	0.027271	2.381520e+1	8105	66
DLX1	0.027268	2.381311e+1	8106	81
VWC2	0.027265	2.380996e+1	8107	78
SENP6	0.027253	2.380006e+1	8108	68
SERPINA4	0.027251	2.379799e+1	8109	80
LMX1A	0.027246	2.379399e+1	8110	76
IL1RAP	0.027242	2.378997e+1	8111	59
ELP6	0.027239	2.378731e+1	8112	71
SPRY1	0.027237	2.378633e+1	8113	74
UTS2	0.027237	2.378625e+1	8114	74
RGP1	0.027234	2.378301e+1	8115	69
GDPD1	0.027232	2.378190e+1	8116	63
SLC22A2	0.027222	2.377326e+1	8117	79
HOXA10	0.027218	2.376947e+1	8118	75
MYO5C	0.027215	2.376669e+1	8119	81
NCAPH2	0.027215	2.376648e+1	8120	69
COPRS	0.027214	2.376603e+1	8121	77
BRDT	0.027213	2.376469e+1	8122	71
TCTN2	0.027207	2.375987e+1	8123	63
SKIL	0.027207	2.375979e+1	8124	70
LRSAM1	0.027195	2.374961e+1	8125	77
ALDH8A1	0.027194	2.374873e+1	8126	85
PITX3	0.027187	2.374187e+1	8127	69
CUBN	0.027173	2.373029e+1	8128	71
F13B	0.027170	2.372744e+1	8129	69
ANXA6	0.027169	2.372655e+1	8130	76
HCCS	0.027168	2.372565e+1	8131	73
KBTBD13	0.027164	2.372216e+1	8132	73
CLBA1	0.027156	2.371487e+1	8133	77
NAA25	0.027153	2.371239e+1	8134	71
ATG4D	0.027147	2.370732e+1	8135	61
LCE2B	0.027147	2.370722e+1	8136	54
FABP5	0.027143	2.370343e+1	8137	76
ADAT2	0.027140	2.370116e+1	8138	73
STK3	0.027129	2.369195e+1	8139	56
CMTR1	0.027113	2.367752e+1	8140	80
NFATC4	0.027105	2.367067e+1	8141	67
GUCY1A1	0.027100	2.366614e+1	8142	53
HOMER2	0.027093	2.366031e+1	8143	68
SLC25A20	0.027088	2.365572e+1	8144	69
C12ORF66	0.027086	2.365404e+1	8145	61
CER1	0.027084	2.365269e+1	8146	59
NAT2	0.027080	2.364854e+1	8147	66
PRKCSH	0.027080	2.364841e+1	8148	69
WDPCP	0.027079	2.364786e+1	8149	63
HOXD13	0.027067	2.363756e+1	8150	77
NANOS2	0.027061	2.363260e+1	8151	63
SAT1	0.027057	2.362886e+1	8152	66
HTR7	0.027053	2.362499e+1	8153	58
KCNN2	0.027048	2.362071e+1	8154	57
MKLN1	0.027043	2.361613e+1	8155	70
PTPRA	0.027037	2.361170e+1	8156	77
NAP1L4	0.027031	2.360560e+1	8157	70
LHX9	0.027029	2.360390e+1	8158	72
ABHD6	0.027020	2.359654e+1	8159	75
TFF3	0.027015	2.359169e+1	8160	74
B4GALT4	0.027006	2.358453e+1	8161	63
MAGEA4	0.026994	2.357397e+1	8162	76
NTSR2	0.026988	2.356871e+1	8163	78
MAU2	0.026984	2.356491e+1	8164	68
TNFSF8	0.026983	2.356390e+1	8165	73
ATP2B3	0.026977	2.355914e+1	8166	73
SKAP1	0.026973	2.355524e+1	8167	66
LMAN2L	0.026970	2.355293e+1	8168	75
CEP76	0.026966	2.354962e+1	8169	76
CEP41	0.026965	2.354850e+1	8170	74
S1PR4	0.026962	2.354608e+1	8171	73
MAFK	0.026960	2.354365e+1	8172	68
OLFM4	0.026942	2.352854e+1	8173	77
SLN	0.026942	2.352820e+1	8174	66
ZNF830	0.026939	2.352595e+1	8175	63
INPP5A	0.026928	2.351634e+1	8176	55
CKMT2	0.026926	2.351474e+1	8177	71
ACOD1	0.026922	2.351093e+1	8178	78
RALBP1	0.026922	2.351088e+1	8179	56
SIKE1	0.026922	2.351080e+1	8180	54
FKBP2	0.026920	2.350871e+1	8181	69
CA1	0.026919	2.350805e+1	8182	74
LIN9	0.026911	2.350153e+1	8183	58
P2RY13	0.026909	2.349936e+1	8184	75
B4GALNT1	0.026906	2.349645e+1	8185	67
MYL10	0.026904	2.349499e+1	8186	64
CCNG2	0.026901	2.349269e+1	8187	81
COL24A1	0.026899	2.349067e+1	8188	76
WSB1	0.026897	2.348909e+1	8189	75
INTS12	0.026896	2.348853e+1	8190	58
APOC4	0.026888	2.348159e+1	8191	57
PTGDS	0.026858	2.345472e+1	8192	68
PAX1	0.026857	2.345449e+1	8193	81
TRIM56	0.026857	2.345402e+1	8194	74
SLPI	0.026851	2.344884e+1	8195	74
NRTN	0.026842	2.344058e+1	8196	67
GET4	0.026834	2.343401e+1	8197	68
USF2	0.026828	2.342841e+1	8198	75
GABRG1	0.026827	2.342773e+1	8199	69
CKB	0.026826	2.342715e+1	8200	71
DNAH6	0.026815	2.341704e+1	8201	77
RHNO1	0.026813	2.341591e+1	8202	71
USP47	0.026811	2.341409e+1	8203	82
PPP4R3B	0.026810	2.341278e+1	8204	65
BBS12	0.026803	2.340672e+1	8205	57
SLIT1	0.026793	2.339804e+1	8206	72
STK39	0.026786	2.339203e+1	8207	61
RAD9B	0.026784	2.339024e+1	8208	61
BMP5	0.026771	2.337870e+1	8209	67
EIF1AD	0.026769	2.337709e+1	8210	48
ZNRF3	0.026765	2.337363e+1	8211	55
MCMDC2	0.026756	2.336568e+1	8212	67
PREP	0.026753	2.336367e+1	8213	69
ST13	0.026752	2.336232e+1	8214	71
RIN3	0.026742	2.335376e+1	8215	70
POU3F4	0.026728	2.334159e+1	8216	84
LRP1B	0.026723	2.333681e+1	8217	81
PROX1	0.026713	2.332847e+1	8218	75
DNAH2	0.026708	2.332358e+1	8219	68
MBNL2	0.026705	2.332092e+1	8220	75
HIVEP3	0.026699	2.331617e+1	8221	86
DNAJC13	0.026695	2.331289e+1	8222	71
HBZ	0.026686	2.330457e+1	8223	63
TPD52	0.026685	2.330353e+1	8224	75
HNRNPLL	0.026684	2.330267e+1	8225	79
IMPA2	0.026671	2.329159e+1	8226	62
GFRA2	0.026663	2.328472e+1	8227	73
DIP2A	0.026644	2.326847e+1	8228	80
CD5L	0.026631	2.325648e+1	8229	75
KRT71	0.026623	2.324980e+1	8230	75
LHX8	0.026620	2.324671e+1	8231	73
TRPM1	0.026609	2.323771e+1	8232	70
KCNMB1	0.026603	2.323270e+1	8233	61
SLC7A1	0.026603	2.323223e+1	8234	74
SPARCL1	0.026591	2.322220e+1	8235	84
ZFPM2	0.026586	2.321738e+1	8236	73
HBE1	0.026583	2.321449e+1	8237	66
C8G	0.026579	2.321088e+1	8238	68
TRAPPC6A	0.026566	2.320022e+1	8239	61
CLDN19	0.026565	2.319930e+1	8240	64
KYNU	0.026565	2.319870e+1	8241	65
NXF5	0.026562	2.319642e+1	8242	66
ATF5	0.026558	2.319286e+1	8243	66
CDKN2D	0.026557	2.319206e+1	8244	70
CATSPER4	0.026555	2.319072e+1	8245	53
COL19A1	0.026553	2.318876e+1	8246	78
HAS1	0.026551	2.318706e+1	8247	89
GJA3	0.026542	2.317866e+1	8248	60
CEP70	0.026536	2.317344e+1	8249	76
GJC2	0.026529	2.316743e+1	8250	75
KIAA0319	0.026509	2.315007e+1	8251	74
SV2B	0.026506	2.314769e+1	8252	73
SYT4	0.026506	2.314718e+1	8253	77
ZNF326	0.026504	2.314602e+1	8254	74
CATSPERG	0.026503	2.314467e+1	8255	54
TMEM231	0.026501	2.314320e+1	8256	60
AVPR1A	0.026500	2.314267e+1	8257	65
SOHLH1	0.026496	2.313885e+1	8258	74
GUCA1A	0.026496	2.313883e+1	8259	68
RETREG3	0.026493	2.313579e+1	8260	77
HJV	0.026491	2.313487e+1	8261	60
PIP5KL1	0.026490	2.313317e+1	8262	47
C5ORF49	0.026485	2.312893e+1	8263	50
NXF3	0.026480	2.312521e+1	8264	58
NXF2	0.026479	2.312432e+1	8265	72
ADIPOR2	0.026474	2.311953e+1	8266	71
UBOX5	0.026472	2.311774e+1	8267	78
FAM120B	0.026463	2.310994e+1	8268	72
TCEANC	0.026459	2.310613e+1	8269	74
ST3GAL2	0.026454	2.310210e+1	8270	66
HOXA7	0.026449	2.309764e+1	8271	64
PCYT1A	0.026447	2.309593e+1	8272	69
BHLHE41	0.026438	2.308832e+1	8273	62
BICD1	0.026437	2.308736e+1	8274	66
FES	0.026436	2.308618e+1	8275	69
ETV5	0.026435	2.308590e+1	8276	73
ZNHIT2	0.026434	2.308459e+1	8277	69
PPP1R9A	0.026432	2.308328e+1	8278	77
NAPRT	0.026432	2.308263e+1	8279	58
TDRD12	0.026432	2.308258e+1	8280	71
NSMCE1	0.026429	2.308008e+1	8281	65
SCD5	0.026423	2.307550e+1	8282	66
INSIG2	0.026417	2.307004e+1	8283	70
CPEB3	0.026400	2.305482e+1	8284	54
PCDH7	0.026398	2.305288e+1	8285	85
BOLA3	0.026397	2.305203e+1	8286	61
SSR3	0.026390	2.304599e+1	8287	57
RBPJL	0.026388	2.304455e+1	8288	50
KTN1	0.026380	2.303748e+1	8289	74
MGAT5	0.026375	2.303272e+1	8290	70
GPR55	0.026373	2.303105e+1	8291	63
LMOD1	0.026372	2.303093e+1	8292	68
QRFP	0.026370	2.302872e+1	8293	70
PCYOX1	0.026361	2.302052e+1	8294	61
EMC3	0.026354	2.301524e+1	8295	65
VPS37D	0.026352	2.301314e+1	8296	56
KCNIP3	0.026349	2.301023e+1	8297	72
PKNOX1	0.026342	2.300467e+1	8298	69
CHAC2	0.026330	2.299387e+1	8299	50
IRF6	0.026311	2.297760e+1	8300	74
BIRC7	0.026307	2.297344e+1	8301	62
FUT1	0.026301	2.296865e+1	8302	52
RNASE3	0.026296	2.296403e+1	8303	66
ZCCHC7	0.026285	2.295482e+1	8304	59
SGMS1	0.026280	2.295062e+1	8305	44
DNAAF5	0.026276	2.294684e+1	8306	62
COL13A1	0.026271	2.294209e+1	8307	70
LY6E	0.026255	2.292796e+1	8308	70
ZFYVE26	0.026251	2.292503e+1	8309	70
WEE2	0.026246	2.292030e+1	8310	74
LIPT1	0.026243	2.291754e+1	8311	62
TRAIP	0.026241	2.291605e+1	8312	74
TRPM6	0.026237	2.291221e+1	8313	68
ATG4C	0.026236	2.291148e+1	8314	58
CHGB	0.026228	2.290508e+1	8315	75
MFAP5	0.026225	2.290227e+1	8316	70
ADAMTS3	0.026221	2.289870e+1	8317	70
AKIRIN2	0.026219	2.289669e+1	8318	65
CSPP1	0.026209	2.288777e+1	8319	69
EFCAB9	0.026202	2.288218e+1	8320	52
ATG4A	0.026193	2.287389e+1	8321	57
KMT5C	0.026188	2.286989e+1	8322	68
ACVR1C	0.026183	2.286589e+1	8323	55
AKR1A1	0.026183	2.286545e+1	8324	60
AASDHPPT	0.026183	2.286524e+1	8325	65
OPN1SW	0.026175	2.285853e+1	8326	69
PPP1R1A	0.026169	2.285319e+1	8327	49
MAZ	0.026167	2.285187e+1	8328	74
CALU	0.026162	2.284715e+1	8329	72
NPB	0.026158	2.284388e+1	8330	70
AADAT	0.026158	2.284323e+1	8331	62
CLDN18	0.026144	2.283137e+1	8332	64
SAR1A	0.026143	2.283097e+1	8333	57
GRXCR2	0.026139	2.282682e+1	8334	64
CLK3	0.026138	2.282585e+1	8335	63
NPC2	0.026135	2.282328e+1	8336	72
HOXA5	0.026135	2.282316e+1	8337	63
ETAA1	0.026129	2.281875e+1	8338	75
HELQ	0.026124	2.281388e+1	8339	75
CISD2	0.026105	2.279770e+1	8340	75
DPF1	0.026097	2.279034e+1	8341	46
ZIC3	0.026093	2.278719e+1	8342	72
ACSM3	0.026088	2.278286e+1	8343	81
SZT2	0.026076	2.277188e+1	8344	56
TMEM232	0.026039	2.273965e+1	8345	82
RIPK4	0.026034	2.273559e+1	8346	82
CEBPG	0.026021	2.272384e+1	8347	66
CDK17	0.026019	2.272223e+1	8348	77
OPLAH	0.026009	2.271386e+1	8349	62
CDHR1	0.026009	2.271347e+1	8350	73
VPS26B	0.026003	2.270791e+1	8351	66
TECR	0.026002	2.270716e+1	8352	55
GPNMB	0.026001	2.270650e+1	8353	74
MAP3K2	0.025998	2.270403e+1	8354	66
USP37	0.025996	2.270226e+1	8355	74
SS18L1	0.025985	2.269230e+1	8356	54
USP51	0.025977	2.268595e+1	8357	59
SQOR	0.025971	2.268062e+1	8358	71
INTS10	0.025967	2.267717e+1	8359	58
PTPRN	0.025963	2.267331e+1	8360	68
PEPD	0.025953	2.266500e+1	8361	78
RALGAPB	0.025953	2.266426e+1	8362	77
DDX59	0.025952	2.266384e+1	8363	80
AFM	0.025952	2.266338e+1	8364	75
GGA2	0.025950	2.266171e+1	8365	68
CMC2	0.025943	2.265562e+1	8366	74
SLC16A3	0.025935	2.264924e+1	8367	70
KRT2	0.025935	2.264856e+1	8368	74
SCTR	0.025934	2.264780e+1	8369	64
MPP3	0.025926	2.264112e+1	8370	70
LILRB4	0.025924	2.263921e+1	8371	67
ASB12	0.025901	2.261936e+1	8372	80
SCAF4	0.025901	2.261922e+1	8373	70
ATG9B	0.025890	2.260925e+1	8374	60
IGKV2D-29	0.025887	2.260742e+1	8375	57
SPICE1	0.025881	2.260198e+1	8376	76
SPATA16	0.025878	2.259954e+1	8377	73
TUBGCP4	0.025871	2.259268e+1	8378	57
KHDC3L	0.025869	2.259099e+1	8379	74
LOXHD1	0.025867	2.258967e+1	8380	72
HTR1E	0.025866	2.258826e+1	8381	62
ULK3	0.025860	2.258321e+1	8382	62
KRIT1	0.025858	2.258154e+1	8383	62
MOCS2	0.025857	2.258111e+1	8384	62
ARHGDIB	0.025855	2.257930e+1	8385	63
CYP39A1	0.025852	2.257630e+1	8386	69
PRM2	0.025848	2.257297e+1	8387	75
CATSPERE	0.025845	2.257070e+1	8388	51
ABCB6	0.025845	2.257043e+1	8389	65
TNFRSF21	0.025844	2.256926e+1	8390	69
EMSY	0.025843	2.256867e+1	8391	67
REPS2	0.025842	2.256781e+1	8392	67
MMP10	0.025840	2.256558e+1	8393	68
C7	0.025832	2.255885e+1	8394	60
PRRX1	0.025823	2.255097e+1	8395	73
PIGK	0.025819	2.254766e+1	8396	57
IMPG2	0.025818	2.254674e+1	8397	58
COLEC10	0.025812	2.254136e+1	8398	67
MYO1A	0.025802	2.253318e+1	8399	62
CFDP1	0.025802	2.253249e+1	8400	61
VMP1	0.025794	2.252598e+1	8401	65
TBX20	0.025789	2.252180e+1	8402	67
HAS3	0.025785	2.251811e+1	8403	85
TNP1	0.025772	2.250644e+1	8404	73
RBPMS	0.025770	2.250478e+1	8405	75
SARM1	0.025760	2.249644e+1	8406	63
UBE2D4	0.025760	2.249637e+1	8407	60
ASGR1	0.025754	2.249071e+1	8408	68
GJB6	0.025754	2.249062e+1	8409	69
CLDN14	0.025753	2.249003e+1	8410	64
MC3R	0.025751	2.248793e+1	8411	66
A1BG	0.025746	2.248385e+1	8412	69
FUT3	0.025737	2.247566e+1	8413	54
CLCN1	0.025730	2.246961e+1	8414	66
CD72	0.025730	2.246945e+1	8415	67
TNK2	0.025726	2.246598e+1	8416	64
GPR18	0.025720	2.246120e+1	8417	74
TNNC1	0.025719	2.246065e+1	8418	59
ACSBG2	0.025718	2.245941e+1	8419	67
H2AB3	0.025716	2.245730e+1	8420	49
SLC26A5	0.025714	2.245565e+1	8421	70
ERMN	0.025712	2.245384e+1	8422	77
SFTPB	0.025706	2.244904e+1	8423	61
SETD5	0.025698	2.244221e+1	8424	79
GREB1	0.025697	2.244145e+1	8425	70
PAFAH1B3	0.025690	2.243516e+1	8426	57
SLC22A7	0.025686	2.243162e+1	8427	70
ADARB1	0.025685	2.243026e+1	8428	71
RASGRP4	0.025684	2.242947e+1	8429	64
MYH13	0.025679	2.242567e+1	8430	61
UFM1	0.025676	2.242287e+1	8431	66
ELF3	0.025672	2.241900e+1	8432	71
CRAT	0.025665	2.241278e+1	8433	70
IGHD	0.025649	2.239881e+1	8434	68
ALKBH8	0.025648	2.239801e+1	8435	68
ADAMTS5	0.025645	2.239547e+1	8436	69
SMS	0.025643	2.239384e+1	8437	64
WDR93	0.025643	2.239384e+1	8438	70
CTCFL	0.025639	2.239058e+1	8439	71
GHITM	0.025635	2.238704e+1	8440	73
KCTD7	0.025633	2.238548e+1	8441	72
AGGF1	0.025631	2.238333e+1	8442	76
ZFY	0.025630	2.238244e+1	8443	59
COL21A1	0.025621	2.237497e+1	8444	67
HM13	0.025617	2.237137e+1	8445	68
NMBR	0.025617	2.237129e+1	8446	72
NNT	0.025616	2.237037e+1	8447	60
FSTL1	0.025614	2.236835e+1	8448	71
LGR4	0.025610	2.236550e+1	8449	66
UBE2R2	0.025610	2.236520e+1	8450	64
GPC2	0.025606	2.236185e+1	8451	67
TECPR2	0.025606	2.236135e+1	8452	69
HIC1	0.025600	2.235649e+1	8453	70
UCK1	0.025594	2.235098e+1	8454	55
STAB1	0.025589	2.234647e+1	8455	74
GLRX2	0.025582	2.234078e+1	8456	68
SIX2	0.025582	2.234030e+1	8457	71
NLRP6	0.025581	2.234016e+1	8458	53
RBM15B	0.025573	2.233295e+1	8459	54
MCFD2	0.025569	2.232891e+1	8460	65
COL23A1	0.025568	2.232878e+1	8461	70
SRI	0.025567	2.232779e+1	8462	66
MXI1	0.025567	2.232759e+1	8463	67
OPHN1	0.025567	2.232753e+1	8464	73
RARRES2	0.025567	2.232725e+1	8465	68
GYG1	0.025567	2.232712e+1	8466	55
ARFGEF2	0.025566	2.232653e+1	8467	81
FAAP20	0.025559	2.232036e+1	8468	52
WDR78	0.025558	2.231997e+1	8469	63
RBMXL2	0.025557	2.231910e+1	8470	65
VPS8	0.025556	2.231793e+1	8471	64
BRMS1L	0.025549	2.231184e+1	8472	55
PER1	0.025545	2.230872e+1	8473	55
RAB11FIP2	0.025534	2.229884e+1	8474	66
P2RX3	0.025532	2.229714e+1	8475	57
ALOX5AP	0.025528	2.229381e+1	8476	71
CACYBP	0.025521	2.228755e+1	8477	62
SAGE1	0.025519	2.228537e+1	8478	65
NDRG1	0.025518	2.228454e+1	8479	72
PLAAT1	0.025516	2.228318e+1	8480	83
RNASEH2B	0.025513	2.228070e+1	8481	70
EMX2	0.025512	2.227990e+1	8482	75
PELI1	0.025510	2.227776e+1	8483	64
DUS3L	0.025491	2.226109e+1	8484	76
GAS7	0.025481	2.225203e+1	8485	80
FXYD1	0.025471	2.224364e+1	8486	56
DNAH7	0.025470	2.224302e+1	8487	65
AP3B2	0.025469	2.224161e+1	8488	58
ULBP2	0.025468	2.224106e+1	8489	67
IL37	0.025463	2.223643e+1	8490	66
RBP1	0.025460	2.223410e+1	8491	64
STK26	0.025460	2.223397e+1	8492	50
TTBK2	0.025454	2.222895e+1	8493	66
BAMBI	0.025452	2.222677e+1	8494	54
RSPO3	0.025447	2.222264e+1	8495	69
ERG28	0.025446	2.222143e+1	8496	54
BIK	0.025444	2.222019e+1	8497	62
ARHGAP9	0.025442	2.221859e+1	8498	75
UGGT2	0.025439	2.221535e+1	8499	68
STIM2	0.025438	2.221515e+1	8500	59
SLC35C1	0.025432	2.220968e+1	8501	68
IFT22	0.025428	2.220650e+1	8502	51
P3H2	0.025426	2.220413e+1	8503	67
PRICKLE4	0.025426	2.220400e+1	8504	65
FOXK2	0.025422	2.220051e+1	8505	68
SLC25A13	0.025420	2.219876e+1	8506	70
RCHY1	0.025410	2.219039e+1	8507	67
SPEN	0.025404	2.218549e+1	8508	71
APBA2	0.025404	2.218531e+1	8509	67
S1PR5	0.025389	2.217184e+1	8510	67
MTMR6	0.025388	2.217143e+1	8511	52
DTX3L	0.025386	2.216974e+1	8512	64
BICRAL	0.025374	2.215911e+1	8513	45
DTX1	0.025370	2.215591e+1	8514	64
SLC30A1	0.025365	2.215075e+1	8515	63
POU4F2	0.025363	2.214963e+1	8516	72
INTS14	0.025363	2.214901e+1	8517	57
SLC45A2	0.025344	2.213313e+1	8518	63
SASH3	0.025340	2.212936e+1	8519	75
CT45A1	0.025336	2.212558e+1	8520	68
ATF1	0.025333	2.212354e+1	8521	55
HSPB6	0.025331	2.212133e+1	8522	68
EIF4E3	0.025330	2.212068e+1	8523	60
TMF1	0.025328	2.211915e+1	8524	68
SLCO2B1	0.025326	2.211677e+1	8525	70
RPRD1B	0.025325	2.211644e+1	8526	51
CYTH1	0.025317	2.210920e+1	8527	56
DYNLT3	0.025317	2.210880e+1	8528	55
LTB4R	0.025312	2.210517e+1	8529	70
CYTH4	0.025304	2.209784e+1	8530	69
DOK2	0.025300	2.209440e+1	8531	67
PIGM	0.025294	2.208906e+1	8532	54
QTRT1	0.025294	2.208881e+1	8533	72
MAGEC1	0.025292	2.208740e+1	8534	71
STRADB	0.025289	2.208519e+1	8535	60
HOXA4	0.025282	2.207847e+1	8536	70
RAB29	0.025279	2.207567e+1	8537	64
HERPUD1	0.025276	2.207322e+1	8538	67
NRAP	0.025272	2.206948e+1	8539	70
TFF1	0.025269	2.206686e+1	8540	70
WDR60	0.025263	2.206234e+1	8541	53
ATG2A	0.025262	2.206145e+1	8542	52
AP5S1	0.025259	2.205876e+1	8543	53
CABP4	0.025244	2.204579e+1	8544	67
CHTF8	0.025243	2.204453e+1	8545	56
KRT27	0.025238	2.204014e+1	8546	70
MTNR1A	0.025222	2.202631e+1	8547	62
DEFB106B	0.025216	2.202106e+1	8548	55
SLC2A8	0.025215	2.202056e+1	8549	82
GALNT1	0.025208	2.201424e+1	8550	72
MYLIP	0.025200	2.200725e+1	8551	64
MST1R	0.025197	2.200455e+1	8552	69
ESRP2	0.025197	2.200455e+1	8553	70
PNPLA7	0.025190	2.199870e+1	8554	54
AMOTL1	0.025176	2.198577e+1	8555	55
ACAD11	0.025174	2.198412e+1	8556	70
COLGALT2	0.025169	2.197972e+1	8557	59
KCNN1	0.025166	2.197723e+1	8558	64
NSMCE4A	0.025166	2.197698e+1	8559	61
USP27X	0.025158	2.197000e+1	8560	57
CDC42EP4	0.025140	2.195491e+1	8561	73
UTS2B	0.025140	2.195450e+1	8562	76
TBCA	0.025135	2.195017e+1	8563	64
TRIM52	0.025122	2.193881e+1	8564	75
PBX3	0.025118	2.193516e+1	8565	66
SCN7A	0.025116	2.193403e+1	8566	60
CORO1C	0.025114	2.193202e+1	8567	71
ATL3	0.025112	2.193053e+1	8568	61
PRODH2	0.025111	2.192919e+1	8569	72
RIDA	0.025108	2.192631e+1	8570	73
SPATA5L1	0.025105	2.192381e+1	8571	65
MKKS	0.025102	2.192118e+1	8572	59
MIPEP	0.025097	2.191694e+1	8573	75
ASB9	0.025094	2.191460e+1	8574	68
QRICH1	0.025092	2.191277e+1	8575	77
FNIP2	0.025089	2.191027e+1	8576	64
INSRR	0.025078	2.190042e+1	8577	53
MAN1A1	0.025049	2.187559e+1	8578	68
CNTD2	0.025048	2.187431e+1	8579	71
PMM1	0.025048	2.187394e+1	8580	68
ATF7IP	0.025047	2.187378e+1	8581	61
RPUSD1	0.025044	2.187044e+1	8582	65
CPLX4	0.025042	2.186866e+1	8583	65
HOXD1	0.025039	2.186628e+1	8584	71
RAB27B	0.025033	2.186082e+1	8585	60
RAB32	0.025027	2.185630e+1	8586	65
FASTKD3	0.025025	2.185436e+1	8587	74
DSC1	0.025020	2.184965e+1	8588	59
LRRK1	0.025018	2.184837e+1	8589	76
CRABP2	0.025018	2.184829e+1	8590	66
RMND5A	0.025013	2.184395e+1	8591	63
CAPNS1	0.025013	2.184338e+1	8592	62
ATL1	0.025007	2.183808e+1	8593	63
LCE2C	0.025000	2.183220e+1	8594	51
ATP1B2	0.024995	2.182778e+1	8595	50
MUC21	0.024988	2.182195e+1	8596	74
MUC19	0.024986	2.182035e+1	8597	73
BMT2	0.024981	2.181561e+1	8598	67
SPACA9	0.024963	2.179963e+1	8599	49
CHRNA5	0.024955	2.179281e+1	8600	63
IRX3	0.024950	2.178910e+1	8601	77
SNAPC5	0.024949	2.178808e+1	8602	60
SNAPC1	0.024940	2.178024e+1	8603	56
KRT33B	0.024939	2.177908e+1	8604	69
SH3PXD2A	0.024938	2.177849e+1	8605	60
GTF3C2	0.024937	2.177697e+1	8606	62
TM4SF19	0.024935	2.177531e+1	8607	62
LSM12	0.024931	2.177232e+1	8608	60
INPP5K	0.024929	2.177012e+1	8609	62
NCR3LG1	0.024929	2.176994e+1	8610	62
RDH5	0.024925	2.176673e+1	8611	62
CEP89	0.024924	2.176622e+1	8612	63
MON1A	0.024924	2.176568e+1	8613	65
CMSS1	0.024923	2.176528e+1	8614	69
RTKN	0.024921	2.176297e+1	8615	70
CPA1	0.024916	2.175929e+1	8616	56
HIKESHI	0.024904	2.174876e+1	8617	73
COLEC11	0.024895	2.174058e+1	8618	60
LOXL2	0.024885	2.173197e+1	8619	70
NUDCD3	0.024883	2.173048e+1	8620	61
IL17RB	0.024877	2.172471e+1	8621	58
ADAM9	0.024876	2.172398e+1	8622	67
CATSPERZ	0.024865	2.171438e+1	8623	50
CLASRP	0.024860	2.170993e+1	8624	63
PSPC1	0.024857	2.170786e+1	8625	68
ID4	0.024856	2.170648e+1	8626	66
FOXF1	0.024856	2.170634e+1	8627	70
RHOV	0.024855	2.170566e+1	8628	64
FIGLA	0.024849	2.170030e+1	8629	61
BLOC1S4	0.024839	2.169166e+1	8630	61
SORBS3	0.024832	2.168607e+1	8631	63
PTDSS2	0.024832	2.168565e+1	8632	50
RNF213	0.024826	2.168079e+1	8633	75
ANG	0.024825	2.167955e+1	8634	63
ALG8	0.024824	2.167877e+1	8635	61
NAIF1	0.024820	2.167525e+1	8636	70
CHRNA2	0.024819	2.167472e+1	8637	60
KRT15	0.024818	2.167344e+1	8638	79
LCE1B	0.024814	2.167000e+1	8639	50
KCNK9	0.024813	2.166913e+1	8640	67
LILRB3	0.024802	2.165951e+1	8641	70
SGMS2	0.024796	2.165429e+1	8642	41
EID3	0.024789	2.164788e+1	8643	62
PRMT7	0.024786	2.164578e+1	8644	70
SNTB2	0.024782	2.164180e+1	8645	55
DAB2IP	0.024774	2.163497e+1	8646	65
SLITRK1	0.024772	2.163355e+1	8647	72
PHKA2	0.024767	2.162929e+1	8648	55
MYBL1	0.024761	2.162340e+1	8649	75
P2RX1	0.024751	2.161528e+1	8650	58
ELOVL5	0.024745	2.160978e+1	8651	74
MAP4K4	0.024745	2.160949e+1	8652	69
DNAL4	0.024726	2.159343e+1	8653	69
RFWD3	0.024726	2.159295e+1	8654	63
GNRH2	0.024719	2.158712e+1	8655	64
PLK5	0.024717	2.158498e+1	8656	71
ARTN	0.024715	2.158329e+1	8657	64
CAMK1	0.024713	2.158182e+1	8658	57
PLEKHG3	0.024708	2.157715e+1	8659	89
NGLY1	0.024700	2.157035e+1	8660	65
CCDC14	0.024698	2.156871e+1	8661	60
INTS13	0.024696	2.156649e+1	8662	52
ABCD1	0.024688	2.156018e+1	8663	53
SERPINB5	0.024686	2.155823e+1	8664	75
FAM183A	0.024676	2.154903e+1	8665	47
OTUD1	0.024666	2.154045e+1	8666	75
NISCH	0.024665	2.154006e+1	8667	70
ALDH1L2	0.024658	2.153398e+1	8668	65
PHKG2	0.024654	2.153048e+1	8669	53
EPM2A	0.024646	2.152329e+1	8670	62
HOPX	0.024645	2.152194e+1	8671	73
GJB3	0.024644	2.152118e+1	8672	72
DNAJC16	0.024641	2.151872e+1	8673	79
GRK4	0.024640	2.151780e+1	8674	60
P4HA3	0.024639	2.151687e+1	8675	71
LIN52	0.024630	2.150916e+1	8676	53
ARL8B	0.024620	2.150032e+1	8677	67
GGNBP2	0.024619	2.149951e+1	8678	70
CIR1	0.024616	2.149741e+1	8679	46
TAS2R50	0.024602	2.148465e+1	8680	66
LBP	0.024601	2.148433e+1	8681	66
MMS22L	0.024599	2.148236e+1	8682	68
UTS2R	0.024599	2.148197e+1	8683	76
TMEM237	0.024593	2.147708e+1	8684	57
SELENOK	0.024588	2.147216e+1	8685	53
DNAH17	0.024580	2.146600e+1	8686	61
PGLYRP1	0.024579	2.146442e+1	8687	67
SLC22A6	0.024578	2.146373e+1	8688	68
RAPSN	0.024575	2.146086e+1	8689	57
UBASH3B	0.024571	2.145771e+1	8690	69
CDK14	0.024563	2.145072e+1	8691	71
MLLT6	0.024558	2.144603e+1	8692	59
KLHL11	0.024552	2.144103e+1	8693	75
CRYAA	0.024543	2.143300e+1	8694	55
DNAJC30	0.024542	2.143270e+1	8695	70
LCE1A	0.024541	2.143130e+1	8696	47
CDO1	0.024541	2.143120e+1	8697	57
CYTH2	0.024531	2.142282e+1	8698	55
KLHDC3	0.024519	2.141231e+1	8699	52
TTC21A	0.024513	2.140707e+1	8700	60
KIAA1549	0.024504	2.139947e+1	8701	68
ASB7	0.024497	2.139331e+1	8702	67
FUBP3	0.024486	2.138386e+1	8703	73
NLRP2	0.024485	2.138235e+1	8704	57
CLEC9A	0.024467	2.136674e+1	8705	67
RDH11	0.024467	2.136661e+1	8706	53
TRIM13	0.024455	2.135680e+1	8707	68
PAEP	0.024451	2.135326e+1	8708	66
PPOX	0.024451	2.135283e+1	8709	60
ADPGK	0.024450	2.135244e+1	8710	53
SRXN1	0.024450	2.135167e+1	8711	65
ATXN7L1	0.024446	2.134841e+1	8712	56
B3GNT6	0.024431	2.133513e+1	8713	50
APOBR	0.024429	2.133358e+1	8714	69
NAP1L5	0.024424	2.132977e+1	8715	67
RNF185	0.024420	2.132547e+1	8716	62
UTF1	0.024419	2.132540e+1	8717	68
FLII	0.024419	2.132501e+1	8718	67
CLEC4M	0.024413	2.131947e+1	8719	62
DDO	0.024411	2.131758e+1	8720	68
DIP2B	0.024409	2.131647e+1	8721	74
SEPHS2	0.024407	2.131425e+1	8722	49
P2RX4	0.024389	2.129899e+1	8723	55
TAOK2	0.024382	2.129299e+1	8724	65
ARHGAP39	0.024382	2.129283e+1	8725	76
ZC3H12A	0.024369	2.128147e+1	8726	64
OPALIN	0.024369	2.128136e+1	8727	73
COL20A1	0.024357	2.127053e+1	8728	71
TRMT10A	0.024356	2.126954e+1	8729	63
NEIL2	0.024352	2.126660e+1	8730	60
TRIM31	0.024350	2.126441e+1	8731	70
ENSP00000370980	0.024350	2.126432e+1	8732	60
PEX16	0.024348	2.126330e+1	8733	49
ZNF638	0.024344	2.125931e+1	8734	72
ARFGEF1	0.024337	2.125305e+1	8735	69
KLHDC2	0.024333	2.124994e+1	8736	52
TGDS	0.024327	2.124450e+1	8737	61
FOLR2	0.024322	2.124012e+1	8738	71
SLC16A2	0.024318	2.123640e+1	8739	66
KLHL24	0.024314	2.123346e+1	8740	51
KRTAP4-3	0.024310	2.122997e+1	8741	56
DEFB107A	0.024308	2.122847e+1	8742	56
PITX1	0.024306	2.122655e+1	8743	71
TMEM126A	0.024298	2.121934e+1	8744	71
LDLRAD1	0.024295	2.121650e+1	8745	81
ADORA1	0.024281	2.120464e+1	8746	57
RTN1	0.024280	2.120389e+1	8747	66
PLA2G15	0.024280	2.120378e+1	8748	52
ACTR3C	0.024269	2.119438e+1	8749	50
TSPY1	0.024257	2.118332e+1	8750	55
DEFA3	0.024256	2.118306e+1	8751	61
TMEM262	0.024256	2.118301e+1	8752	49
DSTN	0.024249	2.117671e+1	8753	67
MOGAT2	0.024247	2.117467e+1	8754	52
PALLD	0.024246	2.117424e+1	8755	66
TEX101	0.024241	2.116994e+1	8756	76
GLCE	0.024235	2.116388e+1	8757	63
AMOTL2	0.024221	2.115190e+1	8758	56
ZNF804A	0.024217	2.114873e+1	8759	68
PNPO	0.024216	2.114740e+1	8760	70
SHISA9	0.024214	2.114578e+1	8761	50
RPRD1A	0.024202	2.113546e+1	8762	55
BMP10	0.024200	2.113352e+1	8763	64
SEMA4D	0.024196	2.113013e+1	8764	56
SLC22A4	0.024192	2.112670e+1	8765	70
FNTA	0.024190	2.112544e+1	8766	55
AHSP	0.024183	2.111846e+1	8767	51
TACR3	0.024170	2.110766e+1	8768	63
PACSIN1	0.024168	2.110623e+1	8769	65
CHRNB4	0.024164	2.110232e+1	8770	56
PHF23	0.024159	2.109826e+1	8771	63
CEP128	0.024155	2.109475e+1	8772	64
ZFAND6	0.024154	2.109330e+1	8773	67
RAPGEF2	0.024145	2.108567e+1	8774	51
LCE2D	0.024127	2.107029e+1	8775	51
FFAR3	0.024125	2.106801e+1	8776	67
USP20	0.024121	2.106511e+1	8777	67
GRB14	0.024116	2.106049e+1	8778	67
UROD	0.024115	2.105928e+1	8779	63
SLC16A1	0.024115	2.105920e+1	8780	69
ERP29	0.024113	2.105758e+1	8781	62
COLGALT1	0.024113	2.105754e+1	8782	61
DEFB127	0.024110	2.105509e+1	8783	52
CHRNA1	0.024103	2.104863e+1	8784	59
PRPSAP2	0.024095	2.104206e+1	8785	73
MYLK3	0.024078	2.102763e+1	8786	46
DMP1	0.024078	2.102739e+1	8787	56
SGCB	0.024075	2.102478e+1	8788	48
TUBE1	0.024062	2.101317e+1	8789	68
LIPA	0.024058	2.100986e+1	8790	61
USP46	0.024054	2.100581e+1	8791	61
CARD14	0.024053	2.100512e+1	8792	63
PEG10	0.024051	2.100391e+1	8793	62
AWAT2	0.024046	2.099929e+1	8794	45
SDF4	0.024039	2.099272e+1	8795	65
CKAP4	0.024038	2.099187e+1	8796	72
RAB9B	0.024029	2.098405e+1	8797	54
SOX18	0.024027	2.098305e+1	8798	67
ASMT	0.024026	2.098188e+1	8799	53
MIXL1	0.024024	2.097996e+1	8800	65
INPP1	0.024024	2.097975e+1	8801	51
STXBP5L	0.024016	2.097316e+1	8802	56
LSM14B	0.024009	2.096692e+1	8803	67
CARNS1	0.024008	2.096649e+1	8804	51
NRG3	0.024007	2.096560e+1	8805	61
EVC2	0.024000	2.095918e+1	8806	66
SNAPC2	0.023981	2.094239e+1	8807	59
EVI2B	0.023975	2.093698e+1	8808	66
SERPINB2	0.023955	2.091946e+1	8809	64
PRRC2C	0.023943	2.090972e+1	8810	65
KDELR3	0.023935	2.090224e+1	8811	64
MTMR8	0.023930	2.089763e+1	8812	50
WDR63	0.023923	2.089170e+1	8813	59
ATG16L2	0.023921	2.089000e+1	8814	56
INSM1	0.023920	2.088886e+1	8815	63
PIGT	0.023909	2.087929e+1	8816	54
RP1L1	0.023903	2.087433e+1	8817	72
MYT1L	0.023902	2.087322e+1	8818	70
TSPAN8	0.023898	2.087040e+1	8819	61
SLC22A18	0.023891	2.086386e+1	8820	64
SAA2-SAA4	0.023887	2.086020e+1	8821	59
PRMT2	0.023878	2.085295e+1	8822	73
AANAT	0.023876	2.085094e+1	8823	56
MAGEL2	0.023867	2.084274e+1	8824	62
TET3	0.023865	2.084152e+1	8825	65
CBR4	0.023857	2.083452e+1	8826	70
RSPH14	0.023844	2.082257e+1	8827	70
LCE3B	0.023842	2.082149e+1	8828	56
HMGB2	0.023842	2.082073e+1	8829	64
PTPRB	0.023839	2.081886e+1	8830	62
NPW	0.023837	2.081666e+1	8831	64
CCM2	0.023834	2.081445e+1	8832	60
APEX2	0.023834	2.081389e+1	8833	64
HOXD3	0.023834	2.081376e+1	8834	68
FGL1	0.023832	2.081223e+1	8835	66
LRRC46	0.023832	2.081210e+1	8836	73
SNX15	0.023825	2.080651e+1	8837	69
DNAJB7	0.023822	2.080341e+1	8838	71
SH3D19	0.023814	2.079683e+1	8839	66
CYTH3	0.023814	2.079622e+1	8840	59
PGAP1	0.023802	2.078604e+1	8841	63
KRTAP7-1	0.023798	2.078294e+1	8842	58
OMD	0.023796	2.078125e+1	8843	73
COL26A1	0.023794	2.077929e+1	8844	62
TAS2R4	0.023792	2.077753e+1	8845	63
DCTD	0.023791	2.077649e+1	8846	47
MPRIP	0.023788	2.077382e+1	8847	69
PRSS57	0.023788	2.077379e+1	8848	71
RANBP3	0.023782	2.076878e+1	8849	61
CLCN6	0.023780	2.076665e+1	8850	69
AFMID	0.023773	2.076058e+1	8851	55
RABAC1	0.023765	2.075404e+1	8852	66
CFAP77	0.023756	2.074630e+1	8853	46
TTI1	0.023755	2.074486e+1	8854	48
RFX6	0.023747	2.073783e+1	8855	59
DMAC2L	0.023743	2.073456e+1	8856	59
DCTPP1	0.023731	2.072414e+1	8857	50
GDA	0.023728	2.072114e+1	8858	55
NOTUM	0.023727	2.072095e+1	8859	50
PDLIM1	0.023726	2.071958e+1	8860	63
PKN3	0.023725	2.071916e+1	8861	70
SERPINA6	0.023725	2.071863e+1	8862	67
MLNR	0.023722	2.071662e+1	8863	71
ASXL3	0.023706	2.070273e+1	8864	64
BCO1	0.023703	2.069966e+1	8865	47
SSX2IP	0.023702	2.069916e+1	8866	62
TSC22D3	0.023702	2.069868e+1	8867	62
TRIM29	0.023700	2.069742e+1	8868	68
WDR97	0.023699	2.069628e+1	8869	68
PRTFDC1	0.023699	2.069608e+1	8870	65
FBXO45	0.023694	2.069152e+1	8871	64
RDH10	0.023690	2.068862e+1	8872	49
MTMR3	0.023688	2.068671e+1	8873	51
KRTAP3-2	0.023683	2.068266e+1	8874	59
VKORC1	0.023675	2.067487e+1	8875	51
CMYA5	0.023674	2.067396e+1	8876	72
RAX2	0.023667	2.066847e+1	8877	68
ORMDL3	0.023666	2.066764e+1	8878	56
ENPP7	0.023651	2.065407e+1	8879	42
XYLT2	0.023649	2.065213e+1	8880	64
DUSP22	0.023646	2.064962e+1	8881	67
PSPN	0.023638	2.064264e+1	8882	63
DNAL1	0.023635	2.064011e+1	8883	53
TLX3	0.023632	2.063783e+1	8884	67
COQ8A	0.023627	2.063332e+1	8885	59
NCS1	0.023618	2.062577e+1	8886	57
FABP6	0.023615	2.062301e+1	8887	58
NOBOX	0.023602	2.061172e+1	8888	59
CLRN1	0.023601	2.061089e+1	8889	62
GSTZ1	0.023599	2.060927e+1	8890	56
ANKFY1	0.023599	2.060911e+1	8891	67
SNTG2	0.023599	2.060861e+1	8892	56
KRTAP17-1	0.023593	2.060381e+1	8893	61
MADD	0.023588	2.059954e+1	8894	60
TBCE-2	0.023587	2.059800e+1	8895	58
MACF1	0.023581	2.059286e+1	8896	66
SLC30A9	0.023580	2.059233e+1	8897	58
KRT13	0.023571	2.058477e+1	8898	74
URM1	0.023566	2.058022e+1	8899	56
ARPC5L	0.023563	2.057772e+1	8900	45
CEP162	0.023559	2.057387e+1	8901	68
EPG5	0.023559	2.057368e+1	8902	62
TSEN54	0.023549	2.056515e+1	8903	57
CISD1	0.023549	2.056514e+1	8904	69
CHRM3	0.023549	2.056500e+1	8905	62
NKX3-1	0.023545	2.056201e+1	8906	65
PFN2	0.023543	2.055990e+1	8907	62
PHKA1	0.023542	2.055944e+1	8908	48
HCG_2039566	0.023542	2.055937e+1	8909	35
SLC22A5	0.023537	2.055516e+1	8910	68
ZP3	0.023530	2.054867e+1	8911	59
RAB22A	0.023526	2.054543e+1	8912	63
ZBTB7A	0.023515	2.053535e+1	8913	68
RIPOR2	0.023508	2.052983e+1	8914	55
TMEM258	0.023507	2.052883e+1	8915	50
NAV1	0.023505	2.052702e+1	8916	63
PIGG	0.023503	2.052486e+1	8917	58
SPINT2	0.023502	2.052458e+1	8918	67
MTERF1	0.023499	2.052172e+1	8919	65
RFXANK	0.023495	2.051797e+1	8920	62
GALR3	0.023495	2.051783e+1	8921	63
FBXO2	0.023484	2.050868e+1	8922	59
ACY1	0.023481	2.050621e+1	8923	64
UHRF2	0.023481	2.050591e+1	8924	61
B4GALT5	0.023478	2.050324e+1	8925	74
GJA4	0.023470	2.049595e+1	8926	68
NPY4R	0.023465	2.049185e+1	8927	67
APEH	0.023465	2.049149e+1	8928	65
ZNHIT6	0.023456	2.048444e+1	8929	62
RIC3	0.023456	2.048377e+1	8930	67
ASB11	0.023454	2.048187e+1	8931	70
USH1G	0.023452	2.048076e+1	8932	59
CDH6	0.023448	2.047697e+1	8933	57
EMILIN1	0.023443	2.047305e+1	8934	63
TMBIM6	0.023440	2.046983e+1	8935	64
RAVER1	0.023435	2.046572e+1	8936	60
DNAH12	0.023435	2.046570e+1	8937	57
LPAR4	0.023430	2.046112e+1	8938	53
NOP16	0.023422	2.045391e+1	8939	64
MYCBP2	0.023418	2.045121e+1	8940	58
DLX3	0.023413	2.044672e+1	8941	68
PABPC3	0.023410	2.044401e+1	8942	66
NHLRC1	0.023403	2.043760e+1	8943	64
VGF	0.023399	2.043443e+1	8944	67
CSNK2A3	0.023396	2.043161e+1	8945	52
KRTAP1-1	0.023396	2.043152e+1	8946	60
TCL1B	0.023393	2.042934e+1	8947	60
AGTRAP	0.023393	2.042882e+1	8948	67
LYL1	0.023389	2.042549e+1	8949	55
SELENOO	0.023381	2.041876e+1	8950	54
SRGN	0.023377	2.041472e+1	8951	65
CHRNG	0.023372	2.041070e+1	8952	62
LINGO1	0.023366	2.040533e+1	8953	65
CFAP74	0.023364	2.040396e+1	8954	73
ACBD3	0.023360	2.039997e+1	8955	56
DRC7	0.023359	2.039972e+1	8956	66
CSN2	0.023355	2.039603e+1	8957	58
COA5	0.023349	2.039055e+1	8958	60
C2CD3	0.023347	2.038872e+1	8959	66
PABPC1L	0.023340	2.038303e+1	8960	64
FGGY	0.023340	2.038232e+1	8961	71
UPK3BL1	0.023336	2.037914e+1	8962	64
SPR	0.023333	2.037629e+1	8963	52
AHCYL2	0.023330	2.037388e+1	8964	56
METTL6	0.023326	2.037091e+1	8965	71
GPR161	0.023326	2.037024e+1	8966	56
CA10	0.023320	2.036526e+1	8967	74
RIC8B	0.023308	2.035511e+1	8968	61
TBL2	0.023305	2.035230e+1	8969	60
SIX6	0.023304	2.035101e+1	8970	64
GBX2	0.023298	2.034568e+1	8971	70
TUSC3	0.023291	2.033948e+1	8972	48
KRTAP9-8	0.023289	2.033784e+1	8973	56
GABPB1	0.023287	2.033640e+1	8974	46
NPBWR1	0.023278	2.032899e+1	8975	63
OPN1MW	0.023278	2.032832e+1	8976	58
RPH3A	0.023274	2.032549e+1	8977	61
PMF1	0.023269	2.032093e+1	8978	53
GYPE	0.023265	2.031678e+1	8979	64
PET100	0.023260	2.031323e+1	8980	61
ATPAF2	0.023260	2.031260e+1	8981	62
OXCT2	0.023257	2.030986e+1	8982	55
KCTD6	0.023253	2.030698e+1	8983	69
HTRA1	0.023250	2.030376e+1	8984	64
AP5B1	0.023248	2.030253e+1	8985	49
DCT	0.023248	2.030248e+1	8986	61
SLC1A6	0.023248	2.030220e+1	8987	71
JMJD1C	0.023248	2.030201e+1	8988	61
CIAO3	0.023246	2.030063e+1	8989	54
B4GALT6	0.023240	2.029558e+1	8990	66
PARP3	0.023236	2.029167e+1	8991	56
GFRA3	0.023233	2.028966e+1	8992	63
ARHGEF28	0.023233	2.028946e+1	8993	60
RPS6KA6	0.023232	2.028800e+1	8994	53
PTPN3	0.023229	2.028542e+1	8995	69
PNLIPRP3	0.023225	2.028210e+1	8996	46
MTMR7	0.023221	2.027844e+1	8997	48
PARD6B	0.023219	2.027690e+1	8998	50
PHKB	0.023211	2.027012e+1	8999	49
RAP1GDS1	0.023210	2.026922e+1	9000	60
KRTAP4-2	0.023200	2.026050e+1	9001	53
ENAM	0.023200	2.026014e+1	9002	56
CFD	0.023195	2.025599e+1	9003	63
DHRS9	0.023190	2.025199e+1	9004	50
CST7	0.023190	2.025162e+1	9005	65
LGALS8	0.023187	2.024891e+1	9006	65
PGRMC1	0.023184	2.024681e+1	9007	58
GRIP2	0.023181	2.024356e+1	9008	63
NFATC2IP	0.023176	2.023910e+1	9009	66
PIDD1	0.023173	2.023678e+1	9010	61
GOLT1B	0.023172	2.023615e+1	9011	64
ASTN2	0.023171	2.023555e+1	9012	58
STRADA	0.023167	2.023149e+1	9013	56
SLC30A10	0.023160	2.022519e+1	9014	59
EGR3	0.023160	2.022512e+1	9015	57
VAMP5	0.023147	2.021382e+1	9016	55
DDHD2	0.023142	2.020975e+1	9017	65
CITED2	0.023141	2.020890e+1	9018	57
CPLX3	0.023128	2.019722e+1	9019	57
SELENBP1	0.023120	2.019073e+1	9020	57
SLURP1	0.023116	2.018720e+1	9021	58
TMEM199	0.023116	2.018670e+1	9022	43
ADM2	0.023109	2.018068e+1	9023	57
INHA	0.023107	2.017926e+1	9024	63
PIGO	0.023105	2.017713e+1	9025	52
CHCHD6	0.023101	2.017413e+1	9026	46
TTC19	0.023095	2.016834e+1	9027	67
HAGH	0.023085	2.015963e+1	9028	66
H0Y980_HUMAN	0.023082	2.015758e+1	9029	63
UPK3BL2	0.023082	2.015758e+1	9030	63
EFCAB6	0.023079	2.015451e+1	9031	61
NRG4	0.023076	2.015220e+1	9032	59
TOR1AIP1	0.023074	2.015000e+1	9033	74
PPFIA2	0.023068	2.014512e+1	9034	52
NECTIN3	0.023056	2.013462e+1	9035	57
LIN37	0.023055	2.013407e+1	9036	50
TMSB4X	0.023049	2.012889e+1	9037	59
IER3	0.023048	2.012778e+1	9038	66
ZNF569	0.023047	2.012652e+1	9039	66
STK38	0.023042	2.012285e+1	9040	62
CYP2F1	0.023036	2.011751e+1	9041	58
TAOK1	0.023023	2.010571e+1	9042	61
ASB2	0.023022	2.010481e+1	9043	62
PILRA	0.023021	2.010372e+1	9044	59
HCAR2	0.023020	2.010303e+1	9045	62
GUCA1A-2	0.023016	2.009993e+1	9046	63
ZNF629	0.023015	2.009916e+1	9047	65
UNC5B	0.023012	2.009607e+1	9048	52
MBNL3	0.023010	2.009490e+1	9049	66
OTOA	0.023004	2.008964e+1	9050	66
DEFB104A	0.022998	2.008380e+1	9051	50
RER1	0.022990	2.007670e+1	9052	64
RABL3	0.022983	2.007077e+1	9053	78
ATP8B1	0.022977	2.006573e+1	9054	56
PCYT2	0.022972	2.006131e+1	9055	58
BRAP	0.022966	2.005623e+1	9056	53
BFSP2	0.022966	2.005619e+1	9057	52
LHFPL5	0.022965	2.005501e+1	9058	57
SLC39A14	0.022961	2.005139e+1	9059	57
NLRP7	0.022954	2.004518e+1	9060	52
VSNL1	0.022952	2.004411e+1	9061	70
DMPK	0.022947	2.003977e+1	9062	59
SPRR2F	0.022945	2.003806e+1	9063	54
CYB5R1	0.022943	2.003580e+1	9064	64
PHOX2B	0.022936	2.003007e+1	9065	63
RPRD2	0.022936	2.003005e+1	9066	57
LCE6A	0.022931	2.002577e+1	9067	49
SLC39A13	0.022911	2.000821e+1	9068	62
KRT35	0.022909	2.000594e+1	9069	65
LCE3A	0.022908	2.000520e+1	9070	50
IL20	0.022902	2.000002e+1	9071	48
API5	0.022888	1.998790e+1	9072	66
KCTD15	0.022886	1.998654e+1	9073	59
BATF2	0.022883	1.998377e+1	9074	66
CFHR5	0.022877	1.997798e+1	9075	57
AQP3	0.022875	1.997631e+1	9076	66
ZNF512	0.022866	1.996908e+1	9077	68
SHB	0.022862	1.996568e+1	9078	63
UBN1	0.022861	1.996408e+1	9079	59
RCAN1	0.022860	1.996329e+1	9080	58
TLX1	0.022859	1.996264e+1	9081	59
LALBA	0.022858	1.996172e+1	9082	52
SKA2	0.022851	1.995557e+1	9083	55
GOLGA3	0.022850	1.995502e+1	9084	57
COL28A1	0.022842	1.994819e+1	9085	63
FADS1	0.022840	1.994638e+1	9086	59
ACER3	0.022839	1.994498e+1	9087	45
CELSR2	0.022835	1.994140e+1	9088	63
TCTN3	0.022831	1.993845e+1	9089	50
LIMA1	0.022828	1.993564e+1	9090	65
DNAJC27	0.022826	1.993344e+1	9091	66
SLC45A3	0.022821	1.992986e+1	9092	57
ACOXL	0.022815	1.992465e+1	9093	67
SH3BP4	0.022814	1.992363e+1	9094	68
CLEC6A	0.022809	1.991929e+1	9095	60
AKAP8	0.022809	1.991922e+1	9096	62
MATN3	0.022807	1.991720e+1	9097	60
MUCL1	0.022806	1.991632e+1	9098	75
PEX1	0.022802	1.991293e+1	9099	49
RHOT2	0.022800	1.991070e+1	9100	61
LCE3E	0.022799	1.991062e+1	9101	46
ATAD2B	0.022796	1.990723e+1	9102	71
AVPR1B	0.022794	1.990628e+1	9103	56
DTNB	0.022789	1.990157e+1	9104	55
DHPS	0.022785	1.989770e+1	9105	61
GPR37L1	0.022779	1.989277e+1	9106	65
FAM166B	0.022776	1.989056e+1	9107	41
ARID5B	0.022773	1.988775e+1	9108	62
PCDH11X	0.022767	1.988193e+1	9109	63
GRK6	0.022756	1.987313e+1	9110	50
USP17L2	0.022755	1.987150e+1	9111	69
TBX2	0.022750	1.986764e+1	9112	65
GGCT	0.022747	1.986521e+1	9113	46
EPHA7	0.022743	1.986127e+1	9114	54
AMBN	0.022742	1.986073e+1	9115	57
ATP6AP1L	0.022733	1.985298e+1	9116	45
NEK8	0.022732	1.985204e+1	9117	58
MAP3K4	0.022731	1.985116e+1	9118	56
VPS13C	0.022731	1.985091e+1	9119	62
FLRT3	0.022731	1.985065e+1	9120	59
CPE	0.022724	1.984451e+1	9121	58
TPD52L1	0.022724	1.984441e+1	9122	65
DNAJB14	0.022715	1.983664e+1	9123	64
CTSV	0.022712	1.983449e+1	9124	61
SSH1	0.022710	1.983236e+1	9125	55
CIRBP	0.022709	1.983192e+1	9126	67
CLCN7	0.022709	1.983167e+1	9127	65
CDC42EP1	0.022706	1.982906e+1	9128	79
NUDT5	0.022704	1.982751e+1	9129	55
ZNF423	0.022704	1.982741e+1	9130	65
VSIR	0.022698	1.982246e+1	9131	62
CC2D1B	0.022697	1.982080e+1	9132	64
SHPK	0.022694	1.981847e+1	9133	65
LCE2A	0.022689	1.981460e+1	9134	48
CDH8	0.022688	1.981327e+1	9135	57
ARNT2	0.022682	1.980776e+1	9136	52
SPRED3	0.022680	1.980631e+1	9137	78
UBIAD1	0.022672	1.979951e+1	9138	55
MPV17	0.022672	1.979916e+1	9139	54
SCNN1D	0.022671	1.979888e+1	9140	60
FEZF2	0.022671	1.979877e+1	9141	68
PTPN7	0.022665	1.979331e+1	9142	56
ISL2	0.022657	1.978660e+1	9143	61
LELP1	0.022643	1.977373e+1	9144	63
MYO1E	0.022641	1.977233e+1	9145	64
PKHD1	0.022640	1.977122e+1	9146	60
NYX	0.022640	1.977097e+1	9147	61
CNGA4	0.022631	1.976315e+1	9148	56
TSSK6	0.022628	1.976127e+1	9149	69
TBC1D25	0.022627	1.976034e+1	9150	57
ATP1B4	0.022622	1.975590e+1	9151	54
ETNPPL	0.022617	1.975094e+1	9152	68
PGC	0.022612	1.974691e+1	9153	65
ZC3H4	0.022612	1.974690e+1	9154	65
CRABP1	0.022610	1.974495e+1	9155	64
LYST	0.022608	1.974330e+1	9156	62
CNNM2	0.022608	1.974302e+1	9157	59
UBXN4	0.022605	1.974048e+1	9158	54
KIRREL1	0.022602	1.973858e+1	9159	56
OTUD6B	0.022602	1.973788e+1	9160	68
ALDH16A1	0.022599	1.973533e+1	9161	67
FAM91A1	0.022596	1.973282e+1	9162	74
SLITRK5	0.022595	1.973182e+1	9163	76
TTC30A	0.022592	1.972905e+1	9164	47
MZT1	0.022588	1.972598e+1	9165	48
SOWAHC	0.022585	1.972347e+1	9166	79
CEP72	0.022584	1.972219e+1	9167	63
SIGLEC9	0.022583	1.972134e+1	9168	63
OPN1LW	0.022582	1.972071e+1	9169	59
CUX2	0.022570	1.971035e+1	9170	71
NPPC	0.022568	1.970853e+1	9171	59
MIB2	0.022561	1.970245e+1	9172	56
GDF6	0.022561	1.970206e+1	9173	61
SRBD1	0.022560	1.970179e+1	9174	65
AQP7	0.022551	1.969366e+1	9175	63
CLIC5	0.022544	1.968719e+1	9176	52
PDCD7	0.022538	1.968195e+1	9177	48
GGCX	0.022528	1.967317e+1	9178	50
C15ORF65	0.022518	1.966464e+1	9179	40
DENND1A	0.022510	1.965781e+1	9180	61
ROR2	0.022506	1.965464e+1	9181	55
CHRND	0.022501	1.964958e+1	9182	52
MOB1A	0.022500	1.964910e+1	9183	52
NANOS3	0.022499	1.964822e+1	9184	62
GNPDA1	0.022494	1.964352e+1	9185	54
SRR	0.022493	1.964268e+1	9186	53
XPO6	0.022487	1.963739e+1	9187	56
IL31RA	0.022478	1.962987e+1	9188	63
ARAP1	0.022477	1.962867e+1	9189	62
RBP3	0.022469	1.962222e+1	9190	58
LCN1	0.022469	1.962163e+1	9191	54
ARC	0.022465	1.961882e+1	9192	54
DUSP3	0.022461	1.961482e+1	9193	54
CYP27C1	0.022449	1.960491e+1	9194	46
NFAT5	0.022443	1.959905e+1	9195	66
DPH2	0.022441	1.959737e+1	9196	59
ZFHX3	0.022437	1.959406e+1	9197	67
ALG13	0.022434	1.959151e+1	9198	63
ICK	0.022434	1.959109e+1	9199	59
TTC30B	0.022432	1.958967e+1	9200	43
NR4A3	0.022428	1.958667e+1	9201	58
PCDH10	0.022424	1.958274e+1	9202	56
CTSW	0.022423	1.958196e+1	9203	62
OSGEPL1	0.022422	1.958133e+1	9204	63
CCDC93	0.022421	1.958016e+1	9205	47
PCLO	0.022421	1.957985e+1	9206	58
ESRRG	0.022408	1.956854e+1	9207	58
IMMP2L	0.022399	1.956100e+1	9208	66
TBC1D22B	0.022389	1.955211e+1	9209	69
SCARF1	0.022388	1.955105e+1	9210	59
CARMIL1	0.022385	1.954878e+1	9211	56
NOX5	0.022368	1.953348e+1	9212	48
NID2	0.022365	1.953167e+1	9213	56
FPR3	0.022361	1.952816e+1	9214	65
HTR1F	0.022354	1.952173e+1	9215	53
ENDOV	0.022352	1.951955e+1	9216	65
NGB	0.022341	1.951049e+1	9217	68
TCTE3	0.022338	1.950749e+1	9218	54
KANK1	0.022336	1.950562e+1	9219	57
C6	0.022333	1.950296e+1	9220	49
LSP1	0.022332	1.950276e+1	9221	52
ID3	0.022313	1.948566e+1	9222	64
AIP	0.022304	1.947798e+1	9223	55
FSIP2	0.022304	1.947786e+1	9224	67
ITPKB	0.022302	1.947605e+1	9225	51
CIAO2B	0.022296	1.947123e+1	9226	51
ERC2	0.022294	1.946954e+1	9227	57
DEFB105A	0.022293	1.946819e+1	9228	50
KCNE5	0.022287	1.946321e+1	9229	52
MSI2	0.022287	1.946288e+1	9230	60
TIMP4	0.022285	1.946178e+1	9231	59
DFFB	0.022283	1.945992e+1	9232	55
RHOBTB3	0.022282	1.945862e+1	9233	60
EPS8L2	0.022273	1.945053e+1	9234	52
DEFB126	0.022270	1.944834e+1	9235	49
EDEM2	0.022265	1.944373e+1	9236	58
CASTOR2	0.022265	1.944348e+1	9237	59
SEMA3F	0.022257	1.943679e+1	9238	58
SYT7	0.022250	1.943066e+1	9239	60
C11ORF1	0.022244	1.942597e+1	9240	41
ERMARD	0.022240	1.942243e+1	9241	59
INHBB	0.022237	1.941903e+1	9242	52
ULBP1	0.022227	1.941097e+1	9243	53
KHK	0.022226	1.941009e+1	9244	53
TRAPPC13	0.022225	1.940938e+1	9245	48
GRIPAP1	0.022218	1.940266e+1	9246	63
PTGDR	0.022216	1.940070e+1	9247	65
SPECC1	0.022215	1.940010e+1	9248	61
KLK5	0.022207	1.939306e+1	9249	58
RSPO2	0.022206	1.939202e+1	9250	61
LRRC59	0.022202	1.938851e+1	9251	72
DSPP	0.022197	1.938449e+1	9252	55
EZHIP	0.022194	1.938202e+1	9253	63
MICU2	0.022192	1.938013e+1	9254	55
NACA-2	0.022191	1.937938e+1	9255	55
EPHA5	0.022187	1.937560e+1	9256	52
PRKCH	0.022186	1.937514e+1	9257	62
LCE1C	0.022184	1.937287e+1	9258	44
TFR2	0.022183	1.937233e+1	9259	53
AHR	0.022177	1.936702e+1	9260	50
PLD6	0.022174	1.936414e+1	9261	58
PPP6R3	0.022172	1.936298e+1	9262	63
CPB1	0.022168	1.935904e+1	9263	55
CHD6	0.022168	1.935899e+1	9264	67
DCD	0.022160	1.935222e+1	9265	65
TMEM179B	0.022159	1.935143e+1	9266	61
CAPN10	0.022158	1.935056e+1	9267	63
KCTD5	0.022153	1.934623e+1	9268	53
RAB3IL1	0.022151	1.934475e+1	9269	62
PGLS	0.022141	1.933577e+1	9270	56
NUP62CL	0.022139	1.933386e+1	9271	56
PLAAT2	0.022128	1.932423e+1	9272	76
LCE5A	0.022123	1.931954e+1	9273	50
FUCA1	0.022121	1.931842e+1	9274	62
DDR2	0.022118	1.931565e+1	9275	64
MEAK7	0.022114	1.931221e+1	9276	49
PRR5	0.022114	1.931171e+1	9277	50
PCDH19	0.022113	1.931113e+1	9278	56
GALNT3	0.022113	1.931109e+1	9279	58
EMX1	0.022106	1.930527e+1	9280	65
PSCA	0.022106	1.930494e+1	9281	65
SPTBN5	0.022106	1.930468e+1	9282	57
PPIL4	0.022096	1.929601e+1	9283	59
PRKX	0.022094	1.929430e+1	9284	57
ZNF384	0.022085	1.928693e+1	9285	65
ST3GAL3	0.022079	1.928143e+1	9286	71
ENTHD1	0.022068	1.927166e+1	9287	58
ZNF436	0.022064	1.926862e+1	9288	62
KCNH1	0.022058	1.926297e+1	9289	58
DIP2C	0.022051	1.925725e+1	9290	68
RD3	0.022044	1.925133e+1	9291	52
NXN	0.022043	1.925009e+1	9292	57
SENP5	0.022031	1.923977e+1	9293	54
PATL2	0.022031	1.923957e+1	9294	50
ITPKA	0.022020	1.923027e+1	9295	49
SLC2A9	0.022014	1.922438e+1	9296	57
GSC	0.022012	1.922321e+1	9297	44
SEPTIN4	0.022008	1.921989e+1	9298	45
HBG1	0.022006	1.921741e+1	9299	47
MGAT1	0.022005	1.921689e+1	9300	57
NUPR1	0.022001	1.921332e+1	9301	61
RCC1L	0.021996	1.920886e+1	9302	57
UNC5D	0.021995	1.920778e+1	9303	59
DLL3	0.021993	1.920659e+1	9304	54
SLC2A10	0.021993	1.920646e+1	9305	70
ACOT2	0.021993	1.920605e+1	9306	52
PAFAH2	0.021988	1.920175e+1	9307	45
CCDC130	0.021986	1.920047e+1	9308	55
PTGFR	0.021968	1.918480e+1	9309	59
STRIP1	0.021960	1.917793e+1	9310	41
TRIM17	0.021960	1.917780e+1	9311	55
NPBWR2	0.021959	1.917688e+1	9312	60
EHD2	0.021958	1.917567e+1	9313	50
TBC1D1	0.021952	1.917079e+1	9314	50
MEX3C	0.021952	1.917023e+1	9315	61
CUL9	0.021951	1.916999e+1	9316	53
HIGD1A	0.021951	1.916992e+1	9317	60
CLEC16A	0.021948	1.916699e+1	9318	60
COQ8B	0.021944	1.916389e+1	9319	57
CNKSR1	0.021944	1.916341e+1	9320	59
ZDHHC5	0.021938	1.915866e+1	9321	65
LASP1	0.021933	1.915427e+1	9322	61
PCSK5	0.021933	1.915369e+1	9323	63
SLC51A	0.021916	1.913945e+1	9324	56
TRIM26	0.021916	1.913933e+1	9325	67
MAGED1	0.021916	1.913887e+1	9326	53
PIGC	0.021914	1.913762e+1	9327	47
GALT	0.021913	1.913636e+1	9328	50
OR5AR1	0.021899	1.912423e+1	9329	61
GDF3	0.021897	1.912276e+1	9330	54
TBX18	0.021878	1.910609e+1	9331	63
SBF1	0.021856	1.908682e+1	9332	65
BACE2	0.021851	1.908227e+1	9333	59
SLC25A17	0.021842	1.907408e+1	9334	55
CTSF	0.021838	1.907112e+1	9335	58
WRNIP1	0.021824	1.905905e+1	9336	59
FBXL13	0.021823	1.905800e+1	9337	62
NFIA	0.021809	1.904611e+1	9338	68
TNIP2	0.021808	1.904513e+1	9339	48
PDIA2	0.021802	1.903954e+1	9340	65
RGPD5	0.021791	1.903005e+1	9341	60
BTN3A1	0.021790	1.902901e+1	9342	61
SYNPR	0.021787	1.902675e+1	9343	69
PTPRK	0.021787	1.902669e+1	9344	65
EPOP	0.021784	1.902383e+1	9345	49
PIP4P2	0.021784	1.902364e+1	9346	35
MMGT1	0.021777	1.901817e+1	9347	57
MZB1	0.021763	1.900575e+1	9348	57
EBP	0.021761	1.900412e+1	9349	50
AP3M2	0.021751	1.899546e+1	9350	44
POLDIP2	0.021751	1.899493e+1	9351	57
PHLPP2	0.021748	1.899200e+1	9352	54
CPSF4L	0.021746	1.899041e+1	9353	45
S100A2	0.021744	1.898852e+1	9354	62
LINC02218	0.021742	1.898712e+1	9355	51
SSX1	0.021742	1.898694e+1	9356	55
CEP78	0.021736	1.898163e+1	9357	64
TAF11L7	0.021724	1.897147e+1	9358	50
TAF11L10	0.021724	1.897147e+1	9359	50
TAF11L6	0.021724	1.897147e+1	9360	50
TAF11L3	0.021724	1.897147e+1	9361	50
TAF11L5	0.021724	1.897147e+1	9362	50
TAF11L4	0.021724	1.897147e+1	9363	50
TAF11L8	0.021724	1.897147e+1	9364	50
LCE1D	0.021712	1.896084e+1	9365	44
MYO3B	0.021707	1.895622e+1	9366	54
ACSM2B	0.021704	1.895392e+1	9367	68
RANBP10	0.021704	1.895375e+1	9368	57
SYS1	0.021699	1.894939e+1	9369	58
PPP1R3D	0.021694	1.894526e+1	9370	46
FBXW9	0.021692	1.894363e+1	9371	61
EYA2	0.021669	1.892380e+1	9372	58
LIMS1	0.021667	1.892164e+1	9373	50
SEMG1	0.021651	1.890768e+1	9374	61
GNB1L	0.021648	1.890537e+1	9375	56
SSPN	0.021648	1.890491e+1	9376	48
OR8B12	0.021641	1.889865e+1	9377	58
GPRC6A	0.021639	1.889716e+1	9378	60
UBXN2B	0.021638	1.889605e+1	9379	51
ASPA	0.021632	1.889083e+1	9380	42
ADGRG1	0.021629	1.888822e+1	9381	58
B3GALT6	0.021624	1.888397e+1	9382	60
HLA-DOA	0.021621	1.888180e+1	9383	41
EPHA8	0.021615	1.887664e+1	9384	53
CROT	0.021615	1.887637e+1	9385	61
RGR	0.021613	1.887412e+1	9386	56
SLC47A2	0.021608	1.886999e+1	9387	55
CAMLG	0.021608	1.886978e+1	9388	52
GULP1	0.021607	1.886963e+1	9389	55
POU2F3	0.021606	1.886855e+1	9390	55
PTGES2	0.021603	1.886544e+1	9391	52
ARIH2	0.021600	1.886296e+1	9392	55
DENND10	0.021587	1.885178e+1	9393	50
TAF11L2	0.021584	1.884934e+1	9394	50
RFX5	0.021580	1.884576e+1	9395	55
PIGX	0.021578	1.884382e+1	9396	66
NTNG2	0.021575	1.884115e+1	9397	61
HRH1	0.021573	1.883931e+1	9398	58
TSR3	0.021567	1.883398e+1	9399	60
RAB21	0.021563	1.883098e+1	9400	60
RGN	0.021556	1.882443e+1	9401	56
ECM1	0.021551	1.881995e+1	9402	65
VPS26C	0.021548	1.881737e+1	9403	46
SETMAR	0.021547	1.881647e+1	9404	60
WDR55	0.021545	1.881502e+1	9405	62
TBXAS1	0.021542	1.881238e+1	9406	66
SIDT1	0.021533	1.880475e+1	9407	63
TOMM6	0.021522	1.879545e+1	9408	52
SYNM	0.021522	1.879530e+1	9409	56
TOE1	0.021520	1.879347e+1	9410	62
LMAN1L	0.021520	1.879339e+1	9411	60
UBE2Z	0.021513	1.878745e+1	9412	56
TTLL5	0.021512	1.878601e+1	9413	67
ENSP00000492798	0.021506	1.878124e+1	9414	55
CFAP298	0.021505	1.877977e+1	9415	52
RETREG2	0.021493	1.876997e+1	9416	62
RCN2	0.021480	1.875830e+1	9417	66
TNN	0.021478	1.875628e+1	9418	47
ASMTL	0.021478	1.875623e+1	9419	62
ZER1	0.021462	1.874237e+1	9420	47
SENP2	0.021458	1.873952e+1	9421	51
CSPG5	0.021457	1.873818e+1	9422	64
HENMT1	0.021453	1.873499e+1	9423	57
GLP2R	0.021452	1.873355e+1	9424	52
PIM1	0.021448	1.873077e+1	9425	56
SPINK1	0.021447	1.872957e+1	9426	54
SPA17	0.021444	1.872723e+1	9427	53
PAPPA	0.021442	1.872500e+1	9428	51
SLC16A4	0.021437	1.872125e+1	9429	61
FCAR	0.021434	1.871791e+1	9430	55
MAP4K1	0.021433	1.871700e+1	9431	53
AASS	0.021433	1.871690e+1	9432	60
CLK2	0.021422	1.870775e+1	9433	51
HHIP	0.021421	1.870649e+1	9434	57
SNTB1	0.021407	1.869442e+1	9435	48
ACMSD	0.021405	1.869322e+1	9436	57
IL17RC	0.021402	1.869051e+1	9437	51
ARVCF	0.021401	1.868954e+1	9438	55
DNAJC25	0.021401	1.868909e+1	9439	68
USP6	0.021398	1.868683e+1	9440	60
STK38L	0.021396	1.868542e+1	9441	57
DPYSL4	0.021392	1.868171e+1	9442	58
ATF7	0.021389	1.867913e+1	9443	51
PTGES	0.021386	1.867587e+1	9444	47
METTL2B	0.021383	1.867394e+1	9445	63
KLHDC10	0.021383	1.867332e+1	9446	47
MT2A	0.021370	1.866231e+1	9447	54
FUT9	0.021368	1.866089e+1	9448	50
ATP2A3	0.021367	1.865947e+1	9449	57
CDON	0.021358	1.865209e+1	9450	49
CHRM4	0.021358	1.865194e+1	9451	56
PHYKPL	0.021358	1.865176e+1	9452	69
BNIP2	0.021355	1.864913e+1	9453	55
GZMM	0.021349	1.864420e+1	9454	65
NLK	0.021342	1.863777e+1	9455	53
ROBO4	0.021341	1.863737e+1	9456	55
ZPBP	0.021339	1.863487e+1	9457	63
BSND	0.021338	1.863427e+1	9458	60
CHRNE	0.021334	1.863080e+1	9459	48
LZTFL1	0.021332	1.862879e+1	9460	50
GTF3C4	0.021328	1.862554e+1	9461	50
PIGQ	0.021324	1.862251e+1	9462	45
GID8	0.021322	1.862033e+1	9463	51
SLC33A1	0.021320	1.861873e+1	9464	64
SEMA5A	0.021320	1.861864e+1	9465	58
EXTL3	0.021318	1.861710e+1	9466	58
IGFALS	0.021314	1.861372e+1	9467	60
TERB1	0.021312	1.861143e+1	9468	56
HPGD	0.021308	1.860833e+1	9469	62
IMPAD1	0.021308	1.860781e+1	9470	51
SPATA3	0.021304	1.860492e+1	9471	64
ARNTL2	0.021297	1.859836e+1	9472	49
OLFM2	0.021294	1.859553e+1	9473	50
THAP7	0.021289	1.859127e+1	9474	58
FAM166C	0.021286	1.858916e+1	9475	37
ZNF44	0.021284	1.858725e+1	9476	59
LCE1F	0.021279	1.858289e+1	9477	43
MTPN	0.021276	1.858065e+1	9478	61
UNC5A	0.021276	1.858019e+1	9479	48
GTF2A1L	0.021273	1.857748e+1	9480	54
HELZ	0.021260	1.856632e+1	9481	62
LILRA4	0.021258	1.856439e+1	9482	55
UAP1	0.021258	1.856424e+1	9483	54
STATH	0.021257	1.856378e+1	9484	58
CD248	0.021255	1.856199e+1	9485	60
AKAP11	0.021253	1.855995e+1	9486	53
TRAPPC12	0.021247	1.855490e+1	9487	44
ADI1	0.021246	1.855414e+1	9488	54
SH2D1B	0.021243	1.855155e+1	9489	55
ATXN10	0.021237	1.854648e+1	9490	56
PSMC3IP	0.021225	1.853612e+1	9491	63
RABEPK	0.021221	1.853237e+1	9492	65
GSTK1	0.021219	1.853032e+1	9493	57
LHB	0.021217	1.852880e+1	9494	61
MAFF	0.021215	1.852737e+1	9495	55
NRGN	0.021208	1.852071e+1	9496	53
TFAP2B	0.021206	1.851931e+1	9497	58
TAS2R5	0.021206	1.851894e+1	9498	60
FOXE1	0.021200	1.851419e+1	9499	57
SELENOT	0.021200	1.851398e+1	9500	42
BMP3	0.021192	1.850707e+1	9501	58
LCE4A	0.021190	1.850535e+1	9502	48
REEP2	0.021181	1.849732e+1	9503	61
SLC26A2	0.021175	1.849218e+1	9504	56
TAS2R13	0.021173	1.849058e+1	9505	59
HSD11B1L	0.021170	1.848769e+1	9506	40
PHF11	0.021166	1.848429e+1	9507	61
ENSP00000491651	0.021165	1.848360e+1	9508	54
STRA6	0.021165	1.848327e+1	9509	51
MTDH	0.021165	1.848308e+1	9510	56
XPO4	0.021148	1.846807e+1	9511	50
SPACA1	0.021138	1.845935e+1	9512	63
RUSC2	0.021133	1.845536e+1	9513	57
OR5J2	0.021133	1.845514e+1	9514	59
ARHGAP11B-2	0.021129	1.845216e+1	9515	58
KCNH3	0.021129	1.845180e+1	9516	64
NR1D2	0.021127	1.845021e+1	9517	45
FBXO15	0.021114	1.843876e+1	9518	59
KCNJ16	0.021112	1.843728e+1	9519	58
P2RY6	0.021107	1.843274e+1	9520	58
GOLIM4	0.021106	1.843180e+1	9521	57
NIF3L1	0.021103	1.842948e+1	9522	56
TUB	0.021100	1.842633e+1	9523	66
RCE1	0.021091	1.841894e+1	9524	55
PEX5L	0.021088	1.841586e+1	9525	42
POU2F2	0.021080	1.840923e+1	9526	57
IGHMBP2	0.021076	1.840571e+1	9527	59
KCNK1	0.021076	1.840524e+1	9528	57
LTA4H	0.021076	1.840519e+1	9529	55
LLGL1	0.021073	1.840335e+1	9530	48
TMA7	0.021073	1.840313e+1	9531	59
POU4F3	0.021071	1.840145e+1	9532	63
MKRN1	0.021065	1.839588e+1	9533	61
LITAF	0.021064	1.839479e+1	9534	58
SLC5A5	0.021063	1.839396e+1	9535	54
NCOA5	0.021062	1.839325e+1	9536	57
FBXL14	0.021061	1.839228e+1	9537	61
VTCN1	0.021059	1.839115e+1	9538	53
OR51M1	0.021059	1.839055e+1	9539	53
SIGLEC10	0.021054	1.838637e+1	9540	63
TSPAN32	0.021052	1.838422e+1	9541	59
FOXN1	0.021048	1.838129e+1	9542	60
RTL10	0.021047	1.838024e+1	9543	53
HEATR3	0.021040	1.837442e+1	9544	59
MSRB2	0.021036	1.837079e+1	9545	65
BBIP1	0.021035	1.837000e+1	9546	45
TCF19	0.021033	1.836782e+1	9547	61
SUGCT	0.021007	1.834487e+1	9548	58
OR2B3	0.021005	1.834331e+1	9549	56
GCNT3	0.020994	1.833398e+1	9550	56
TAS2R46	0.020990	1.833046e+1	9551	56
HCRTR1	0.020987	1.832743e+1	9552	58
METTL8	0.020986	1.832678e+1	9553	64
CPNE8	0.020984	1.832500e+1	9554	77
SLC25A12	0.020981	1.832290e+1	9555	55
CNKSR2	0.020974	1.831671e+1	9556	61
RASAL3	0.020974	1.831657e+1	9557	63
MPG	0.020973	1.831569e+1	9558	52
SMTN	0.020954	1.829918e+1	9559	56
UBXN11	0.020949	1.829467e+1	9560	57
S100A11	0.020947	1.829329e+1	9561	57
LCE1E	0.020938	1.828514e+1	9562	43
ZGPAT	0.020937	1.828423e+1	9563	59
BDH2	0.020929	1.827718e+1	9564	59
MCIDAS	0.020918	1.826762e+1	9565	55
ABCB8	0.020917	1.826683e+1	9566	49
ZNF501	0.020915	1.826463e+1	9567	58
LFNG	0.020908	1.825898e+1	9568	53
NLRP5	0.020908	1.825841e+1	9569	57
PARP10	0.020905	1.825596e+1	9570	54
CNNM4	0.020904	1.825493e+1	9571	60
DEFB119	0.020899	1.825136e+1	9572	48
A1CF	0.020894	1.824663e+1	9573	54
TEFM	0.020879	1.823372e+1	9574	53
PIGB	0.020871	1.822619e+1	9575	45
ZP4	0.020869	1.822507e+1	9576	58
UNC13D	0.020850	1.820824e+1	9577	52
CCDC92	0.020834	1.819463e+1	9578	49
WNK3	0.020830	1.819082e+1	9579	52
ACR	0.020826	1.818739e+1	9580	60
CTHRC1	0.020814	1.817690e+1	9581	61
CLDN25	0.020814	1.817644e+1	9582	52
CSGALNACT2	0.020811	1.817438e+1	9583	56
RAB39B	0.020810	1.817294e+1	9584	53
TRIM14	0.020808	1.817119e+1	9585	58
TPK1	0.020808	1.817112e+1	9586	47
VCY	0.020807	1.817077e+1	9587	47
PRCP	0.020804	1.816808e+1	9588	57
CFAP221	0.020802	1.816635e+1	9589	56
KRTAP24-1	0.020797	1.816219e+1	9590	50
CITED1	0.020797	1.816169e+1	9591	57
ANXA11	0.020790	1.815601e+1	9592	60
RCC2	0.020787	1.815318e+1	9593	56
TRAF3IP2	0.020786	1.815220e+1	9594	50
EYA3	0.020784	1.815061e+1	9595	57
ZFYVE19	0.020778	1.814532e+1	9596	60
HOXB5	0.020777	1.814484e+1	9597	49
CGNL1	0.020775	1.814256e+1	9598	56
ARSB	0.020774	1.814204e+1	9599	50
CPEB4	0.020774	1.814193e+1	9600	51
NEK6	0.020771	1.813878e+1	9601	62
ROPN1L	0.020770	1.813868e+1	9602	62
SULF2	0.020759	1.812836e+1	9603	62
DOCK3	0.020749	1.811990e+1	9604	56
MNX1	0.020747	1.811832e+1	9605	57
VCY1B	0.020746	1.811780e+1	9606	47
PCSK2	0.020740	1.811184e+1	9607	57
SLC30A6	0.020730	1.810345e+1	9608	50
PEG3	0.020726	1.810010e+1	9609	57
OR6A2	0.020722	1.809668e+1	9610	52
CD177	0.020721	1.809549e+1	9611	59
EN1	0.020718	1.809312e+1	9612	60
FBXL17	0.020715	1.809017e+1	9613	55
SLC46A1	0.020713	1.808840e+1	9614	57
TBRG4	0.020712	1.808743e+1	9615	61
SLC24A5	0.020711	1.808707e+1	9616	53
ABI3	0.020708	1.808396e+1	9617	47
SFTPA1	0.020705	1.808180e+1	9618	52
DPYS	0.020703	1.807955e+1	9619	55
RTP1	0.020703	1.807942e+1	9620	60
FUT6	0.020702	1.807917e+1	9621	44
DRAP1	0.020701	1.807786e+1	9622	51
PMVK	0.020693	1.807149e+1	9623	45
SLC19A1	0.020693	1.807128e+1	9624	56
OXSR1	0.020693	1.807066e+1	9625	44
ADAM2	0.020686	1.806531e+1	9626	55
CST4	0.020684	1.806338e+1	9627	54
CYBRD1	0.020683	1.806268e+1	9628	52
FMNL1	0.020682	1.806158e+1	9629	53
PDLIM2	0.020679	1.805879e+1	9630	56
ZC2HC1C	0.020677	1.805719e+1	9631	58
CAB39	0.020674	1.805484e+1	9632	48
FAM13A	0.020671	1.805177e+1	9633	60
HAL	0.020666	1.804743e+1	9634	52
MANBA	0.020664	1.804556e+1	9635	61
PDZD11	0.020663	1.804526e+1	9636	46
MFAP2	0.020659	1.804168e+1	9637	48
ITPKC	0.020658	1.804050e+1	9638	48
IDUA	0.020657	1.803931e+1	9639	51
HTR3C	0.020654	1.803691e+1	9640	54
S100A13	0.020654	1.803691e+1	9641	55
LRRTM1	0.020650	1.803374e+1	9642	59
UROS	0.020649	1.803257e+1	9643	55
PDIK1L	0.020646	1.802968e+1	9644	57
STXBP6	0.020644	1.802842e+1	9645	49
TAP2	0.020643	1.802743e+1	9646	50
UPK3B	0.020643	1.802709e+1	9647	54
BLZF1	0.020642	1.802634e+1	9648	56
CLEC5A	0.020639	1.802419e+1	9649	60
ITIH1	0.020632	1.801799e+1	9650	61
TRPV3	0.020631	1.801676e+1	9651	53
CSTB	0.020626	1.801231e+1	9652	50
ESPNL	0.020623	1.800953e+1	9653	48
SLC39A8	0.020621	1.800844e+1	9654	57
WDFY4	0.020618	1.800548e+1	9655	67
ANKRD28	0.020612	1.800011e+1	9656	57
KRTAP9-3	0.020611	1.799937e+1	9657	48
DMBT1	0.020605	1.799401e+1	9658	56
CFHR3	0.020599	1.798873e+1	9659	50
SLC23A1	0.020595	1.798543e+1	9660	57
B3GNT4	0.020591	1.798212e+1	9661	55
CYB5R2	0.020591	1.798181e+1	9662	56
PRSS2	0.020588	1.797938e+1	9663	53
SUN5	0.020588	1.797902e+1	9664	57
KRT38	0.020582	1.797416e+1	9665	62
CLK1	0.020573	1.796594e+1	9666	52
FCRL5	0.020570	1.796393e+1	9667	58
BAHD1	0.020569	1.796240e+1	9668	56
TMEM249	0.020568	1.796210e+1	9669	42
SRSF12	0.020565	1.795963e+1	9670	56
SELENOF	0.020560	1.795513e+1	9671	43
FRMD6	0.020559	1.795405e+1	9672	51
SHISA6	0.020554	1.794979e+1	9673	53
PDP1	0.020554	1.794970e+1	9674	54
ZSCAN20	0.020552	1.794757e+1	9675	49
SPIN1	0.020551	1.794687e+1	9676	39
HOXB6	0.020548	1.794467e+1	9677	48
TLCD3B	0.020540	1.793725e+1	9678	49
GPIHBP1	0.020539	1.793640e+1	9679	54
LENG1	0.020520	1.792003e+1	9680	57
GTF3A	0.020518	1.791853e+1	9681	48
NUBP2	0.020518	1.791822e+1	9682	53
ANKRD27	0.020511	1.791237e+1	9683	54
PPP6R1	0.020510	1.791169e+1	9684	53
OVGP1	0.020506	1.790817e+1	9685	53
CRYBA1	0.020491	1.789482e+1	9686	54
ESX1	0.020482	1.788655e+1	9687	64
THOP1	0.020482	1.788642e+1	9688	57
ERGIC2	0.020480	1.788530e+1	9689	56
DHDH	0.020480	1.788500e+1	9690	52
PLAGL1	0.020478	1.788354e+1	9691	54
CFAP44	0.020473	1.787903e+1	9692	58
TBC1D20	0.020470	1.787653e+1	9693	55
HLF	0.020469	1.787590e+1	9694	56
DOCK7	0.020457	1.786476e+1	9695	55
SPAM1	0.020456	1.786370e+1	9696	51
LY9	0.020453	1.786173e+1	9697	59
SMDT1	0.020453	1.786167e+1	9698	49
PDXK	0.020453	1.786166e+1	9699	53
S100G	0.020444	1.785347e+1	9700	52
MOGAT3	0.020433	1.784384e+1	9701	42
SLC34A3	0.020431	1.784258e+1	9702	51
METAP1D	0.020427	1.783915e+1	9703	62
PTBP3	0.020425	1.783743e+1	9704	60
CCDC8	0.020425	1.783742e+1	9705	60
EMC4	0.020420	1.783231e+1	9706	50
SLC30A5	0.020418	1.783088e+1	9707	51
VWC2L	0.020414	1.782788e+1	9708	56
OSBPL5	0.020414	1.782752e+1	9709	55
DNER	0.020411	1.782454e+1	9710	53
P2RX2	0.020410	1.782352e+1	9711	50
SLC38A2	0.020409	1.782286e+1	9712	55
FNDC5	0.020408	1.782264e+1	9713	56
CELF2	0.020400	1.781496e+1	9714	58
HGFAC	0.020399	1.781395e+1	9715	58
PACS2	0.020397	1.781224e+1	9716	51
CEACAM6	0.020396	1.781196e+1	9717	62
DPH5	0.020396	1.781167e+1	9718	55
TAS2R14	0.020393	1.780886e+1	9719	59
CHFR	0.020388	1.780489e+1	9720	52
HIGD2A	0.020384	1.780115e+1	9721	56
TAS2R10	0.020383	1.780056e+1	9722	58
NAPSA	0.020361	1.778157e+1	9723	54
SHQ1	0.020358	1.777880e+1	9724	51
USP12	0.020357	1.777798e+1	9725	50
ANKLE2	0.020348	1.776960e+1	9726	50
SLC22A11	0.020345	1.776754e+1	9727	54
CD180	0.020344	1.776663e+1	9728	59
ZNF451	0.020341	1.776401e+1	9729	55
NANS	0.020331	1.775454e+1	9730	57
TRIM4	0.020330	1.775409e+1	9731	55
BLMH	0.020327	1.775152e+1	9732	62
DEFB108B	0.020325	1.774955e+1	9733	47
PHPT1	0.020323	1.774755e+1	9734	55
ADAMTS1	0.020322	1.774719e+1	9735	62
ARMC8	0.020321	1.774626e+1	9736	45
BCAS3	0.020315	1.774094e+1	9737	64
PNMA2	0.020312	1.773878e+1	9738	54
SIGLEC5-2	0.020306	1.773290e+1	9739	63
ARX	0.020297	1.772560e+1	9740	52
HSF4	0.020297	1.772521e+1	9741	51
ESS2	0.020297	1.772505e+1	9742	53
REG3G	0.020292	1.772116e+1	9743	60
SLC30A3	0.020292	1.772066e+1	9744	55
TCF15	0.020281	1.771160e+1	9745	60
NDST2	0.020281	1.771100e+1	9746	51
CCDC74B	0.020276	1.770673e+1	9747	47
BASP1	0.020275	1.770626e+1	9748	61
ST3GAL6	0.020262	1.769468e+1	9749	47
DDX19B	0.020262	1.769463e+1	9750	59
NRBF2	0.020258	1.769149e+1	9751	50
RNF138	0.020257	1.769040e+1	9752	59
PIGZ	0.020255	1.768831e+1	9753	54
SEPHS1	0.020254	1.768815e+1	9754	49
NSRP1	0.020253	1.768724e+1	9755	57
MEI1	0.020253	1.768705e+1	9756	52
USPL1	0.020252	1.768638e+1	9757	58
ZNF763	0.020252	1.768593e+1	9758	56
ZC3H3	0.020246	1.768036e+1	9759	51
TAF11L14	0.020245	1.767955e+1	9760	47
ARL2	0.020245	1.767948e+1	9761	53
ADAM22	0.020238	1.767417e+1	9762	50
NAALADL1	0.020238	1.767341e+1	9763	53
TAF11L11	0.020236	1.767169e+1	9764	47
TAF11L12	0.020236	1.767169e+1	9765	47
TAF11L13	0.020230	1.766668e+1	9766	47
TAF11L9	0.020230	1.766668e+1	9767	47
CLDN8	0.020229	1.766556e+1	9768	41
KLK1	0.020224	1.766155e+1	9769	57
ADGRB3	0.020219	1.765724e+1	9770	56
PTCH2	0.020216	1.765471e+1	9771	45
ZRANB2	0.020207	1.764687e+1	9772	56
BPY2	0.020207	1.764686e+1	9773	40
EVL	0.020206	1.764603e+1	9774	50
DYRK2	0.020204	1.764420e+1	9775	58
KRTAP4-7	0.020201	1.764108e+1	9776	47
GGH	0.020200	1.764030e+1	9777	55
KLHL5	0.020197	1.763803e+1	9778	63
RNF216	0.020197	1.763771e+1	9779	54
TTC12	0.020184	1.762635e+1	9780	64
SGK3	0.020180	1.762339e+1	9781	55
GSDMB	0.020180	1.762273e+1	9782	54
MAPKAPK5	0.020177	1.762060e+1	9783	48
RAMP3	0.020175	1.761890e+1	9784	44
GDF11	0.020171	1.761512e+1	9785	47
CHST14	0.020170	1.761460e+1	9786	56
BEGAIN	0.020167	1.761208e+1	9787	59
NOX3	0.020167	1.761140e+1	9788	46
ABHD16A	0.020166	1.761081e+1	9789	56
KCNE4	0.020158	1.760349e+1	9790	49
SNRNP25	0.020156	1.760227e+1	9791	39
LY6G6D	0.020146	1.759348e+1	9792	72
LLGL2	0.020146	1.759333e+1	9793	45
HPF1	0.020146	1.759303e+1	9794	52
CES2	0.020140	1.758797e+1	9795	41
HOXC8	0.020138	1.758598e+1	9796	59
KRTCAP2	0.020131	1.758010e+1	9797	47
HPS4	0.020129	1.757820e+1	9798	48
SINHCAF	0.020128	1.757733e+1	9799	38
MAGEA10	0.020126	1.757558e+1	9800	57
DEFB118	0.020122	1.757248e+1	9801	45
TBC1D22A	0.020115	1.756603e+1	9802	63
MBD3L2	0.020112	1.756364e+1	9803	50
TAGLN3	0.020109	1.756121e+1	9804	60
CLDN23	0.020100	1.755352e+1	9805	43
KRTAP4-5	0.020093	1.754672e+1	9806	48
CAST	0.020090	1.754484e+1	9807	47
HOXC9	0.020088	1.754256e+1	9808	53
ENPP2	0.020086	1.754105e+1	9809	55
TKFC	0.020082	1.753718e+1	9810	49
CALCB	0.020078	1.753363e+1	9811	48
PIN4	0.020076	1.753254e+1	9812	61
DEFB128	0.020075	1.753145e+1	9813	45
UNC93B1	0.020073	1.752976e+1	9814	52
SFTPA2	0.020072	1.752878e+1	9815	53
TMSB4Y	0.020066	1.752395e+1	9816	45
TAS2R39	0.020062	1.752022e+1	9817	55
SCGN	0.020059	1.751747e+1	9818	60
VPS50	0.020057	1.751556e+1	9819	56
MAN2A2	0.020048	1.750814e+1	9820	49
SHISA7	0.020047	1.750666e+1	9821	51
ARHGAP11B	0.020046	1.750583e+1	9822	55
RAMP1	0.020042	1.750296e+1	9823	40
TRMT12	0.020040	1.750100e+1	9824	53
SOAT2	0.020039	1.750016e+1	9825	47
TENT2	0.020033	1.749459e+1	9826	50
DOCK5	0.020031	1.749263e+1	9827	54
GSDME	0.020023	1.748633e+1	9828	52
PACRGL	0.020022	1.748497e+1	9829	63
NOXA1	0.020009	1.747401e+1	9830	42
ACSM2A	0.020009	1.747356e+1	9831	63
RIOX1	0.020004	1.746918e+1	9832	53
WDR11	0.020001	1.746714e+1	9833	60
ELOVL4	0.019997	1.746329e+1	9834	49
ITGAD	0.019987	1.745411e+1	9835	46
POMK	0.019983	1.745087e+1	9836	47
MFAP4	0.019983	1.745075e+1	9837	55
TXLNG	0.019979	1.744725e+1	9838	54
COQ7	0.019979	1.744719e+1	9839	46
REC114	0.019976	1.744465e+1	9840	49
VPS13A	0.019973	1.744233e+1	9841	56
RTP2	0.019971	1.744077e+1	9842	57
EDAR	0.019963	1.743374e+1	9843	53
RXFP1	0.019950	1.742230e+1	9844	46
ENSP00000497509	0.019931	1.740607e+1	9845	49
ACRBP	0.019931	1.740562e+1	9846	59
PAG1	0.019927	1.740228e+1	9847	50
DOC2A	0.019927	1.740187e+1	9848	54
DAPK2	0.019918	1.739444e+1	9849	48
HBQ1	0.019915	1.739196e+1	9850	45
DEFB113	0.019907	1.738428e+1	9851	46
BOLA1	0.019905	1.738254e+1	9852	48
ZDHHC17	0.019898	1.737680e+1	9853	60
PPME1	0.019897	1.737633e+1	9854	48
CHSY1	0.019889	1.736887e+1	9855	52
MEST	0.019887	1.736687e+1	9856	50
ABCC6	0.019876	1.735753e+1	9857	55
REPIN1	0.019873	1.735485e+1	9858	55
TMC6	0.019871	1.735367e+1	9859	55
CLDN6	0.019867	1.734984e+1	9860	45
SPIDR	0.019867	1.734951e+1	9861	54
JMJD4	0.019865	1.734842e+1	9862	53
PROP1	0.019864	1.734672e+1	9863	53
PASD1	0.019863	1.734592e+1	9864	59
DDHD1	0.019859	1.734262e+1	9865	58
SYTL4	0.019857	1.734127e+1	9866	52
CDCA7L	0.019855	1.733894e+1	9867	54
GADD45G	0.019854	1.733875e+1	9868	49
C4BPB	0.019854	1.733807e+1	9869	54
CSGALNACT1	0.019847	1.733189e+1	9870	53
HEXB	0.019840	1.732639e+1	9871	40
KRT9	0.019835	1.732156e+1	9872	62
RNF123	0.019833	1.732011e+1	9873	61
CERS1	0.019831	1.731801e+1	9874	45
NPEPPS	0.019828	1.731545e+1	9875	53
BICDL1	0.019821	1.730940e+1	9876	43
PRH2	0.019820	1.730835e+1	9877	53
MYLK4	0.019818	1.730692e+1	9878	38
ERO1B	0.019808	1.729793e+1	9879	48
ACOT4	0.019802	1.729316e+1	9880	46
NPAT	0.019799	1.729061e+1	9881	50
CLCN2	0.019793	1.728515e+1	9882	53
IPO11	0.019775	1.726923e+1	9883	49
DBP	0.019772	1.726701e+1	9884	53
SMG9	0.019768	1.726336e+1	9885	41
OR1F1	0.019768	1.726332e+1	9886	53
PTPN5	0.019762	1.725762e+1	9887	46
SLC34A2	0.019743	1.724163e+1	9888	51
CRB3	0.019742	1.724034e+1	9889	45
SLC17A1	0.019738	1.723687e+1	9890	49
OR6K6	0.019732	1.723218e+1	9891	54
GJC1	0.019732	1.723192e+1	9892	48
VRK2	0.019731	1.723125e+1	9893	55
SPP2	0.019730	1.722998e+1	9894	60
NTAN1	0.019726	1.722686e+1	9895	49
IL25	0.019726	1.722680e+1	9896	44
TAS2R60	0.019720	1.722166e+1	9897	58
SSNA1	0.019719	1.722021e+1	9898	54
SDHAF1	0.019718	1.722004e+1	9899	49
NPTN	0.019713	1.721508e+1	9900	58
CXCL17	0.019706	1.720914e+1	9901	36
NFXL1	0.019693	1.719773e+1	9902	61
BHLHE22	0.019691	1.719587e+1	9903	61
COA4	0.019690	1.719510e+1	9904	50
HSDL1	0.019690	1.719498e+1	9905	61
BANF2	0.019686	1.719188e+1	9906	47
KHDRBS3	0.019684	1.718985e+1	9907	55
HOXA11	0.019684	1.718977e+1	9908	60
UBXN8	0.019683	1.718942e+1	9909	45
SPECC1L	0.019678	1.718501e+1	9910	58
SH2D2A	0.019676	1.718337e+1	9911	51
FAM131B	0.019676	1.718319e+1	9912	57
DACT1	0.019673	1.718011e+1	9913	52
A4GALT	0.019672	1.717942e+1	9914	46
KCNU1	0.019664	1.717288e+1	9915	41
GOLT1A	0.019664	1.717247e+1	9916	54
ARHGAP26	0.019661	1.717023e+1	9917	54
GALNS	0.019659	1.716832e+1	9918	52
ANKK1	0.019653	1.716261e+1	9919	51
SLC39A7	0.019652	1.716242e+1	9920	40
LRRC8A	0.019651	1.716104e+1	9921	53
ZNF592	0.019649	1.715902e+1	9922	52
HPCA	0.019640	1.715166e+1	9923	55
ARPP19	0.019639	1.715034e+1	9924	54
ABCA2	0.019638	1.714996e+1	9925	47
STAU2	0.019638	1.714961e+1	9926	51
DGCR2	0.019634	1.714633e+1	9927	50
AKR7A2	0.019632	1.714488e+1	9928	53
PGRMC2	0.019621	1.713464e+1	9929	57
ZNF24	0.019617	1.713127e+1	9930	48
LSR	0.019613	1.712812e+1	9931	52
WIPF3	0.019613	1.712768e+1	9932	50
FCRLA	0.019612	1.712689e+1	9933	51
GJD2	0.019611	1.712601e+1	9934	51
CRTAM	0.019606	1.712189e+1	9935	56
TNFRSF11B	0.019590	1.710789e+1	9936	55
MAEA	0.019586	1.710400e+1	9937	47
ZNHIT3	0.019582	1.710085e+1	9938	48
KRT4	0.019581	1.710020e+1	9939	61
ELOVL3	0.019577	1.709685e+1	9940	49
PCBD1	0.019574	1.709346e+1	9941	46
CDR2	0.019568	1.708837e+1	9942	54
MMAB	0.019567	1.708751e+1	9943	50
EPHA6	0.019563	1.708444e+1	9944	46
GABRQ	0.019561	1.708281e+1	9945	45
DNASE2	0.019560	1.708172e+1	9946	54
TRIM11	0.019545	1.706852e+1	9947	55
IL17C	0.019542	1.706611e+1	9948	51
SCP2D1	0.019542	1.706604e+1	9949	64
SMG8	0.019532	1.705716e+1	9950	41
CRB2	0.019526	1.705201e+1	9951	47
MEPE	0.019508	1.703620e+1	9952	51
PRLH	0.019501	1.702987e+1	9953	53
WDCP	0.019490	1.702050e+1	9954	52
CMKLR1	0.019476	1.700834e+1	9955	56
HTR3E	0.019474	1.700668e+1	9956	51
RAMP2	0.019474	1.700618e+1	9957	42
HOXB13	0.019470	1.700281e+1	9958	54
NMNAT3	0.019459	1.699365e+1	9959	53
SLC4A1AP	0.019452	1.698719e+1	9960	55
PITRM1	0.019451	1.698626e+1	9961	55
SMCHD1	0.019447	1.698305e+1	9962	57
TWIST2	0.019445	1.698098e+1	9963	51
OPCML	0.019444	1.698020e+1	9964	63
BANK1	0.019439	1.697562e+1	9965	51
SLC7A8	0.019434	1.697163e+1	9966	51
SMIM24	0.019431	1.696938e+1	9967	57
CYB5RL	0.019418	1.695773e+1	9968	52
CYP2R1	0.019414	1.695433e+1	9969	52
PGAP3	0.019396	1.693849e+1	9970	45
DEFB124	0.019387	1.693076e+1	9971	46
ASB10	0.019384	1.692809e+1	9972	55
FAIM2	0.019384	1.692796e+1	9973	54
CALCRL	0.019383	1.692689e+1	9974	39
DEFB123	0.019382	1.692616e+1	9975	46
COPS9	0.019379	1.692335e+1	9976	43
NXT2	0.019377	1.692159e+1	9977	44
DPPA4	0.019376	1.692075e+1	9978	53
CKMT1B	0.019375	1.691985e+1	9979	48
CRYM	0.019368	1.691425e+1	9980	61
TBCB	0.019355	1.690253e+1	9981	45
FAM98A	0.019354	1.690158e+1	9982	49
GATA5	0.019347	1.689526e+1	9983	56
GABRE	0.019342	1.689164e+1	9984	45
TCTE1	0.019341	1.689077e+1	9985	54
ZBTB17	0.019339	1.688860e+1	9986	50
ANGPT4	0.019338	1.688802e+1	9987	44
WHAMM	0.019335	1.688520e+1	9988	49
TCN1	0.019333	1.688376e+1	9989	53
UQCC1	0.019332	1.688244e+1	9990	54
VPREB1	0.019328	1.687861e+1	9991	51
ZFR	0.019308	1.686166e+1	9992	58
TMPRSS3	0.019307	1.686061e+1	9993	51
MMACHC	0.019304	1.685798e+1	9994	50
MYBPH	0.019301	1.685519e+1	9995	45
USB1	0.019298	1.685248e+1	9996	42
GLG1	0.019295	1.685025e+1	9997	53
DCHS1	0.019293	1.684887e+1	9998	48
CD84	0.019291	1.684648e+1	9999	57
ABHD11	0.019289	1.684509e+1	10000	60
BCL2L13	0.019285	1.684175e+1	10001	46
COQ4	0.019276	1.683404e+1	10002	45
ENPP6	0.019269	1.682765e+1	10003	47
NRDE2	0.019259	1.681871e+1	10004	55
CLDN15	0.019258	1.681812e+1	10005	44
TAS2R7	0.019254	1.681469e+1	10006	57
ZFP57	0.019249	1.680992e+1	10007	53
DNAJC22	0.019248	1.680944e+1	10008	63
USP43	0.019246	1.680728e+1	10009	58
EXOC6B	0.019246	1.680712e+1	10010	47
GLIS2	0.019237	1.679931e+1	10011	57
DDI2	0.019233	1.679595e+1	10012	50
SHOX	0.019224	1.678786e+1	10013	52
CD300LB	0.019221	1.678563e+1	10014	53
ALG14	0.019211	1.677654e+1	10015	49
TRIM16	0.019208	1.677399e+1	10016	53
TPCN2	0.019204	1.677047e+1	10017	50
CBLC	0.019204	1.677032e+1	10018	42
MTCH1	0.019198	1.676578e+1	10019	46
GAS1	0.019198	1.676549e+1	10020	47
CLDN9	0.019197	1.676480e+1	10021	42
EEF1AKNMT	0.019197	1.676445e+1	10022	53
B3GALT5	0.019193	1.676133e+1	10023	39
ACSM1	0.019191	1.675909e+1	10024	60
THYN1	0.019190	1.675894e+1	10025	45
PPP1R3F	0.019190	1.675881e+1	10026	43
PPP1R10	0.019187	1.675592e+1	10027	52
SPTY2D1	0.019184	1.675338e+1	10028	40
CLCA2	0.019183	1.675203e+1	10029	58
MMP20	0.019169	1.674040e+1	10030	50
STARD13	0.019168	1.673962e+1	10031	56
TCF21	0.019168	1.673891e+1	10032	53
UBE2U	0.019164	1.673625e+1	10033	49
BSN	0.019162	1.673437e+1	10034	49
SENP7	0.019153	1.672612e+1	10035	47
SLC36A1	0.019145	1.671913e+1	10036	54
KCNK4	0.019143	1.671786e+1	10037	51
CTAG2	0.019143	1.671777e+1	10038	49
NEUROD6	0.019139	1.671394e+1	10039	60
SEPTIN12	0.019134	1.670985e+1	10040	47
UACA	0.019133	1.670861e+1	10041	61
E7ENQ6_HUMAN	0.019132	1.670831e+1	10042	39
FBXL15	0.019130	1.670602e+1	10043	54
FBXL4	0.019127	1.670381e+1	10044	56
FGFBP1	0.019127	1.670309e+1	10045	41
ACOT7	0.019126	1.670291e+1	10046	51
RAB11FIP1	0.019120	1.669708e+1	10047	46
FNBP4	0.019115	1.669334e+1	10048	54
TACC1	0.019110	1.668892e+1	10049	49
TDRD1	0.019109	1.668751e+1	10050	46
NOVA2	0.019105	1.668396e+1	10051	53
TUT4	0.019095	1.667581e+1	10052	50
SLC24A1	0.019091	1.667214e+1	10053	52
TBC1D23	0.019085	1.666648e+1	10054	55
DEFB129	0.019079	1.666169e+1	10055	42
LETM2	0.019079	1.666165e+1	10056	61
PRAM1	0.019076	1.665871e+1	10057	54
ABCD2	0.019070	1.665409e+1	10058	46
CHPF	0.019062	1.664641e+1	10059	49
PIGP	0.019057	1.664195e+1	10060	41
ADGRA2	0.019053	1.663905e+1	10061	47
LAMB4	0.019052	1.663776e+1	10062	43
OTOG	0.019050	1.663593e+1	10063	50
PDCL3	0.019047	1.663397e+1	10064	41
HOXA13	0.019045	1.663176e+1	10065	58
SLC15A2	0.019044	1.663120e+1	10066	59
IFITM2	0.019037	1.662531e+1	10067	50
TBC1D17	0.019037	1.662526e+1	10068	48
CDK15	0.019019	1.660935e+1	10069	60
UNC5C	0.019019	1.660918e+1	10070	44
TCF20	0.019018	1.660795e+1	10071	57
SLC30A4	0.018992	1.658526e+1	10072	43
PIK3AP1	0.018991	1.658491e+1	10073	49
ZSCAN32	0.018989	1.658336e+1	10074	41
PCYT1B	0.018987	1.658159e+1	10075	47
FBXW10	0.018987	1.658148e+1	10076	58
EEF1AKMT2	0.018986	1.658066e+1	10077	50
ANKRD11	0.018983	1.657813e+1	10078	56
C7ORF26	0.018981	1.657557e+1	10079	42
OAZ2	0.018969	1.656573e+1	10080	60
BPI	0.018969	1.656530e+1	10081	44
CASS4	0.018969	1.656511e+1	10082	49
KRTAP4-8	0.018963	1.656046e+1	10083	48
PABPC4L	0.018955	1.655303e+1	10084	54
RGPD3	0.018951	1.655015e+1	10085	54
AS3MT	0.018950	1.654852e+1	10086	55
DNAH3	0.018946	1.654585e+1	10087	44
PLCH1	0.018946	1.654567e+1	10088	43
DDR1	0.018945	1.654473e+1	10089	53
SLC35B2	0.018929	1.653069e+1	10090	52
SCG2	0.018926	1.652835e+1	10091	53
LARP4	0.018916	1.651961e+1	10092	56
ATP4B	0.018916	1.651917e+1	10093	43
ARHGAP17	0.018907	1.651148e+1	10094	47
BMP8B	0.018906	1.651016e+1	10095	44
BOC	0.018897	1.650275e+1	10096	44
PPP6R2	0.018891	1.649703e+1	10097	48
STK35	0.018890	1.649632e+1	10098	52
ARSF	0.018886	1.649313e+1	10099	54
ETHE1	0.018882	1.648956e+1	10100	52
CSAD	0.018880	1.648748e+1	10101	45
GSDMA	0.018877	1.648517e+1	10102	51
JAM2	0.018873	1.648202e+1	10103	46
IGHV1-3	0.018873	1.648136e+1	10104	46
PANK2	0.018872	1.648098e+1	10105	44
COX16	0.018870	1.647925e+1	10106	49
IL36RN	0.018862	1.647205e+1	10107	48
SLC35A1	0.018856	1.646711e+1	10108	51
SLC22A3	0.018855	1.646586e+1	10109	55
PTCRA	0.018852	1.646357e+1	10110	53
FAM83H	0.018852	1.646338e+1	10111	49
TAS2R41	0.018852	1.646328e+1	10112	55
UNC79	0.018847	1.645930e+1	10113	58
MBD5	0.018838	1.645132e+1	10114	55
NTMT1	0.018836	1.644923e+1	10115	53
SPDEF	0.018825	1.644020e+1	10116	52
GDF7	0.018824	1.643875e+1	10117	44
OTUD7A	0.018820	1.643579e+1	10118	50
SGSH	0.018820	1.643518e+1	10119	51
DDRGK1	0.018816	1.643194e+1	10120	54
IGHV3-15	0.018808	1.642485e+1	10121	47
TAS2R43	0.018806	1.642349e+1	10122	53
IPMK	0.018805	1.642237e+1	10123	31
LCT	0.018805	1.642232e+1	10124	36
PTGIR	0.018803	1.642031e+1	10125	51
SELENOW	0.018802	1.641954e+1	10126	40
ULBP3	0.018798	1.641660e+1	10127	47
ZNF687	0.018778	1.639873e+1	10128	45
MIEF1	0.018775	1.639644e+1	10129	50
OR4E2	0.018768	1.639014e+1	10130	51
FGF12	0.018764	1.638692e+1	10131	51
KRT83	0.018764	1.638644e+1	10132	59
LIME1	0.018759	1.638232e+1	10133	50
MAP11	0.018751	1.637554e+1	10134	44
DEFB125	0.018751	1.637505e+1	10135	42
ETNK1	0.018751	1.637480e+1	10136	51
OR7C2	0.018746	1.637079e+1	10137	51
MLF1	0.018745	1.636978e+1	10138	51
EAPP	0.018733	1.635935e+1	10139	43
KRTAP1-3	0.018729	1.635559e+1	10140	48
TRIM54	0.018728	1.635536e+1	10141	55
VSX1	0.018727	1.635453e+1	10142	52
SPRY4	0.018722	1.635008e+1	10143	51
FBXO38	0.018712	1.634142e+1	10144	53
LCOR	0.018707	1.633707e+1	10145	43
CEP295	0.018707	1.633645e+1	10146	49
LYPLA2	0.018700	1.633083e+1	10147	53
RSU1	0.018698	1.632891e+1	10148	48
TECTB	0.018697	1.632834e+1	10149	53
LRRTM2	0.018696	1.632711e+1	10150	49
RDH8	0.018694	1.632570e+1	10151	40
KIR3DL3	0.018694	1.632552e+1	10152	32
IGSF6	0.018691	1.632306e+1	10153	58
CYTIP	0.018691	1.632256e+1	10154	54
OTX1	0.018687	1.631967e+1	10155	59
GALNT12	0.018672	1.630642e+1	10156	48
CELA3B	0.018671	1.630491e+1	10157	45
YBX2	0.018669	1.630345e+1	10158	57
RUNDC3A	0.018669	1.630326e+1	10159	48
GPAT2	0.018664	1.629915e+1	10160	38
FAP	0.018663	1.629800e+1	10161	54
ANKRD9	0.018661	1.629655e+1	10162	47
SH3BP2	0.018660	1.629533e+1	10163	42
ARHGAP32	0.018658	1.629383e+1	10164	52
COA7	0.018657	1.629317e+1	10165	53
HPS5	0.018647	1.628420e+1	10166	42
DRC3	0.018645	1.628275e+1	10167	52
SBF2	0.018643	1.628058e+1	10168	52
TMEM18	0.018638	1.627662e+1	10169	47
SEPTIN8	0.018631	1.627007e+1	10170	41
TTC9C	0.018629	1.626903e+1	10171	58
PIGV	0.018629	1.626868e+1	10172	35
PIGH	0.018626	1.626632e+1	10173	38
TMPRSS4	0.018619	1.625997e+1	10174	53
KRTAP9-4	0.018618	1.625922e+1	10175	44
SLC7A9	0.018617	1.625801e+1	10176	55
ANTXR1	0.018614	1.625590e+1	10177	54
YIPF1	0.018612	1.625378e+1	10178	53
SNTG1	0.018610	1.625233e+1	10179	41
ADAM15	0.018609	1.625158e+1	10180	47
AKAP14	0.018603	1.624606e+1	10181	46
CSMD3	0.018602	1.624492e+1	10182	51
TBC1D19	0.018601	1.624383e+1	10183	55
SPACA4	0.018594	1.623806e+1	10184	56
RAPH1	0.018592	1.623653e+1	10185	46
APIP	0.018584	1.622930e+1	10186	51
MRI1	0.018584	1.622921e+1	10187	46
GUCA2A	0.018573	1.621944e+1	10188	45
PDZD7	0.018571	1.621791e+1	10189	47
PLCH2	0.018570	1.621703e+1	10190	40
HPS3	0.018566	1.621355e+1	10191	41
DMXL1	0.018565	1.621230e+1	10192	50
NUDT9	0.018563	1.621076e+1	10193	44
TCN2	0.018559	1.620712e+1	10194	46
RGL2	0.018552	1.620179e+1	10195	39
PPP1R14A	0.018552	1.620165e+1	10196	44
DLG5	0.018546	1.619615e+1	10197	50
TMIE	0.018545	1.619505e+1	10198	48
PHEX	0.018543	1.619387e+1	10199	43
TMEM17	0.018541	1.619217e+1	10200	41
RECK	0.018537	1.618847e+1	10201	56
NHS	0.018536	1.618736e+1	10202	59
CDK2AP1	0.018527	1.617976e+1	10203	39
SIM1	0.018523	1.617579e+1	10204	52
KRTAP4-1	0.018522	1.617511e+1	10205	44
ARHGAP15	0.018518	1.617188e+1	10206	56
ABHD12	0.018517	1.617091e+1	10207	52
ARSG	0.018514	1.616795e+1	10208	52
ALX4	0.018511	1.616574e+1	10209	55
PAWR	0.018506	1.616104e+1	10210	49
B3GNT5	0.018501	1.615655e+1	10211	50
HESX1	0.018497	1.615292e+1	10212	53
KRT78	0.018494	1.615034e+1	10213	59
USP16	0.018491	1.614790e+1	10214	52
LRRC14	0.018490	1.614701e+1	10215	53
DXO	0.018487	1.614493e+1	10216	40
MMP16	0.018486	1.614384e+1	10217	49
PLIN5	0.018479	1.613792e+1	10218	53
TNIK	0.018476	1.613492e+1	10219	49
CDC14B	0.018470	1.612991e+1	10220	49
DNAJC5G	0.018463	1.612356e+1	10221	60
FMO3	0.018459	1.612033e+1	10222	49
SLC23A2	0.018457	1.611800e+1	10223	49
NFIX	0.018456	1.611756e+1	10224	58
ABCB5	0.018452	1.611370e+1	10225	57
SPRR4	0.018447	1.610930e+1	10226	55
RANGRF	0.018439	1.610227e+1	10227	45
RUBCN	0.018438	1.610183e+1	10228	45
OR52R1	0.018435	1.609927e+1	10229	49
MTPAP	0.018434	1.609870e+1	10230	49
PAOX	0.018433	1.609762e+1	10231	47
ITM2B	0.018433	1.609730e+1	10232	57
GET1	0.018429	1.609376e+1	10233	43
RNF212	0.018426	1.609138e+1	10234	49
UQCC2	0.018424	1.608917e+1	10235	52
RNF126	0.018417	1.608327e+1	10236	48
RGPD6	0.018416	1.608223e+1	10237	52
DEDD	0.018411	1.607856e+1	10238	50
EMC7	0.018409	1.607636e+1	10239	42
SNX33	0.018409	1.607632e+1	10240	49
APOBEC1	0.018406	1.607415e+1	10241	43
MGAM2	0.018403	1.607161e+1	10242	36
HEMGN	0.018403	1.607137e+1	10243	53
DUSP4	0.018402	1.607050e+1	10244	47
PRICKLE2	0.018402	1.607021e+1	10245	47
RSPH6A	0.018401	1.606966e+1	10246	53
HEMK1	0.018399	1.606806e+1	10247	49
NAA20	0.018395	1.606396e+1	10248	46
SERPINB3	0.018394	1.606358e+1	10249	52
BFSP1	0.018394	1.606316e+1	10250	43
FBXO3	0.018393	1.606293e+1	10251	52
CLPS	0.018387	1.605755e+1	10252	39
ADORA3	0.018377	1.604889e+1	10253	50
RAB30	0.018368	1.604055e+1	10254	53
EHD3	0.018367	1.603991e+1	10255	45
OR5T1	0.018361	1.603491e+1	10256	49
BPY2B	0.018361	1.603428e+1	10257	35
BPY2C	0.018361	1.603428e+1	10258	35
FBXL2	0.018359	1.603321e+1	10259	46
ARHGAP30	0.018344	1.601937e+1	10260	55
SCGB3A2	0.018340	1.601592e+1	10261	52
TEAD2	0.018329	1.600703e+1	10262	43
THAP1	0.018329	1.600695e+1	10263	41
ATOH7	0.018328	1.600553e+1	10264	51
TAS2R42	0.018326	1.600439e+1	10265	54
DHRS3	0.018326	1.600369e+1	10266	39
NAT9	0.018319	1.599809e+1	10267	50
ITPK1	0.018318	1.599730e+1	10268	43
XIRP1	0.018313	1.599242e+1	10269	52
DIPK2A	0.018310	1.599042e+1	10270	42
PLPBP	0.018309	1.598927e+1	10271	51
HTR3D	0.018305	1.598563e+1	10272	47
AMDHD2-2	0.018299	1.598053e+1	10273	40
ADA2	0.018299	1.598012e+1	10274	41
RLN2	0.018297	1.597830e+1	10275	49
KATNB1	0.018295	1.597717e+1	10276	49
TEF	0.018292	1.597428e+1	10277	48
CABYR	0.018291	1.597338e+1	10278	51
DPH1	0.018279	1.596310e+1	10279	45
NAGK	0.018275	1.595980e+1	10280	45
KRTAP13-3	0.018269	1.595464e+1	10281	46
LPXN	0.018262	1.594850e+1	10282	51
DACH1	0.018261	1.594716e+1	10283	47
MPDU1	0.018260	1.594642e+1	10284	49
CHST15	0.018246	1.593383e+1	10285	52
INPP5J	0.018230	1.592007e+1	10286	37
SIGIRR	0.018221	1.591235e+1	10287	44
DNPEP	0.018220	1.591140e+1	10288	57
RAB31	0.018218	1.590933e+1	10289	47
CAP2	0.018211	1.590338e+1	10290	43
PCMT1	0.018211	1.590334e+1	10291	58
ZP1	0.018204	1.589704e+1	10292	49
SLC22A12	0.018200	1.589382e+1	10293	47
CDH7	0.018199	1.589322e+1	10294	44
ST8SIA1	0.018198	1.589251e+1	10295	42
SNX18	0.018195	1.588967e+1	10296	48
CEP57	0.018193	1.588788e+1	10297	52
DEFB130A	0.018192	1.588659e+1	10298	48
RAB23	0.018189	1.588460e+1	10299	47
SBSN	0.018188	1.588387e+1	10300	55
NDP	0.018186	1.588156e+1	10301	45
IGKV2-40	0.018183	1.587916e+1	10302	47
NIPSNAP1	0.018182	1.587810e+1	10303	46
RALGAPA1	0.018177	1.587372e+1	10304	59
RAB36	0.018168	1.586609e+1	10305	50
THNSL2	0.018165	1.586339e+1	10306	55
CHKB	0.018161	1.585999e+1	10307	38
CBLN1	0.018160	1.585891e+1	10308	51
MGAT5B	0.018157	1.585677e+1	10309	48
MAEL	0.018152	1.585235e+1	10310	45
SCYL1	0.018148	1.584892e+1	10311	42
ZNF207	0.018142	1.584337e+1	10312	50
KRTDAP	0.018137	1.583930e+1	10313	49
DCAF4L2	0.018137	1.583884e+1	10314	45
HPDL	0.018131	1.583414e+1	10315	50
UBE2Q2	0.018130	1.583256e+1	10316	49
TMEM30A	0.018121	1.582536e+1	10317	42
BOLL	0.018121	1.582463e+1	10318	50
BPIFA2	0.018102	1.580835e+1	10319	46
LRRC10	0.018099	1.580572e+1	10320	59
CPEB2	0.018099	1.580552e+1	10321	42
ZNF263	0.018097	1.580392e+1	10322	55
ZC3H7B	0.018094	1.580098e+1	10323	53
PRICKLE3	0.018088	1.579588e+1	10324	44
DEFB110	0.018088	1.579575e+1	10325	37
GAS2L3	0.018086	1.579421e+1	10326	55
CIB2	0.018082	1.579083e+1	10327	43
CDH19	0.018081	1.579027e+1	10328	43
KRT25	0.018071	1.578113e+1	10329	56
LYPLAL1	0.018068	1.577850e+1	10330	54
APBB2	0.018067	1.577740e+1	10331	54
SUMF1	0.018056	1.576833e+1	10332	40
ASIC3	0.018056	1.576793e+1	10333	46
OTUD6A	0.018050	1.576315e+1	10334	55
JDP2	0.018047	1.576059e+1	10335	46
SLC1A4	0.018046	1.575954e+1	10336	52
FKBP9	0.018043	1.575666e+1	10337	61
CAPNS2	0.018042	1.575639e+1	10338	43
VNN2	0.018041	1.575493e+1	10339	56
ST3GAL5	0.018033	1.574824e+1	10340	51
ABRAXAS2	0.018026	1.574227e+1	10341	45
NKRF	0.018023	1.573981e+1	10342	49
ZFP36L1	0.018023	1.573980e+1	10343	44
MON1B	0.018016	1.573341e+1	10344	46
IL36G	0.018011	1.572869e+1	10345	51
AFF2	0.018011	1.572864e+1	10346	53
STK36	0.018009	1.572676e+1	10347	50
GOLGA7	0.018004	1.572305e+1	10348	41
RNF169	0.018000	1.571960e+1	10349	48
PRX	0.017997	1.571636e+1	10350	41
MAGED2	0.017993	1.571353e+1	10351	49
MZF1	0.017991	1.571111e+1	10352	54
HYAL2	0.017990	1.571030e+1	10353	44
HPS6	0.017989	1.570947e+1	10354	38
BCL2L10	0.017988	1.570844e+1	10355	40
TOB1	0.017985	1.570624e+1	10356	35
CCHCR1	0.017984	1.570505e+1	10357	51
MESP2	0.017978	1.570043e+1	10358	49
THNSL1	0.017977	1.569917e+1	10359	54
ZNF512B	0.017964	1.568774e+1	10360	51
RIBC1	0.017962	1.568617e+1	10361	50
SLC35D1	0.017961	1.568567e+1	10362	46
DENND1B	0.017955	1.567985e+1	10363	53
SDCBP2	0.017955	1.567973e+1	10364	47
USP26	0.017951	1.567671e+1	10365	56
ZMYND11	0.017949	1.567466e+1	10366	46
PPP1R3E	0.017938	1.566552e+1	10367	37
OLAH	0.017935	1.566245e+1	10368	54
FAM20B	0.017933	1.566097e+1	10369	52
IZUMO1	0.017933	1.566063e+1	10370	45
RPS6KA4	0.017932	1.566032e+1	10371	43
TBXT	0.017932	1.566008e+1	10372	45
KATNAL1	0.017932	1.565995e+1	10373	54
FBN3	0.017928	1.565683e+1	10374	49
CINP	0.017926	1.565479e+1	10375	45
ZBTB46	0.017922	1.565162e+1	10376	54
DOK1	0.017917	1.564657e+1	10377	43
COX8C	0.017907	1.563782e+1	10378	37
NFE2L1	0.017906	1.563737e+1	10379	46
AGA	0.017901	1.563268e+1	10380	49
CCDC96	0.017894	1.562634e+1	10381	54
POU3F3	0.017893	1.562617e+1	10382	49
PYDC1	0.017892	1.562495e+1	10383	43
TOX3	0.017892	1.562472e+1	10384	46
ROR1	0.017886	1.561943e+1	10385	46
IGFBP4	0.017884	1.561761e+1	10386	46
LCMT1	0.017883	1.561754e+1	10387	45
SLC38A4	0.017878	1.561263e+1	10388	57
PIBF1	0.017877	1.561229e+1	10389	49
HACD3	0.017876	1.561106e+1	10390	44
EMC6	0.017873	1.560839e+1	10391	41
NAGLU	0.017872	1.560776e+1	10392	45
MYRF	0.017864	1.560010e+1	10393	51
C19ORF71	0.017860	1.559707e+1	10394	50
PITPNM1	0.017860	1.559667e+1	10395	47
TIMM23B	0.017855	1.559269e+1	10396	40
MARK4	0.017853	1.559055e+1	10397	41
DOLPP1	0.017851	1.558950e+1	10398	41
EVI5	0.017849	1.558724e+1	10399	50
CFAP47	0.017842	1.558150e+1	10400	54
KSR2	0.017840	1.558000e+1	10401	51
MIB1	0.017828	1.556874e+1	10402	51
SLC5A8	0.017824	1.556545e+1	10403	53
IL18BP	0.017822	1.556355e+1	10404	52
ASIP	0.017820	1.556208e+1	10405	41
CAMK1G	0.017820	1.556173e+1	10406	44
HAAO	0.017814	1.555654e+1	10407	45
H0YIS7_HUMAN	0.017814	1.555645e+1	10408	47
CNR2	0.017811	1.555427e+1	10409	46
TMC2	0.017806	1.554954e+1	10410	45
CLYBL	0.017805	1.554884e+1	10411	59
GPHA2	0.017805	1.554867e+1	10412	51
BCL6B	0.017798	1.554323e+1	10413	52
DTX2	0.017798	1.554321e+1	10414	46
SUCO	0.017794	1.553975e+1	10415	52
GPRIN2	0.017788	1.553443e+1	10416	47
DFFA	0.017787	1.553362e+1	10417	46
GPATCH2	0.017786	1.553247e+1	10418	39
DALRD3	0.017786	1.553207e+1	10419	52
PDE12	0.017783	1.553015e+1	10420	47
TRIM50	0.017778	1.552532e+1	10421	46
DPH3	0.017775	1.552245e+1	10422	40
IL27	0.017762	1.551152e+1	10423	42
PRSS3	0.017762	1.551111e+1	10424	45
OXNAD1	0.017761	1.551092e+1	10425	48
NSMCE3	0.017760	1.550929e+1	10426	38
PPHLN1	0.017759	1.550869e+1	10427	47
RHOBTB1	0.017742	1.549406e+1	10428	40
NKX3-2	0.017740	1.549187e+1	10429	48
FCRL3	0.017738	1.549093e+1	10430	52
XPNPEP3	0.017735	1.548788e+1	10431	51
DEFB114	0.017731	1.548454e+1	10432	38
DEFB115	0.017731	1.548412e+1	10433	42
OSBPL8	0.017728	1.548198e+1	10434	53
PPP1R15B	0.017726	1.547994e+1	10435	42
GUCA1C	0.017723	1.547701e+1	10436	48
RAB11FIP5	0.017721	1.547594e+1	10437	43
LAMP3	0.017719	1.547417e+1	10438	50
LY6G5B	0.017707	1.546335e+1	10439	47
GNPNAT1	0.017703	1.546013e+1	10440	40
OR8J1	0.017702	1.545904e+1	10441	48
USP38	0.017700	1.545725e+1	10442	55
PGAP2	0.017699	1.545635e+1	10443	44
KLK8	0.017698	1.545570e+1	10444	51
DIO3	0.017697	1.545491e+1	10445	46
IQSEC2	0.017694	1.545231e+1	10446	50
ISOC2	0.017693	1.545139e+1	10447	54
SERPINA10	0.017691	1.544949e+1	10448	50
TFPI2	0.017690	1.544881e+1	10449	55
TAS2R3	0.017682	1.544170e+1	10450	49
CLDN10	0.017680	1.544016e+1	10451	39
HDGFL2	0.017674	1.543477e+1	10452	36
GBP3	0.017671	1.543194e+1	10453	50
SLC6A19	0.017669	1.543014e+1	10454	48
WASHC1	0.017665	1.542682e+1	10455	39
RBMXL3	0.017661	1.542296e+1	10456	44
FAM8A1	0.017660	1.542233e+1	10457	46
ASIC2	0.017659	1.542172e+1	10458	49
UBP1	0.017659	1.542147e+1	10459	51
TAS2R31	0.017659	1.542117e+1	10460	51
TAS2R9	0.017655	1.541839e+1	10461	53
PIGY	0.017654	1.541685e+1	10462	37
APOBEC2	0.017653	1.541650e+1	10463	48
ATL2	0.017653	1.541627e+1	10464	46
ZNF346	0.017651	1.541496e+1	10465	44
ACSM4	0.017651	1.541416e+1	10466	58
LIX1	0.017649	1.541262e+1	10467	51
CA6	0.017641	1.540586e+1	10468	49
HS3ST1	0.017636	1.540131e+1	10469	45
AWAT1	0.017635	1.540052e+1	10470	52
PABPC5	0.017632	1.539820e+1	10471	47
NABP2	0.017632	1.539762e+1	10472	44
SEPTIN11	0.017630	1.539588e+1	10473	36
RNF114	0.017627	1.539345e+1	10474	49
NMRK1	0.017626	1.539306e+1	10475	42
LTC4S	0.017625	1.539142e+1	10476	42
CORO1B	0.017623	1.539039e+1	10477	50
ANKRD2	0.017623	1.539034e+1	10478	49
TBX4	0.017622	1.538892e+1	10479	50
PNPLA8	0.017620	1.538737e+1	10480	49
SCAND1	0.017611	1.537953e+1	10481	42
DCAF12L2	0.017609	1.537757e+1	10482	45
BIN2	0.017603	1.537289e+1	10483	52
EHBP1L1	0.017600	1.537001e+1	10484	48
SLC26A6	0.017596	1.536673e+1	10485	46
NAT8L	0.017594	1.536432e+1	10486	34
TEAD3	0.017586	1.535815e+1	10487	44
FAHD1	0.017586	1.535794e+1	10488	50
PTPRG	0.017583	1.535478e+1	10489	50
ZNF318	0.017580	1.535288e+1	10490	54
C17ORF75	0.017577	1.534951e+1	10491	48
SGK2	0.017575	1.534821e+1	10492	48
GPR65	0.017573	1.534646e+1	10493	56
HNRNPUL2	0.017566	1.534018e+1	10494	47
ANKRD17	0.017562	1.533717e+1	10495	51
SNX14	0.017560	1.533506e+1	10496	57
SLC25A28	0.017558	1.533333e+1	10497	47
CDH18	0.017554	1.532963e+1	10498	43
NCEH1	0.017543	1.531981e+1	10499	50
TYRO3	0.017542	1.531957e+1	10500	47
CXADR	0.017537	1.531511e+1	10501	47
SFI1	0.017528	1.530731e+1	10502	48
TMEM119	0.017527	1.530631e+1	10503	46
NMI	0.017515	1.529549e+1	10504	42
TMTC1	0.017515	1.529543e+1	10505	46
PDLIM4	0.017514	1.529468e+1	10506	43
NNMT	0.017512	1.529315e+1	10507	38
ARSD	0.017508	1.528932e+1	10508	50
CHP1	0.017503	1.528507e+1	10509	49
ATP10A	0.017496	1.527875e+1	10510	37
CLCN3	0.017492	1.527578e+1	10511	50
LRWD1	0.017486	1.527085e+1	10512	46
DNHD1	0.017481	1.526594e+1	10513	52
WSB2	0.017480	1.526543e+1	10514	49
DNAJC15	0.017475	1.526075e+1	10515	41
KANSL1L	0.017461	1.524822e+1	10516	44
ANXA7	0.017459	1.524708e+1	10517	49
ELOVL2	0.017455	1.524327e+1	10518	42
SWI5	0.017453	1.524121e+1	10519	41
NAB2	0.017445	1.523504e+1	10520	40
MTX3	0.017436	1.522652e+1	10521	36
MYOM1	0.017435	1.522551e+1	10522	52
CELSR1	0.017432	1.522360e+1	10523	42
STAB2	0.017428	1.522001e+1	10524	44
RAB33A	0.017426	1.521779e+1	10525	48
KRTAP1-5	0.017421	1.521383e+1	10526	44
KLRC4	0.017420	1.521293e+1	10527	35
OR52E5	0.017415	1.520838e+1	10528	47
TRIM72	0.017408	1.520209e+1	10529	44
HEXA	0.017405	1.519975e+1	10530	33
FUT5	0.017403	1.519787e+1	10531	34
OR7A5	0.017401	1.519617e+1	10532	46
FLRT2	0.017400	1.519499e+1	10533	47
KRTAP13-1	0.017399	1.519459e+1	10534	47
XPO7	0.017399	1.519451e+1	10535	46
CLIP2	0.017395	1.519101e+1	10536	38
ZYG11B	0.017394	1.518971e+1	10537	34
ENSA	0.017384	1.518164e+1	10538	44
LRRC39	0.017384	1.518119e+1	10539	54
AKAP3	0.017379	1.517729e+1	10540	46
HSFY1	0.017372	1.517079e+1	10541	42
MLPH	0.017369	1.516864e+1	10542	44
SELENOM	0.017359	1.515983e+1	10543	38
GGT1-2	0.017358	1.515823e+1	10544	48
SPINT1	0.017356	1.515725e+1	10545	47
WDR81	0.017355	1.515615e+1	10546	53
KIF24	0.017352	1.515331e+1	10547	50
DCAKD	0.017350	1.515200e+1	10548	50
PSMG3	0.017349	1.515047e+1	10549	44
EIF4EBP3	0.017348	1.515034e+1	10550	37
SLC7A6	0.017345	1.514705e+1	10551	47
HELB	0.017344	1.514680e+1	10552	46
OR5D18	0.017344	1.514657e+1	10553	45
CBY2	0.017343	1.514546e+1	10554	53
NEBL	0.017338	1.514131e+1	10555	49
FOXE3	0.017335	1.513886e+1	10556	50
TUBB8B	0.017334	1.513734e+1	10557	48
TRPS1	0.017327	1.513166e+1	10558	48
KANK2	0.017313	1.511929e+1	10559	51
RBMY1F	0.017312	1.511874e+1	10560	44
MYH15	0.017309	1.511609e+1	10561	44
ADAMTS9	0.017308	1.511484e+1	10562	48
CDK20	0.017308	1.511465e+1	10563	49
HIPK3	0.017308	1.511462e+1	10564	48
DNAJC12	0.017300	1.510842e+1	10565	53
OR9Q2	0.017298	1.510611e+1	10566	46
ARGLU1	0.017295	1.510406e+1	10567	48
OR7A10	0.017294	1.510317e+1	10568	46
NEU1	0.017293	1.510216e+1	10569	40
ROPN1	0.017289	1.509848e+1	10570	48
ABCC5	0.017284	1.509423e+1	10571	53
ASB1	0.017280	1.509015e+1	10572	49
GPCPD1	0.017275	1.508575e+1	10573	40
PNLDC1	0.017271	1.508270e+1	10574	48
ATP2C2	0.017271	1.508244e+1	10575	47
CPLANE1	0.017268	1.507984e+1	10576	41
GPR68	0.017266	1.507834e+1	10577	51
ARHGDIG	0.017261	1.507370e+1	10578	39
HMGXB4	0.017261	1.507369e+1	10579	42
EPB41L2	0.017258	1.507135e+1	10580	42
ANO5	0.017254	1.506756e+1	10581	42
DAB1	0.017252	1.506607e+1	10582	40
MKRN3	0.017251	1.506498e+1	10583	42
CELA3A	0.017246	1.506113e+1	10584	38
LRRC30	0.017244	1.505886e+1	10585	54
VPS35L	0.017242	1.505712e+1	10586	35
THRSP	0.017241	1.505618e+1	10587	47
CRYBB3	0.017240	1.505533e+1	10588	44
NAA35	0.017231	1.504742e+1	10589	39
QPCTL	0.017227	1.504464e+1	10590	52
MON2	0.017223	1.504109e+1	10591	48
TRPM3	0.017220	1.503852e+1	10592	46
ABHD4	0.017217	1.503523e+1	10593	49
COLQ	0.017217	1.503518e+1	10594	39
MACROD2	0.017213	1.503230e+1	10595	51
PPEF1	0.017212	1.503141e+1	10596	51
HYPK	0.017209	1.502844e+1	10597	45
SCEL	0.017202	1.502274e+1	10598	53
ANKRD46	0.017202	1.502216e+1	10599	56
ACOT1	0.017201	1.502184e+1	10600	39
HRK	0.017199	1.501960e+1	10601	38
NOL8	0.017198	1.501891e+1	10602	43
SLA	0.017196	1.501721e+1	10603	50
TTL	0.017185	1.500786e+1	10604	42
TNR	0.017182	1.500499e+1	10605	35
MAN1A2	0.017181	1.500441e+1	10606	47
MPP6	0.017179	1.500215e+1	10607	41
HIRIP3	0.017174	1.499754e+1	10608	43
SLC2A5	0.017169	1.499338e+1	10609	48
TREML1	0.017169	1.499333e+1	10610	40
KLF15	0.017168	1.499253e+1	10611	45
KRTAP2-1	0.017163	1.498822e+1	10612	40
SRRM4	0.017158	1.498410e+1	10613	50
FCSK	0.017158	1.498394e+1	10614	43
MMP11	0.017156	1.498255e+1	10615	46
OR13G1	0.017150	1.497677e+1	10616	41
ZFYVE16	0.017147	1.497433e+1	10617	41
BMF	0.017145	1.497257e+1	10618	39
ACSM5	0.017142	1.496990e+1	10619	55
STOML3	0.017140	1.496790e+1	10620	48
BTBD6	0.017139	1.496735e+1	10621	54
GPN2	0.017138	1.496685e+1	10622	42
VIPAS39	0.017133	1.496243e+1	10623	44
ACOT11	0.017133	1.496194e+1	10624	48
LILRA2	0.017129	1.495851e+1	10625	47
ATPAF1	0.017120	1.495099e+1	10626	49
KIAA0355	0.017119	1.495019e+1	10627	60
PXMP4	0.017118	1.494893e+1	10628	44
KREMEN1	0.017112	1.494357e+1	10629	43
H3Y2	0.017103	1.493617e+1	10630	49
USP24	0.017096	1.492996e+1	10631	49
TDRD5	0.017089	1.492358e+1	10632	48
CTTNBP2NL	0.017082	1.491747e+1	10633	30
ASB3	0.017068	1.490557e+1	10634	48
MKNK1	0.017062	1.489982e+1	10635	36
DLGAP4	0.017057	1.489618e+1	10636	44
DAPP1	0.017057	1.489536e+1	10637	43
PGBD1	0.017055	1.489434e+1	10638	42
CLEC14A	0.017053	1.489198e+1	10639	50
RNF17	0.017050	1.488944e+1	10640	52
SEC31B	0.017048	1.488768e+1	10641	36
TMCO5A	0.017044	1.488477e+1	10642	55
CHRM5	0.017038	1.487926e+1	10643	44
CLEC3B	0.017036	1.487741e+1	10644	49
DNAH10	0.017029	1.487161e+1	10645	48
TMEM129	0.017029	1.487152e+1	10646	45
GFRA4	0.017025	1.486768e+1	10647	46
OSBP2	0.017022	1.486543e+1	10648	47
KRT34	0.017015	1.485945e+1	10649	53
FBXO42	0.017011	1.485558e+1	10650	52
NEUROD2	0.017009	1.485426e+1	10651	49
N4BP2	0.017009	1.485344e+1	10652	52
DZIP1	0.017006	1.485154e+1	10653	49
LST1	0.017002	1.484785e+1	10654	48
BCLAF3	0.016973	1.482269e+1	10655	45
TPTEP2-CSNK1E	0.016972	1.482138e+1	10656	42
CCDC97	0.016971	1.482052e+1	10657	45
C1ORF112	0.016959	1.481017e+1	10658	50
CEP44	0.016958	1.480942e+1	10659	50
OR52I2	0.016958	1.480926e+1	10660	46
OR6B1	0.016951	1.480303e+1	10661	45
FCHSD2	0.016950	1.480265e+1	10662	42
NPR3	0.016950	1.480262e+1	10663	38
THEMIS	0.016949	1.480155e+1	10664	40
IL1F10	0.016947	1.480009e+1	10665	39
CRYBB2	0.016939	1.479308e+1	10666	38
TCTEX1D1	0.016934	1.478817e+1	10667	41
PTRH1	0.016933	1.478750e+1	10668	50
IFIT1B	0.016931	1.478536e+1	10669	47
GNG14	0.016923	1.477844e+1	10670	38
RBM11	0.016907	1.476521e+1	10671	51
RHPN1	0.016906	1.476365e+1	10672	46
C15ORF40	0.016892	1.475192e+1	10673	49
KHDRBS2	0.016892	1.475132e+1	10674	49
NUDT19	0.016886	1.474634e+1	10675	45
FUT7	0.016885	1.474597e+1	10676	41
TMBIM4	0.016885	1.474584e+1	10677	43
DUSP2	0.016879	1.474015e+1	10678	44
CRYBB1	0.016878	1.473905e+1	10679	41
SLC6A5	0.016877	1.473896e+1	10680	45
MIEF2	0.016877	1.473847e+1	10681	40
CHRNB3	0.016872	1.473437e+1	10682	40
PACSIN3	0.016864	1.472690e+1	10683	44
DNAJC28	0.016863	1.472595e+1	10684	47
LRRC40	0.016859	1.472254e+1	10685	53
CLGN	0.016858	1.472167e+1	10686	47
CRYGD	0.016856	1.472035e+1	10687	41
OR8A1	0.016854	1.471822e+1	10688	46
TMEM214	0.016853	1.471805e+1	10689	47
EVC	0.016853	1.471744e+1	10690	45
TLE6	0.016844	1.470946e+1	10691	42
MCOLN3	0.016844	1.470943e+1	10692	47
OR56A1	0.016843	1.470901e+1	10693	46
GDE1	0.016843	1.470871e+1	10694	48
CSMD1	0.016843	1.470871e+1	10695	56
C15ORF48	0.016842	1.470800e+1	10696	40
LRRTM4	0.016840	1.470633e+1	10697	46
ARL5B	0.016836	1.470242e+1	10698	48
TSPOAP1	0.016833	1.470060e+1	10699	41
RBMY1D	0.016832	1.469924e+1	10700	43
RASA2	0.016831	1.469820e+1	10701	38
FGF14	0.016830	1.469774e+1	10702	45
ATXN1L	0.016827	1.469522e+1	10703	43
FAR1	0.016827	1.469489e+1	10704	49
PPP1R13B	0.016820	1.468882e+1	10705	43
RHOBTB2	0.016819	1.468773e+1	10706	39
PBX4	0.016818	1.468696e+1	10707	47
COX20	0.016817	1.468592e+1	10708	43
ARSL	0.016815	1.468470e+1	10709	46
TRIM10	0.016815	1.468411e+1	10710	50
GALK2	0.016814	1.468346e+1	10711	47
ANKRD22	0.016813	1.468279e+1	10712	56
LRRC45	0.016810	1.467994e+1	10713	46
PPP1R12B	0.016807	1.467783e+1	10714	42
CAMSAP2	0.016805	1.467559e+1	10715	53
RREB1	0.016805	1.467549e+1	10716	52
KLK7	0.016803	1.467393e+1	10717	43
LRG1	0.016802	1.467338e+1	10718	49
UBXN2A	0.016800	1.467140e+1	10719	33
FMN1	0.016798	1.466988e+1	10720	46
OR1E1	0.016791	1.466343e+1	10721	45
DEFB121	0.016789	1.466166e+1	10722	40
SHISA8	0.016785	1.465814e+1	10723	46
ICMT	0.016781	1.465464e+1	10724	46
RIT2	0.016776	1.465005e+1	10725	47
PTPRN2	0.016771	1.464596e+1	10726	48
BOLA2B	0.016770	1.464490e+1	10727	43
KCNIP1	0.016770	1.464476e+1	10728	42
CLDN17	0.016762	1.463797e+1	10729	37
QTRT2	0.016761	1.463696e+1	10730	49
EIF4EBP2	0.016759	1.463553e+1	10731	42
ZFYVE9	0.016754	1.463079e+1	10732	38
SLC41A1	0.016749	1.462714e+1	10733	43
MAATS1	0.016749	1.462669e+1	10734	44
PDE4DIP	0.016746	1.462379e+1	10735	45
SEPTIN3	0.016742	1.462049e+1	10736	34
CSNK1G2	0.016742	1.462047e+1	10737	43
LRFN4	0.016740	1.461870e+1	10738	48
P2RX5	0.016740	1.461860e+1	10739	34
TOM1	0.016737	1.461677e+1	10740	39
FRYL	0.016734	1.461395e+1	10741	51
ZNF335	0.016731	1.461095e+1	10742	45
WDR66	0.016726	1.460667e+1	10743	47
BORCS6	0.016724	1.460528e+1	10744	39
ACRV1	0.016723	1.460373e+1	10745	47
KEL	0.016718	1.459947e+1	10746	40
APH1B	0.016711	1.459339e+1	10747	45
KRT85	0.016710	1.459250e+1	10748	51
DNAJC1	0.016709	1.459232e+1	10749	48
DCAF12L1	0.016709	1.459218e+1	10750	41
TNS1	0.016706	1.458956e+1	10751	48
FAM89B	0.016704	1.458749e+1	10752	44
PLEKHA4	0.016698	1.458256e+1	10753	52
TAOK3	0.016698	1.458198e+1	10754	55
FKBP14	0.016696	1.458039e+1	10755	51
HOGA1	0.016695	1.457966e+1	10756	36
ASB17	0.016691	1.457605e+1	10757	49
MOSPD2	0.016690	1.457549e+1	10758	47
TPCN1	0.016686	1.457221e+1	10759	48
PSTPIP2	0.016685	1.457064e+1	10760	50
OPA3	0.016676	1.456312e+1	10761	44
IER3IP1	0.016674	1.456161e+1	10762	49
DEFB116	0.016674	1.456144e+1	10763	36
CYP4F22	0.016653	1.454272e+1	10764	44
FBRS	0.016652	1.454174e+1	10765	40
HYKK	0.016648	1.453865e+1	10766	47
DBF4B	0.016646	1.453688e+1	10767	48
NFKBIL1	0.016645	1.453588e+1	10768	48
RHD	0.016640	1.453198e+1	10769	42
NOXO1	0.016639	1.453113e+1	10770	33
SYNJ2BP	0.016639	1.453060e+1	10771	46
MAP4	0.016635	1.452748e+1	10772	51
KRTAP6-1	0.016633	1.452588e+1	10773	40
PARP4	0.016632	1.452500e+1	10774	42
ANTXR2	0.016631	1.452405e+1	10775	48
TRIM3	0.016627	1.452029e+1	10776	45
RAB3B	0.016627	1.452015e+1	10777	48
RAB3C	0.016625	1.451810e+1	10778	47
KRTAP4-12	0.016623	1.451690e+1	10779	43
MAN2B1	0.016618	1.451231e+1	10780	48
ASRGL1	0.016617	1.451198e+1	10781	35
H1-7	0.016616	1.451037e+1	10782	43
ARHGEF4	0.016615	1.450998e+1	10783	44
CCDC36	0.016613	1.450792e+1	10784	45
GPR84	0.016610	1.450559e+1	10785	47
TSPAN33	0.016608	1.450348e+1	10786	37
CCDC155	0.016602	1.449842e+1	10787	40
OPN3	0.016598	1.449466e+1	10788	41
GTF2IRD1	0.016597	1.449392e+1	10789	38
AADAC	0.016591	1.448891e+1	10790	48
OR8K1	0.016591	1.448879e+1	10791	44
PRH1	0.016587	1.448532e+1	10792	44
YIPF5	0.016585	1.448385e+1	10793	45
ARHGEF18	0.016584	1.448302e+1	10794	39
AIFM3	0.016583	1.448214e+1	10795	50
DEFB112	0.016583	1.448163e+1	10796	41
FEZ1	0.016580	1.447897e+1	10797	47
CYP2A7	0.016579	1.447879e+1	10798	49
GPR149	0.016578	1.447715e+1	10799	53
TSSK4	0.016571	1.447180e+1	10800	48
IKZF2	0.016566	1.446728e+1	10801	52
TRAM1	0.016566	1.446679e+1	10802	39
HBG2	0.016565	1.446655e+1	10803	33
CCN4	0.016562	1.446318e+1	10804	49
RO60	0.016560	1.446147e+1	10805	44
REG3A	0.016554	1.445648e+1	10806	48
MMADHC	0.016544	1.444744e+1	10807	38
SEMA6A	0.016537	1.444201e+1	10808	41
CARD16	0.016536	1.444067e+1	10809	41
VPREB3	0.016534	1.443918e+1	10810	42
GTF3C6	0.016534	1.443888e+1	10811	40
MYO1B	0.016530	1.443541e+1	10812	49
TOR1B	0.016529	1.443487e+1	10813	45
SEMA3B	0.016525	1.443095e+1	10814	41
POU3F1	0.016522	1.442821e+1	10815	51
ZNF608	0.016518	1.442534e+1	10816	51
MOBP	0.016515	1.442244e+1	10817	46
ASB15	0.016512	1.442026e+1	10818	50
TRAPPC3L	0.016511	1.441912e+1	10819	31
BPIFA1	0.016495	1.440503e+1	10820	43
SLCO1C1	0.016489	1.439947e+1	10821	48
MACROD1	0.016486	1.439722e+1	10822	44
KRT12	0.016480	1.439231e+1	10823	55
SRA1	0.016479	1.439061e+1	10824	38
CLCA4	0.016475	1.438785e+1	10825	46
TAS2R40	0.016471	1.438404e+1	10826	47
DEFB131A	0.016470	1.438275e+1	10827	40
SBSPON	0.016468	1.438156e+1	10828	50
C7ORF50	0.016467	1.438057e+1	10829	50
PTH2	0.016461	1.437568e+1	10830	44
NABP1	0.016458	1.437284e+1	10831	43
SMIM36	0.016458	1.437264e+1	10832	46
TTC1	0.016456	1.437126e+1	10833	44
INA	0.016456	1.437077e+1	10834	43
CWF19L1	0.016455	1.436967e+1	10835	41
WASHC4	0.016452	1.436721e+1	10836	37
TNMD	0.016449	1.436484e+1	10837	44
MFSD6L	0.016449	1.436473e+1	10838	53
FHOD1	0.016445	1.436115e+1	10839	46
IDS	0.016444	1.436037e+1	10840	43
PITPNM3	0.016442	1.435863e+1	10841	40
PAN3	0.016439	1.435635e+1	10842	47
TRIM9	0.016435	1.435240e+1	10843	44
TLE5	0.016432	1.435018e+1	10844	40
CCDC68	0.016430	1.434828e+1	10845	43
BCL2L14	0.016418	1.433749e+1	10846	40
KCNK18	0.016416	1.433564e+1	10847	41
TJAP1	0.016415	1.433538e+1	10848	42
VNN1	0.016414	1.433425e+1	10849	50
SH3TC2	0.016411	1.433166e+1	10850	44
JPH3	0.016410	1.433113e+1	10851	42
DEFB134	0.016408	1.432905e+1	10852	41
RNF181	0.016407	1.432853e+1	10853	43
PTPRCAP	0.016397	1.431980e+1	10854	48
CHRNB1	0.016397	1.431954e+1	10855	36
ZKSCAN4	0.016395	1.431726e+1	10856	34
FAM120A	0.016392	1.431536e+1	10857	49
HOXC13	0.016391	1.431431e+1	10858	48
FAM114A2	0.016389	1.431274e+1	10859	50
RXFP3	0.016387	1.431084e+1	10860	36
SPATA2	0.016387	1.431045e+1	10861	35
KRTAP9-9	0.016386	1.431022e+1	10862	44
DEFB135	0.016375	1.430023e+1	10863	38
C1ORF109	0.016375	1.429978e+1	10864	41
ZFP36L2	0.016371	1.429649e+1	10865	45
SPATA4	0.016369	1.429535e+1	10866	53
KRT74	0.016363	1.428987e+1	10867	50
MPHOSPH9	0.016360	1.428739e+1	10868	49
CRCT1	0.016358	1.428494e+1	10869	45
TNP2	0.016357	1.428418e+1	10870	45
PPP4R3C	0.016356	1.428398e+1	10871	39
DAZ2	0.016355	1.428315e+1	10872	37
SYNPO2	0.016355	1.428243e+1	10873	47
AQP10	0.016353	1.428100e+1	10874	42
TGM3	0.016352	1.428044e+1	10875	44
P2RY8	0.016347	1.427540e+1	10876	43
CYP4V2	0.016345	1.427435e+1	10877	51
PRPF38B	0.016344	1.427356e+1	10878	44
RUSC1	0.016341	1.427038e+1	10879	47
CHD5	0.016340	1.426956e+1	10880	33
FERMT1	0.016334	1.426477e+1	10881	45
PIR	0.016334	1.426432e+1	10882	45
SVIL	0.016333	1.426354e+1	10883	48
PARD6G	0.016331	1.426183e+1	10884	32
NOCT	0.016325	1.425666e+1	10885	41
NAA16	0.016324	1.425528e+1	10886	37
ANKRD23	0.016321	1.425320e+1	10887	50
KRT82	0.016320	1.425220e+1	10888	52
GPR83	0.016317	1.424977e+1	10889	40
DLEC1	0.016317	1.424974e+1	10890	48
BTN3A2	0.016317	1.424928e+1	10891	44
ASNSD1	0.016312	1.424557e+1	10892	43
CRPPA	0.016312	1.424490e+1	10893	41
PPP1R11	0.016308	1.424166e+1	10894	42
LIMK2	0.016308	1.424153e+1	10895	34
PYCR3	0.016307	1.424096e+1	10896	40
ABCA12	0.016306	1.423998e+1	10897	42
TDRKH	0.016304	1.423819e+1	10898	35
NPFFR1	0.016296	1.423118e+1	10899	42
CHRNA9	0.016294	1.422977e+1	10900	36
PCDH11Y	0.016284	1.422085e+1	10901	40
TRIM44	0.016284	1.422050e+1	10902	47
WDR7	0.016284	1.422037e+1	10903	41
MAGEA12	0.016283	1.421949e+1	10904	43
GABRP	0.016276	1.421397e+1	10905	36
RBM27	0.016273	1.421073e+1	10906	49
SVOPL	0.016270	1.420841e+1	10907	51
HRC	0.016268	1.420695e+1	10908	46
PABPN1L	0.016265	1.420456e+1	10909	49
TMEM165	0.016264	1.420370e+1	10910	52
ENOPH1	0.016262	1.420191e+1	10911	43
TMPRSS6	0.016253	1.419387e+1	10912	42
HOXD11	0.016253	1.419371e+1	10913	47
TAS2R20	0.016251	1.419166e+1	10914	48
TAS2R30	0.016250	1.419120e+1	10915	49
PTPRU	0.016250	1.419070e+1	10916	44
UBE2L5	0.016250	1.419069e+1	10917	32
CLDN20	0.016246	1.418722e+1	10918	35
HRNR	0.016245	1.418710e+1	10919	46
SLC2A12	0.016244	1.418623e+1	10920	55
CLEC4G	0.016244	1.418589e+1	10921	45
SDR16C5	0.016242	1.418429e+1	10922	36
TLK1	0.016239	1.418180e+1	10923	40
ERGIC3	0.016237	1.417946e+1	10924	47
TACSTD2	0.016236	1.417912e+1	10925	47
SLC9A6	0.016234	1.417725e+1	10926	50
SSBP2	0.016233	1.417649e+1	10927	35
OR5B21	0.016230	1.417382e+1	10928	44
RGSL1	0.016229	1.417267e+1	10929	40
USP29	0.016229	1.417250e+1	10930	50
RASD2	0.016228	1.417141e+1	10931	46
LRRC23	0.016225	1.416891e+1	10932	53
CRTC1	0.016223	1.416719e+1	10933	42
AMDHD2	0.016216	1.416164e+1	10934	41
RHCE	0.016215	1.416007e+1	10935	35
MOB1B	0.016214	1.415952e+1	10936	37
MID1	0.016209	1.415540e+1	10937	40
CABS1	0.016202	1.414877e+1	10938	48
CHST12	0.016195	1.414317e+1	10939	47
TMEM127	0.016193	1.414115e+1	10940	38
CNN2	0.016192	1.414003e+1	10941	47
NALCN	0.016189	1.413796e+1	10942	43
CAB39L	0.016186	1.413528e+1	10943	39
KRT86	0.016184	1.413303e+1	10944	50
TBC1D10C	0.016182	1.413202e+1	10945	48
OLFM3	0.016182	1.413159e+1	10946	48
DOK7	0.016177	1.412737e+1	10947	37
INO80C-2	0.016177	1.412717e+1	10948	41
TPPP	0.016176	1.412651e+1	10949	40
IP6K1	0.016175	1.412522e+1	10950	40
MSRB3	0.016171	1.412199e+1	10951	52
SCAF1	0.016167	1.411835e+1	10952	43
NAXE	0.016166	1.411798e+1	10953	43
SLC8A2	0.016165	1.411688e+1	10954	43
AKAP8L	0.016163	1.411510e+1	10955	46
TFF2	0.016162	1.411384e+1	10956	45
SLC19A2	0.016157	1.410997e+1	10957	48
LRRC18	0.016151	1.410480e+1	10958	51
TRIM39	0.016145	1.409961e+1	10959	45
STON1-GTF2A1L	0.016144	1.409877e+1	10960	44
BOLA2	0.016144	1.409826e+1	10961	42
NLRP4	0.016142	1.409704e+1	10962	37
FHL1	0.016140	1.409477e+1	10963	39
NUTM1	0.016138	1.409331e+1	10964	44
PYHIN1	0.016135	1.409087e+1	10965	51
PSG1	0.016131	1.408701e+1	10966	38
FBXW12	0.016129	1.408536e+1	10967	42
ZNF446	0.016129	1.408536e+1	10968	39
TBC1D13	0.016127	1.408404e+1	10969	46
TYW1	0.016123	1.408057e+1	10970	42
ZNF202	0.016116	1.407418e+1	10971	49
DCAF4L1	0.016113	1.407143e+1	10972	38
RAB5IF	0.016107	1.406593e+1	10973	51
DYRK1B	0.016104	1.406364e+1	10974	41
FNTB	0.016097	1.405768e+1	10975	34
DPP9	0.016093	1.405433e+1	10976	45
HEPH	0.016089	1.405011e+1	10977	39
RAB24	0.016088	1.404921e+1	10978	47
MXD1	0.016085	1.404679e+1	10979	40
KRTAP19-3	0.016081	1.404385e+1	10980	44
HPSE	0.016072	1.403571e+1	10981	45
TAS2R19	0.016069	1.403257e+1	10982	48
P2RX6	0.016069	1.403255e+1	10983	32
G2E3	0.016064	1.402884e+1	10984	50
HSPB7	0.016063	1.402763e+1	10985	45
LIPN	0.016062	1.402729e+1	10986	40
SIK1	0.016062	1.402646e+1	10987	44
CDHR3	0.016055	1.402102e+1	10988	43
CASP8AP2	0.016053	1.401921e+1	10989	47
ATP11A	0.016053	1.401913e+1	10990	40
ODAM	0.016051	1.401726e+1	10991	49
ARID3A	0.016050	1.401634e+1	10992	45
BOD1	0.016048	1.401429e+1	10993	30
CIZ1	0.016046	1.401291e+1	10994	44
CILP	0.016045	1.401181e+1	10995	44
BACH1	0.016042	1.400940e+1	10996	37
CDC42SE2	0.016041	1.400882e+1	10997	54
ZIC4	0.016039	1.400640e+1	10998	39
MIPOL1	0.016030	1.399935e+1	10999	40
IRS4-2	0.016027	1.399665e+1	11000	43
GALNTL5	0.016023	1.399322e+1	11001	51
TAS2R8	0.016021	1.399136e+1	11002	46
TSNAXIP1	0.016016	1.398663e+1	11003	47
FOPNL	0.016013	1.398404e+1	11004	42
INTS6L	0.016013	1.398379e+1	11005	35
TRDV1	0.016000	1.397265e+1	11006	44
FGD4	0.015998	1.397101e+1	11007	47
CFAP410	0.015993	1.396686e+1	11008	48
HACD4	0.015988	1.396229e+1	11009	37
SELENOH	0.015987	1.396176e+1	11010	34
PPIP5K1	0.015980	1.395558e+1	11011	37
COBL	0.015977	1.395277e+1	11012	43
YY2	0.015977	1.395268e+1	11013	39
IMPACT	0.015974	1.394993e+1	11014	38
ECM2	0.015973	1.394903e+1	11015	44
SERPINA12	0.015972	1.394824e+1	11016	44
GIPC3	0.015971	1.394763e+1	11017	46
ANKHD1	0.015967	1.394356e+1	11018	47
SELENOV	0.015964	1.394106e+1	11019	36
KRT77	0.015959	1.393724e+1	11020	50
PDC	0.015959	1.393707e+1	11021	42
RGS7BP	0.015957	1.393558e+1	11022	36
TMEM115	0.015956	1.393404e+1	11023	47
CDC37L1	0.015951	1.393033e+1	11024	43
SSU72P8	0.015947	1.392639e+1	11025	38
SSU72P5	0.015946	1.392569e+1	11026	38
SSU72P3	0.015946	1.392569e+1	11027	38
SSU72P4	0.015945	1.392500e+1	11028	38
SSU72P2	0.015945	1.392500e+1	11029	38
SSU72P7	0.015945	1.392500e+1	11030	38
SIK2	0.015944	1.392390e+1	11031	42
NUDT7	0.015942	1.392199e+1	11032	46
KRT31	0.015939	1.391940e+1	11033	51
KRT81	0.015937	1.391813e+1	11034	51
SV2C	0.015937	1.391754e+1	11035	41
MAN1C1	0.015937	1.391741e+1	11036	43
ZCCHC3	0.015935	1.391576e+1	11037	47
CCDC113	0.015934	1.391546e+1	11038	49
BDH1	0.015934	1.391534e+1	11039	43
CHST3	0.015933	1.391396e+1	11040	41
TMEM86B	0.015930	1.391146e+1	11041	36
CDH12	0.015929	1.391082e+1	11042	34
GRASP	0.015923	1.390518e+1	11043	37
B4GAT1	0.015922	1.390497e+1	11044	39
RAP1GAP	0.015922	1.390466e+1	11045	45
HS3ST3B1	0.015921	1.390365e+1	11046	46
RNF170	0.015917	1.389987e+1	11047	45
SLC7A7	0.015914	1.389788e+1	11048	47
RALYL	0.015912	1.389619e+1	11049	43
RFX2	0.015908	1.389264e+1	11050	44
ZC3H7A	0.015908	1.389220e+1	11051	51
DPY19L2	0.015901	1.388639e+1	11052	47
ABCA13	0.015900	1.388553e+1	11053	54
STRIP2	0.015897	1.388236e+1	11054	26
LRRC8B	0.015896	1.388203e+1	11055	48
GUCA2B	0.015896	1.388193e+1	11056	39
SCYGR1	0.015890	1.387681e+1	11057	35
RNF26	0.015888	1.387463e+1	11058	45
CLPTM1L	0.015884	1.387115e+1	11059	45
LRIT3	0.015878	1.386597e+1	11060	42
SLC51B	0.015876	1.386427e+1	11061	38
NUDCD2	0.015875	1.386329e+1	11062	48
HAPLN1	0.015872	1.386075e+1	11063	44
IAH1	0.015865	1.385475e+1	11064	40
LGR6	0.015864	1.385387e+1	11065	40
CBFA2T2	0.015862	1.385250e+1	11066	42
RXFP4	0.015859	1.384973e+1	11067	37
KRTAP22-1	0.015858	1.384850e+1	11068	37
CNFN	0.015851	1.384261e+1	11069	46
AKAP17A	0.015850	1.384184e+1	11070	47
ARMC2	0.015850	1.384135e+1	11071	45
OSTM1	0.015849	1.384096e+1	11072	42
UAP1L1	0.015845	1.383767e+1	11073	42
CRISP1	0.015845	1.383745e+1	11074	49
GSTCD	0.015843	1.383561e+1	11075	47
TNFSF13	0.015842	1.383457e+1	11076	40
HOXC6	0.015842	1.383434e+1	11077	37
CCDC160	0.015836	1.382968e+1	11078	46
CDR1	0.015833	1.382714e+1	11079	44
TUBG2	0.015833	1.382663e+1	11080	39
PPM1F	0.015826	1.382082e+1	11081	47
POGZ	0.015826	1.382047e+1	11082	42
RERE	0.015813	1.380922e+1	11083	43
KLK6	0.015812	1.380837e+1	11084	44
TEC	0.015807	1.380416e+1	11085	36
ZNF106	0.015805	1.380227e+1	11086	48
PJA2	0.015800	1.379842e+1	11087	45
SGCZ	0.015796	1.379464e+1	11088	40
WDR37	0.015794	1.379306e+1	11089	47
IL1RL2	0.015792	1.379118e+1	11090	36
PCSK7	0.015791	1.379033e+1	11091	49
ZNF219	0.015791	1.378989e+1	11092	32
C19ORF12	0.015790	1.378899e+1	11093	44
TECPR1	0.015783	1.378327e+1	11094	43
TECTA	0.015779	1.377996e+1	11095	46
ARSI	0.015770	1.377187e+1	11096	48
SIDT2	0.015768	1.376999e+1	11097	48
ST14	0.015767	1.376909e+1	11098	39
TMEM160	0.015767	1.376899e+1	11099	46
NUDT22	0.015758	1.376156e+1	11100	43
EPB41L5	0.015755	1.375884e+1	11101	42
TMLHE	0.015744	1.374913e+1	11102	43
HBM	0.015733	1.373998e+1	11103	36
FGD1	0.015730	1.373711e+1	11104	41
TMEM38A	0.015723	1.373123e+1	11105	48
GIGYF1	0.015718	1.372666e+1	11106	38
DEFB132	0.015715	1.372393e+1	11107	38
AQP8	0.015713	1.372169e+1	11108	42
ANKRD49	0.015706	1.371579e+1	11109	49
BLACAT1	0.015706	1.371576e+1	11110	38
UBE2Q1	0.015702	1.371244e+1	11111	43
KTI12	0.015701	1.371170e+1	11112	39
MIA2	0.015699	1.370993e+1	11113	40
HECW2	0.015698	1.370913e+1	11114	49
SESN3	0.015694	1.370518e+1	11115	38
AMTN	0.015693	1.370452e+1	11116	39
IFITM5	0.015693	1.370422e+1	11117	44
TESPA1	0.015687	1.369976e+1	11118	31
USP45	0.015684	1.369692e+1	11119	50
DEFB4B	0.015683	1.369613e+1	11120	45
SLC25A32	0.015682	1.369486e+1	11121	45
TOMM20L	0.015676	1.369006e+1	11122	39
LHX5	0.015669	1.368402e+1	11123	50
TBC1D14	0.015669	1.368347e+1	11124	36
CMIP	0.015667	1.368166e+1	11125	46
NBEA	0.015666	1.368106e+1	11126	42
CAMSAP3	0.015665	1.367990e+1	11127	42
ZNF668	0.015664	1.367956e+1	11128	47
DAZAP2	0.015664	1.367890e+1	11129	41
ARMS2	0.015663	1.367861e+1	11130	40
CRISP2	0.015662	1.367714e+1	11131	48
BMPER	0.015661	1.367656e+1	11132	41
MLEC	0.015658	1.367418e+1	11133	31
UBAC1	0.015658	1.367382e+1	11134	43
BCAS4	0.015653	1.366928e+1	11135	41
SNX8	0.015651	1.366810e+1	11136	41
SLC25A39	0.015650	1.366678e+1	11137	44
SMTNL2	0.015649	1.366607e+1	11138	45
METTL21A	0.015646	1.366360e+1	11139	42
MFSD12	0.015641	1.365915e+1	11140	48
LTB4R2	0.015640	1.365846e+1	11141	41
ZNF644	0.015638	1.365701e+1	11142	44
UBXN10	0.015616	1.363743e+1	11143	33
WASHC2C	0.015616	1.363697e+1	11144	33
PPFIA4	0.015615	1.363653e+1	11145	39
CRYGS	0.015608	1.363044e+1	11146	37
DDI1	0.015608	1.362997e+1	11147	42
CHRNA6	0.015606	1.362866e+1	11148	35
ABLIM1	0.015606	1.362845e+1	11149	43
JPH4	0.015600	1.362345e+1	11150	42
DRAM1	0.015597	1.362100e+1	11151	48
MEA1	0.015595	1.361889e+1	11152	41
HTN3	0.015594	1.361780e+1	11153	41
MGME1	0.015593	1.361686e+1	11154	41
IRX1	0.015591	1.361521e+1	11155	44
USP50	0.015590	1.361437e+1	11156	45
NAT1	0.015590	1.361432e+1	11157	34
LMTK2	0.015588	1.361327e+1	11158	45
ITGB1BP1	0.015583	1.360857e+1	11159	36
SNX13	0.015582	1.360803e+1	11160	46
PHLDA2	0.015581	1.360666e+1	11161	37
MINDY3	0.015577	1.360370e+1	11162	41
GPM6A	0.015577	1.360324e+1	11163	49
ANKS6	0.015576	1.360253e+1	11164	40
KIAA0753	0.015576	1.360234e+1	11165	42
ILDR1	0.015575	1.360171e+1	11166	48
TLL1	0.015568	1.359586e+1	11167	46
SLK	0.015568	1.359533e+1	11168	50
ITGB1BP2	0.015564	1.359230e+1	11169	41
DCAF8L2	0.015564	1.359192e+1	11170	38
YLPM1	0.015564	1.359173e+1	11171	44
CLEC11A	0.015563	1.359085e+1	11172	45
DLX6	0.015536	1.356778e+1	11173	43
PIGU	0.015525	1.355820e+1	11174	36
TMEM11	0.015520	1.355342e+1	11175	40
SNX12	0.015517	1.355116e+1	11176	38
SPATA6	0.015514	1.354845e+1	11177	47
SSBP3	0.015512	1.354692e+1	11178	33
CTSE	0.015509	1.354415e+1	11179	49
CA12	0.015509	1.354353e+1	11180	47
RAB11FIP4	0.015508	1.354299e+1	11181	34
ZBTB2	0.015506	1.354094e+1	11182	45
KCNK5	0.015505	1.354018e+1	11183	39
SRPX2	0.015503	1.353851e+1	11184	43
JADE1	0.015501	1.353720e+1	11185	36
CCL14	0.015492	1.352936e+1	11186	40
WDR20	0.015490	1.352757e+1	11187	42
MMP25	0.015490	1.352730e+1	11188	39
SUMF2	0.015487	1.352453e+1	11189	43
YIF1A	0.015478	1.351678e+1	11190	41
LRRC32	0.015478	1.351648e+1	11191	48
MS4A6E	0.015476	1.351501e+1	11192	39
ELF5	0.015475	1.351422e+1	11193	46
PXMP2	0.015474	1.351342e+1	11194	38
SP8	0.015473	1.351235e+1	11195	46
CHST7	0.015469	1.350910e+1	11196	43
ELOA3D	0.015469	1.350899e+1	11197	46
OSBPL11	0.015468	1.350851e+1	11198	49
ACTL8	0.015468	1.350815e+1	11199	44
SRGAP1	0.015468	1.350786e+1	11200	39
ABHD17A	0.015466	1.350660e+1	11201	47
WIZ	0.015466	1.350626e+1	11202	42
NUDT13	0.015465	1.350557e+1	11203	44
TCP11	0.015461	1.350205e+1	11204	48
HHLA2	0.015456	1.349754e+1	11205	43
ELOA3	0.015450	1.349232e+1	11206	46
KCNK16	0.015449	1.349166e+1	11207	43
ADPRHL2	0.015447	1.348939e+1	11208	39
CFC1	0.015443	1.348614e+1	11209	34
SPSB1	0.015442	1.348568e+1	11210	43
CFHR4	0.015439	1.348239e+1	11211	38
LYNX1	0.015435	1.347937e+1	11212	40
LAT2	0.015430	1.347535e+1	11213	38
MYOZ3	0.015429	1.347384e+1	11214	45
DCSTAMP	0.015428	1.347339e+1	11215	37
LRIG3	0.015422	1.346764e+1	11216	42
ZBTB40	0.015420	1.346634e+1	11217	46
IDNK	0.015418	1.346472e+1	11218	38
TCTEX1D4	0.015417	1.346360e+1	11219	35
SLC39A9	0.015409	1.345683e+1	11220	32
TNNI3K	0.015404	1.345237e+1	11221	41
NAA11	0.015402	1.345029e+1	11222	36
ASB16	0.015396	1.344495e+1	11223	49
DMWD	0.015395	1.344477e+1	11224	42
RABL6	0.015392	1.344209e+1	11225	46
LYPD3	0.015392	1.344195e+1	11226	48
CCPG1	0.015388	1.343847e+1	11227	40
TAX1BP3	0.015385	1.343564e+1	11228	42
CTU2	0.015379	1.343067e+1	11229	40
ZNF469	0.015379	1.343005e+1	11230	45
CHST11	0.015370	1.342265e+1	11231	45
AKR7A3	0.015363	1.341616e+1	11232	42
C1GALT1C1L	0.015362	1.341559e+1	11233	30
NAAA	0.015361	1.341468e+1	11234	39
KRT33A	0.015356	1.341056e+1	11235	48
SGSM3	0.015355	1.340901e+1	11236	41
KCNJ15	0.015353	1.340726e+1	11237	42
WDR38	0.015350	1.340485e+1	11238	46
ZNF516	0.015348	1.340322e+1	11239	40
RAB28	0.015344	1.340026e+1	11240	52
SEMA7A	0.015344	1.339941e+1	11241	42
PCSK6	0.015340	1.339605e+1	11242	46
TTLL1	0.015338	1.339499e+1	11243	39
NEURL4	0.015338	1.339486e+1	11244	40
PM20D1	0.015338	1.339425e+1	11245	45
EFCAB13	0.015337	1.339395e+1	11246	51
HSD17B14	0.015337	1.339391e+1	11247	48
DNAJC17	0.015336	1.339277e+1	11248	44
UHMK1	0.015331	1.338858e+1	11249	44
METTL4	0.015318	1.337678e+1	11250	37
DCAF8L1	0.015306	1.336680e+1	11251	38
CYP4B1	0.015304	1.336534e+1	11252	47
ELOVL1	0.015304	1.336492e+1	11253	39
IP6K2	0.015304	1.336481e+1	11254	40
KCNMB4	0.015301	1.336257e+1	11255	28
CNTN6	0.015300	1.336132e+1	11256	42
NANOS1	0.015297	1.335891e+1	11257	39
ISOC1	0.015296	1.335833e+1	11258	47
TBCE	0.015296	1.335779e+1	11259	41
SGSM2	0.015288	1.335111e+1	11260	42
CPA3	0.015288	1.335106e+1	11261	36
ZNF521	0.015288	1.335066e+1	11262	40
KCNIP4	0.015286	1.334930e+1	11263	40
HOOK2	0.015283	1.334634e+1	11264	40
MS4A4E	0.015280	1.334379e+1	11265	37
DPP3	0.015271	1.333634e+1	11266	42
LRFN5	0.015269	1.333444e+1	11267	46
TRIM41	0.015260	1.332640e+1	11268	41
KRTAP4-4	0.015257	1.332346e+1	11269	35
RUBCNL	0.015254	1.332116e+1	11270	39
MYO9A	0.015254	1.332096e+1	11271	39
NRARP	0.015253	1.332003e+1	11272	38
CYP3A43	0.015251	1.331893e+1	11273	47
HNRNPA1L2	0.015250	1.331773e+1	11274	47
TMEM107	0.015249	1.331691e+1	11275	31
ELK1	0.015247	1.331470e+1	11276	28
CYGB	0.015238	1.330731e+1	11277	41
MEOX1	0.015235	1.330493e+1	11278	42
DUOXA2	0.015231	1.330140e+1	11279	37
CISD3	0.015227	1.329808e+1	11280	42
FAM72B	0.015225	1.329550e+1	11281	48
SSX2B	0.015220	1.329180e+1	11282	41
CCDC80	0.015215	1.328759e+1	11283	49
LILRA1	0.015212	1.328464e+1	11284	38
LRRC56	0.015204	1.327764e+1	11285	46
CDAN1	0.015201	1.327493e+1	11286	39
ENSP00000493273	0.015198	1.327261e+1	11287	45
NAA60	0.015198	1.327247e+1	11288	38
ACTL7B	0.015191	1.326649e+1	11289	42
KLRC3-2	0.015185	1.326118e+1	11290	31
PSTK	0.015184	1.326044e+1	11291	35
ADGRG6	0.015176	1.325303e+1	11292	43
NEK4	0.015163	1.324155e+1	11293	45
SLTM	0.015161	1.324003e+1	11294	44
SERP1	0.015158	1.323735e+1	11295	41
MTBP	0.015154	1.323413e+1	11296	41
TACC2	0.015154	1.323388e+1	11297	45
RASAL2	0.015145	1.322562e+1	11298	40
THUMPD3	0.015134	1.321640e+1	11299	45
SLC25A42	0.015131	1.321414e+1	11300	44
TCEAL1	0.015126	1.320925e+1	11301	39
TRPM2	0.015119	1.320366e+1	11302	37
SDR9C7	0.015118	1.320220e+1	11303	40
PYCR2	0.015117	1.320155e+1	11304	34
PIGS	0.015115	1.320023e+1	11305	37
ASPG	0.015113	1.319825e+1	11306	44
CADM2	0.015112	1.319688e+1	11307	48
PMF1-BGLAP	0.015110	1.319547e+1	11308	38
CRNN	0.015107	1.319257e+1	11309	42
SEPTIN1	0.015102	1.318851e+1	11310	33
RBP2	0.015100	1.318678e+1	11311	40
KRTAP10-11	0.015095	1.318264e+1	11312	40
SLC28A3	0.015091	1.317854e+1	11313	45
TBC1D31	0.015089	1.317751e+1	11314	45
ZG16	0.015089	1.317717e+1	11315	42
XAGE1A	0.015087	1.317528e+1	11316	43
KCNK10	0.015085	1.317322e+1	11317	41
ZHX2	0.015084	1.317274e+1	11318	42
FLVCR1	0.015081	1.316990e+1	11319	44
SLC20A2	0.015072	1.316242e+1	11320	40
ELP5	0.015069	1.316008e+1	11321	36
TRIM59	0.015067	1.315782e+1	11322	41
FARP2	0.015065	1.315581e+1	11323	38
SDHAF2	0.015062	1.315334e+1	11324	36
ZDHHC9	0.015060	1.315158e+1	11325	35
ORAI3	0.015059	1.315127e+1	11326	35
TNS3	0.015052	1.314457e+1	11327	42
TFCP2L1	0.015050	1.314273e+1	11328	42
BTN3A3	0.015042	1.313593e+1	11329	40
PTP4A1	0.015037	1.313184e+1	11330	39
SLC28A1	0.015035	1.312986e+1	11331	43
PXK	0.015026	1.312228e+1	11332	42
PRSS58	0.015024	1.312073e+1	11333	42
ORAI2	0.015024	1.312023e+1	11334	34
IQSEC1	0.015018	1.311548e+1	11335	39
MORN5	0.015017	1.311463e+1	11336	44
SETD4	0.015017	1.311433e+1	11337	49
SEMA3E	0.015015	1.311281e+1	11338	37
SORBS2	0.015013	1.311056e+1	11339	41
TMEM14C	0.015012	1.311002e+1	11340	44
TGM4	0.015010	1.310817e+1	11341	43
PTGFRN	0.015009	1.310692e+1	11342	39
ADCK5	0.015006	1.310439e+1	11343	44
DAOA	0.015005	1.310410e+1	11344	39
UFC1	0.015001	1.310050e+1	11345	38
SLC38A1	0.015000	1.309934e+1	11346	42
SORCS1	0.014995	1.309549e+1	11347	46
CT55	0.014986	1.308739e+1	11348	46
DLC1	0.014986	1.308721e+1	11349	37
CHRNA10	0.014986	1.308719e+1	11350	40
IRX6	0.014968	1.307154e+1	11351	45
FRK	0.014965	1.306880e+1	11352	39
MGAT2	0.014963	1.306671e+1	11353	36
ALKBH2	0.014962	1.306625e+1	11354	40
SSH2	0.014960	1.306442e+1	11355	35
TREX1	0.014957	1.306216e+1	11356	38
CHCHD5	0.014950	1.305542e+1	11357	37
SLC6A14	0.014946	1.305203e+1	11358	43
SPATA25	0.014945	1.305139e+1	11359	43
ASB13	0.014936	1.304328e+1	11360	44
NEU4	0.014928	1.303647e+1	11361	38
WNK2	0.014923	1.303214e+1	11362	41
NDST3	0.014922	1.303132e+1	11363	39
TULP4	0.014915	1.302557e+1	11364	45
TUBD1	0.014914	1.302404e+1	11365	44
OPN5	0.014910	1.302086e+1	11366	40
CSNK2B-2	0.014909	1.302036e+1	11367	40
CHPF2	0.014902	1.301348e+1	11368	42
SMTNL1	0.014900	1.301248e+1	11369	41
CEP19	0.014896	1.300835e+1	11370	41
SLC28A2	0.014884	1.299815e+1	11371	41
TRIM36	0.014873	1.298820e+1	11372	45
WDR45B	0.014872	1.298732e+1	11373	42
LACRT	0.014868	1.298425e+1	11374	41
CDH20	0.014864	1.298073e+1	11375	33
LCN9	0.014863	1.297991e+1	11376	44
TWSG1	0.014858	1.297550e+1	11377	40
CMC4	0.014857	1.297488e+1	11378	44
SEMA3C	0.014857	1.297424e+1	11379	36
CDH22	0.014855	1.297239e+1	11380	39
MFSD8	0.014850	1.296842e+1	11381	38
PNKD	0.014847	1.296613e+1	11382	44
AQP6	0.014842	1.296128e+1	11383	43
ANKRD52	0.014838	1.295824e+1	11384	41
N4BP2L2	0.014838	1.295780e+1	11385	45
CEP85	0.014835	1.295491e+1	11386	43
BLOC1S5	0.014830	1.295132e+1	11387	30
KCNJ13	0.014829	1.295029e+1	11388	41
ECE1	0.014829	1.295008e+1	11389	40
BORCS7	0.014828	1.294903e+1	11390	32
ZNF148	0.014826	1.294773e+1	11391	43
CCDC120	0.014825	1.294648e+1	11392	34
TBC1D10A	0.014825	1.294638e+1	11393	36
SKI	0.014821	1.294310e+1	11394	32
UNC80	0.014820	1.294260e+1	11395	41
DYDC1	0.014819	1.294122e+1	11396	42
RNF113B	0.014818	1.294084e+1	11397	52
FBXO44	0.014815	1.293784e+1	11398	40
WDR72	0.014814	1.293730e+1	11399	40
SDHAF3	0.014813	1.293634e+1	11400	37
TIPRL	0.014812	1.293492e+1	11401	38
RNH1	0.014808	1.293169e+1	11402	36
DUSP10	0.014800	1.292448e+1	11403	38
SKAP2	0.014798	1.292309e+1	11404	35
SLC18A1	0.014796	1.292110e+1	11405	37
PTRH2	0.014794	1.291948e+1	11406	46
TBC1D24	0.014792	1.291779e+1	11407	43
SPINDOC	0.014784	1.291098e+1	11408	28
RNASET2	0.014784	1.291082e+1	11409	43
P2RY4	0.014781	1.290795e+1	11410	37
LINGO2	0.014779	1.290641e+1	11411	44
RPH3AL	0.014779	1.290623e+1	11412	39
LRFN1	0.014777	1.290463e+1	11413	40
MOV10L1	0.014774	1.290168e+1	11414	33
ARHGAP5	0.014771	1.289984e+1	11415	34
ST8SIA2	0.014771	1.289904e+1	11416	41
HOXB9	0.014770	1.289841e+1	11417	42
HACD1	0.014768	1.289679e+1	11418	30
IER2	0.014766	1.289540e+1	11419	40
POMGNT2	0.014763	1.289208e+1	11420	30
DPT	0.014756	1.288608e+1	11421	39
KDM8	0.014756	1.288608e+1	11422	39
BIVM	0.014755	1.288568e+1	11423	44
RXFP2	0.014755	1.288546e+1	11424	34
RNF14	0.014754	1.288489e+1	11425	42
MAGEA2B	0.014754	1.288470e+1	11426	39
PDXP	0.014754	1.288419e+1	11427	37
SLC22A9	0.014750	1.288089e+1	11428	41
TFDP3	0.014741	1.287294e+1	11429	32
ALS2CL	0.014739	1.287163e+1	11430	44
MN1	0.014739	1.287106e+1	11431	44
PTCHD1	0.014736	1.286897e+1	11432	37
PDZK1IP1	0.014736	1.286862e+1	11433	43
B3GALNT2	0.014734	1.286703e+1	11434	33
EXOC3L2	0.014729	1.286307e+1	11435	35
SHOX2	0.014724	1.285875e+1	11436	42
CLN6	0.014714	1.284923e+1	11437	34
SP6	0.014708	1.284464e+1	11438	43
PPCDC	0.014706	1.284263e+1	11439	34
STRBP	0.014704	1.284135e+1	11440	40
IQUB	0.014699	1.283656e+1	11441	45
KCTD3	0.014683	1.282289e+1	11442	41
SLC39A11	0.014682	1.282169e+1	11443	31
KCNK17	0.014666	1.280801e+1	11444	42
CNIH4	0.014662	1.280440e+1	11445	38
STON1	0.014658	1.280079e+1	11446	41
LZTS2	0.014658	1.280076e+1	11447	40
NNAT	0.014658	1.280074e+1	11448	41
SPANXA1	0.014658	1.280039e+1	11449	40
THUMPD2	0.014655	1.279837e+1	11450	45
CCNQ	0.014653	1.279613e+1	11451	44
FKBP15	0.014641	1.278577e+1	11452	40
ZNFX1	0.014632	1.277793e+1	11453	42
CDH24	0.014629	1.277504e+1	11454	38
EXD1	0.014624	1.277075e+1	11455	41
STK19	0.014619	1.276705e+1	11456	41
PUS10	0.014615	1.276348e+1	11457	36
ELOA3B	0.014611	1.275988e+1	11458	44
CT47A4	0.014611	1.275952e+1	11459	34
ACSM6	0.014609	1.275760e+1	11460	47
SIPA1L1	0.014603	1.275237e+1	11461	37
WDFY2	0.014600	1.275045e+1	11462	47
MAP1LC3B2	0.014597	1.274715e+1	11463	38
SLC7A6OS	0.014592	1.274346e+1	11464	36
NAPEPLD	0.014592	1.274324e+1	11465	33
CYP4F12	0.014586	1.273768e+1	11466	44
FOXR2	0.014585	1.273728e+1	11467	34
UNC45A	0.014583	1.273527e+1	11468	41
TTC3	0.014580	1.273250e+1	11469	43
NCDN	0.014575	1.272796e+1	11470	38
LRRC2	0.014573	1.272680e+1	11471	47
N4BP2L1	0.014569	1.272309e+1	11472	43
NECTIN4	0.014561	1.271566e+1	11473	33
CGB5	0.014558	1.271366e+1	11474	32
MKNK2	0.014556	1.271150e+1	11475	34
CADPS	0.014556	1.271130e+1	11476	40
STARD3NL	0.014553	1.270933e+1	11477	39
ACPP	0.014551	1.270740e+1	11478	37
SLC16A8	0.014545	1.270169e+1	11479	41
ADARB2	0.014541	1.269847e+1	11480	39
SNTN	0.014535	1.269363e+1	11481	43
TGIF2LX	0.014531	1.268970e+1	11482	39
GAA	0.014528	1.268766e+1	11483	31
ZNF397	0.014525	1.268469e+1	11484	30
PLAC1	0.014524	1.268379e+1	11485	34
KIAA2013	0.014524	1.268345e+1	11486	42
MRGPRD	0.014523	1.268273e+1	11487	40
MLANA	0.014522	1.268224e+1	11488	34
DNAJC21	0.014522	1.268204e+1	11489	38
CLEC4D	0.014518	1.267830e+1	11490	39
NIPAL4	0.014517	1.267750e+1	11491	34
NUDT1	0.014514	1.267481e+1	11492	39
PMEPA1	0.014512	1.267356e+1	11493	43
UFL1	0.014512	1.267315e+1	11494	39
SLCO4A1	0.014511	1.267233e+1	11495	45
FOXA3	0.014500	1.266277e+1	11496	40
CCDC146	0.014496	1.265950e+1	11497	43
TNFRSF6B	0.014496	1.265946e+1	11498	39
KLHL15	0.014494	1.265733e+1	11499	46
PARP15	0.014489	1.265359e+1	11500	36
SUCNR1	0.014489	1.265316e+1	11501	40
PHACTR1	0.014482	1.264675e+1	11502	41
IGLON5	0.014480	1.264574e+1	11503	35
IZUMO4	0.014480	1.264558e+1	11504	45
BTBD2	0.014479	1.264450e+1	11505	37
PHRF1	0.014479	1.264415e+1	11506	42
MR1	0.014474	1.264001e+1	11507	35
PET117	0.014473	1.263882e+1	11508	36
MZT2B	0.014472	1.263851e+1	11509	27
GPATCH2L	0.014470	1.263686e+1	11510	31
POTEE	0.014470	1.263636e+1	11511	50
TRAPPC2B	0.014462	1.262923e+1	11512	27
SIRPG	0.014450	1.261886e+1	11513	39
CCDC17	0.014446	1.261601e+1	11514	41
PNMT	0.014444	1.261345e+1	11515	36
HINFP	0.014443	1.261324e+1	11516	40
PPP1R3G	0.014442	1.261239e+1	11517	42
CPA2	0.014442	1.261233e+1	11518	36
RSRC2	0.014441	1.261096e+1	11519	42
NIPA2	0.014437	1.260746e+1	11520	37
FBXO28	0.014434	1.260530e+1	11521	43
CASC1	0.014434	1.260492e+1	11522	36
GMFG	0.014432	1.260382e+1	11523	38
GALNT4	0.014432	1.260368e+1	11524	37
EPX	0.014432	1.260346e+1	11525	37
MBD1	0.014429	1.260104e+1	11526	38
UBAP2	0.014428	1.259997e+1	11527	45
REEP6	0.014425	1.259737e+1	11528	45
TCF25	0.014425	1.259706e+1	11529	37
FKBPL	0.014419	1.259205e+1	11530	39
RPAP1	0.014414	1.258725e+1	11531	31
HS3ST2	0.014412	1.258613e+1	11532	43
ELK4	0.014412	1.258589e+1	11533	34
S100A14	0.014412	1.258557e+1	11534	41
CRADD	0.014410	1.258429e+1	11535	35
D2HGDH	0.014410	1.258392e+1	11536	37
TXLNA	0.014409	1.258358e+1	11537	39
OR3A2	0.014402	1.257688e+1	11538	42
CFHR2	0.014400	1.257530e+1	11539	37
SERPINB13	0.014400	1.257510e+1	11540	40
SLITRK2	0.014396	1.257211e+1	11541	40
FBXL20	0.014395	1.257107e+1	11542	43
TGIF1	0.014395	1.257087e+1	11543	37
CALHM1	0.014392	1.256859e+1	11544	36
KRTAP26-1	0.014391	1.256778e+1	11545	32
RAB39A	0.014390	1.256675e+1	11546	42
PDIA5	0.014384	1.256172e+1	11547	44
CLEC2D	0.014374	1.255232e+1	11548	42
ZMYND19	0.014371	1.255046e+1	11549	38
ZNF609	0.014367	1.254668e+1	11550	44
PPIAL4F	0.014360	1.254065e+1	11551	44
SLC5A7	0.014358	1.253897e+1	11552	42
CFAP69	0.014356	1.253708e+1	11553	38
LRRC4C	0.014351	1.253271e+1	11554	38
ZMYM4	0.014348	1.252967e+1	11555	43
NADK2	0.014347	1.252884e+1	11556	26
SLC9A2	0.014344	1.252660e+1	11557	42
HS6ST3	0.014339	1.252251e+1	11558	41
RABGAP1	0.014338	1.252139e+1	11559	43
PGP	0.014336	1.251959e+1	11560	43
EXTL2	0.014334	1.251744e+1	11561	39
CCDC28B	0.014331	1.251558e+1	11562	34
TMEM138	0.014324	1.250914e+1	11563	35
CCNB1IP1	0.014322	1.250728e+1	11564	38
SPSB4	0.014319	1.250438e+1	11565	41
ARHGEF5	0.014318	1.250396e+1	11566	42
H0YL77_HUMAN	0.014318	1.250376e+1	11567	36
ARHGAP24	0.014311	1.249769e+1	11568	41
ERP27	0.014309	1.249626e+1	11569	41
GATAD1	0.014308	1.249540e+1	11570	36
TMEM26	0.014305	1.249245e+1	11571	38
DISP1	0.014304	1.249187e+1	11572	38
HS2ST1-2	0.014303	1.249036e+1	11573	41
SHISA4	0.014302	1.248959e+1	11574	46
PVRIG	0.014302	1.248958e+1	11575	40
RNF166	0.014290	1.247953e+1	11576	43
TBC1D10B	0.014289	1.247880e+1	11577	39
NEU2	0.014288	1.247771e+1	11578	39
DPP8	0.014288	1.247750e+1	11579	40
ANKRD26	0.014282	1.247271e+1	11580	41
B3GALT2	0.014282	1.247211e+1	11581	31
MAPK4	0.014281	1.247153e+1	11582	40
CLCNKB	0.014280	1.247027e+1	11583	37
MYO19	0.014276	1.246704e+1	11584	38
ARFIP2	0.014272	1.246326e+1	11585	37
MFSD5	0.014270	1.246207e+1	11586	41
CLN5	0.014266	1.245856e+1	11587	33
FBXO9	0.014264	1.245676e+1	11588	40
SH3GLB2	0.014264	1.245648e+1	11589	37
SLC29A2	0.014264	1.245645e+1	11590	40
MBD3L1	0.014260	1.245320e+1	11591	26
SS18L2	0.014258	1.245107e+1	11592	37
GNPTAB	0.014252	1.244599e+1	11593	39
KRTAP15-1	0.014245	1.244028e+1	11594	33
MYOF	0.014235	1.243107e+1	11595	42
GFOD2	0.014232	1.242898e+1	11596	44
ENSP00000491596	0.014230	1.242742e+1	11597	40
PMP22	0.014223	1.242098e+1	11598	35
ENSP00000487094	0.014222	1.242008e+1	11599	27
XPNPEP1	0.014218	1.241689e+1	11600	43
FLRT1	0.014213	1.241255e+1	11601	38
TTLL10	0.014213	1.241245e+1	11602	46
RASIP1	0.014212	1.241150e+1	11603	39
PPP1R16A	0.014211	1.241073e+1	11604	41
NMRK2	0.014210	1.240978e+1	11605	31
DAAM2	0.014206	1.240592e+1	11606	37
IL17B	0.014204	1.240389e+1	11607	36
MFSD11	0.014200	1.240088e+1	11608	42
SLC35C2	0.014191	1.239324e+1	11609	40
RRH	0.014189	1.239156e+1	11610	38
RGPD1	0.014189	1.239151e+1	11611	43
HS3ST5	0.014183	1.238557e+1	11612	42
CPA4	0.014182	1.238532e+1	11613	39
KIAA1328	0.014178	1.238166e+1	11614	35
NANP	0.014174	1.237797e+1	11615	37
TRMT13	0.014170	1.237466e+1	11616	44
CBLIF	0.014169	1.237396e+1	11617	34
MGAT4B	0.014169	1.237340e+1	11618	35
MEP1A	0.014168	1.237317e+1	11619	35
TMEM230	0.014158	1.236438e+1	11620	40
MCOLN2	0.014157	1.236349e+1	11621	40
MAPK15	0.014157	1.236310e+1	11622	40
TRIM38	0.014156	1.236240e+1	11623	42
FARP1	0.014155	1.236157e+1	11624	47
SLC36A4	0.014155	1.236137e+1	11625	40
CCDC170	0.014153	1.235951e+1	11626	42
BCL2L2-PABPN1	0.014152	1.235871e+1	11627	40
PACS1	0.014151	1.235797e+1	11628	38
STK10	0.014150	1.235721e+1	11629	48
SHFL	0.014150	1.235682e+1	11630	42
ACBD6	0.014149	1.235635e+1	11631	44
B3GALT1	0.014149	1.235626e+1	11632	29
JPH1	0.014148	1.235539e+1	11633	36
PERP	0.014142	1.235020e+1	11634	37
PAXBP1	0.014141	1.234904e+1	11635	42
SLC25A43	0.014138	1.234706e+1	11636	45
CD109	0.014136	1.234476e+1	11637	44
TEN1	0.014135	1.234389e+1	11638	30
LNX2	0.014132	1.234137e+1	11639	41
TBC1D21	0.014131	1.234054e+1	11640	43
GCAT	0.014128	1.233773e+1	11641	41
JMY	0.014127	1.233728e+1	11642	38
EGFLAM	0.014127	1.233667e+1	11643	40
ARFIP1	0.014126	1.233642e+1	11644	38
LRRTM3	0.014126	1.233601e+1	11645	38
RAB38	0.014106	1.231875e+1	11646	35
CLDN22	0.014104	1.231676e+1	11647	29
ZNF212	0.014089	1.230365e+1	11648	40
LRCH1	0.014087	1.230239e+1	11649	39
KRT3	0.014081	1.229644e+1	11650	46
CIDEB	0.014080	1.229602e+1	11651	38
EEPD1	0.014080	1.229599e+1	11652	39
GPRC5B	0.014079	1.229515e+1	11653	45
GALNT6	0.014076	1.229240e+1	11654	39
BRSK2	0.014064	1.228194e+1	11655	42
PIGN	0.014063	1.228113e+1	11656	31
TP53RK	0.014062	1.228038e+1	11657	32
SIGLEC8	0.014062	1.228036e+1	11658	43
SNX32	0.014059	1.227740e+1	11659	35
LARGE1	0.014056	1.227473e+1	11660	32
KCNMB3	0.014055	1.227396e+1	11661	25
RABL2A	0.014052	1.227178e+1	11662	41
ACTRT2	0.014052	1.227125e+1	11663	47
LY6K	0.014050	1.226943e+1	11664	41
RCOR3	0.014045	1.226533e+1	11665	34
PLXNC1	0.014041	1.226164e+1	11666	32
RASAL1	0.014036	1.225750e+1	11667	40
DEFA6	0.014036	1.225749e+1	11668	38
SPATA18	0.014036	1.225723e+1	11669	43
PPCS	0.014035	1.225687e+1	11670	29
ACAP1	0.014030	1.225240e+1	11671	40
RAB3D	0.014027	1.224945e+1	11672	43
ZNF683	0.014025	1.224781e+1	11673	38
TRIM45	0.014023	1.224644e+1	11674	31
HUS1B	0.014021	1.224416e+1	11675	37
TRAFD1	0.014018	1.224147e+1	11676	42
EFCAB3	0.014016	1.224037e+1	11677	45
CBY1	0.014014	1.223850e+1	11678	37
ARHGAP21	0.014009	1.223397e+1	11679	37
CLDN34	0.014005	1.223018e+1	11680	27
PARP16	0.014002	1.222768e+1	11681	37
SLC20A1	0.014002	1.222754e+1	11682	39
RENBP	0.013999	1.222538e+1	11683	32
ZNF292	0.013992	1.221917e+1	11684	45
MAGEA2	0.013989	1.221613e+1	11685	36
FCHSD1	0.013988	1.221537e+1	11686	41
EBF2	0.013987	1.221492e+1	11687	39
PPIAL4D	0.013985	1.221276e+1	11688	43
MTHFS	0.013984	1.221198e+1	11689	32
PITPNA	0.013983	1.221138e+1	11690	35
NAA40	0.013978	1.220656e+1	11691	31
FMN2	0.013977	1.220642e+1	11692	39
LRFN2	0.013967	1.219751e+1	11693	37
CIB3	0.013961	1.219188e+1	11694	41
CARD10	0.013959	1.218989e+1	11695	35
AGAP2	0.013958	1.218985e+1	11696	37
TFCP2	0.013955	1.218717e+1	11697	35
RAB40AL	0.013954	1.218607e+1	11698	36
CYP20A1	0.013953	1.218541e+1	11699	44
DAZ3	0.013949	1.218118e+1	11700	32
NDST4	0.013945	1.217831e+1	11701	39
SOHLH2	0.013944	1.217715e+1	11702	40
KIAA0556	0.013941	1.217431e+1	11703	43
SPATA19	0.013938	1.217209e+1	11704	46
EFHD2	0.013937	1.217073e+1	11705	47
SLC30A7	0.013934	1.216875e+1	11706	33
RNASEH2C	0.013931	1.216615e+1	11707	37
RFX3	0.013927	1.216268e+1	11708	37
SMYD5	0.013924	1.215964e+1	11709	43
PPIAL4E	0.013916	1.215295e+1	11710	42
TMEM114	0.013915	1.215177e+1	11711	37
MICAL1	0.013914	1.215094e+1	11712	34
SEMG2	0.013913	1.215057e+1	11713	38
TMEM208	0.013910	1.214781e+1	11714	40
HOXD10	0.013908	1.214588e+1	11715	37
EMC8	0.013901	1.213949e+1	11716	27
BTNL2	0.013899	1.213757e+1	11717	39
ZSCAN4	0.013898	1.213714e+1	11718	39
HOXB8	0.013892	1.213177e+1	11719	36
SERPINB4	0.013885	1.212538e+1	11720	40
SH3RF1	0.013883	1.212393e+1	11721	41
NAA30	0.013882	1.212271e+1	11722	31
ARPP21	0.013879	1.212063e+1	11723	43
QRICH2	0.013865	1.210788e+1	11724	36
LIPT2	0.013863	1.210688e+1	11725	32
KIAA1614	0.013863	1.210652e+1	11726	38
BRSK1	0.013861	1.210438e+1	11727	40
CRISP3	0.013860	1.210391e+1	11728	39
PRG4	0.013860	1.210348e+1	11729	38
KRT75	0.013859	1.210265e+1	11730	47
HRH3	0.013859	1.210263e+1	11731	40
PPP1R13L	0.013856	1.210041e+1	11732	33
UCN3	0.013843	1.208945e+1	11733	33
CC2D1A	0.013828	1.207563e+1	11734	33
TFAP4	0.013822	1.207069e+1	11735	39
BRWD3	0.013822	1.207029e+1	11736	41
POGK	0.013819	1.206807e+1	11737	44
SHLD2	0.013816	1.206547e+1	11738	37
HPN	0.013813	1.206288e+1	11739	41
MDFI	0.013812	1.206212e+1	11740	41
DEFB133	0.013810	1.206009e+1	11741	41
ERN2	0.013810	1.206002e+1	11742	39
LRRC4B	0.013802	1.205279e+1	11743	37
MFSD2B	0.013800	1.205176e+1	11744	38
SOX8	0.013800	1.205139e+1	11745	43
KRTAP5-11	0.013797	1.204874e+1	11746	43
F5H5T6_HUMAN	0.013796	1.204766e+1	11747	32
SPATA22	0.013794	1.204621e+1	11748	41
ZNF215	0.013779	1.203296e+1	11749	41
PLGRKT	0.013779	1.203281e+1	11750	38
MTERF2	0.013779	1.203280e+1	11751	41
LMOD3	0.013775	1.202937e+1	11752	39
CLDN24	0.013775	1.202931e+1	11753	28
FGFRL1	0.013770	1.202534e+1	11754	29
SPSB3	0.013764	1.202036e+1	11755	41
CTRC	0.013764	1.201982e+1	11756	33
CTNNAL1	0.013764	1.201962e+1	11757	34
CKMT1A	0.013760	1.201654e+1	11758	38
ZDHHC13	0.013759	1.201559e+1	11759	38
BMP2K	0.013759	1.201545e+1	11760	33
SFMBT1	0.013757	1.201356e+1	11761	38
RABL2B	0.013754	1.201120e+1	11762	37
ARRDC1	0.013749	1.200715e+1	11763	35
CAMSAP1	0.013745	1.200360e+1	11764	40
TSEN34	0.013744	1.200287e+1	11765	34
EEF1AKMT1	0.013744	1.200218e+1	11766	36
TAMM41	0.013743	1.200185e+1	11767	37
RBM38	0.013741	1.200005e+1	11768	38
PLPP1	0.013739	1.199804e+1	11769	40
GPR1	0.013736	1.199527e+1	11770	37
GRHL3	0.013736	1.199520e+1	11771	42
KRTAP19-1	0.013733	1.199323e+1	11772	41
CMBL	0.013724	1.198524e+1	11773	39
ZNF408	0.013722	1.198329e+1	11774	37
IL17RE	0.013720	1.198170e+1	11775	32
ACTL7A	0.013719	1.198043e+1	11776	35
FAM209A	0.013715	1.197703e+1	11777	42
SLC6A11	0.013713	1.197582e+1	11778	38
UNC50	0.013712	1.197419e+1	11779	44
VGLL4	0.013708	1.197137e+1	11780	32
ANKRD55	0.013706	1.196966e+1	11781	40
MGRN1	0.013705	1.196822e+1	11782	35
SAFB2	0.013698	1.196279e+1	11783	38
USP17L22	0.013694	1.195892e+1	11784	43
ABHD10	0.013692	1.195742e+1	11785	42
MNT	0.013692	1.195690e+1	11786	34
LILRA6	0.013691	1.195668e+1	11787	34
SPAG11B	0.013689	1.195482e+1	11788	37
ZNF398	0.013689	1.195433e+1	11789	39
HOXC10	0.013688	1.195375e+1	11790	37
PEX11G	0.013687	1.195278e+1	11791	35
MYO1G	0.013683	1.194962e+1	11792	39
TM6SF2	0.013677	1.194422e+1	11793	35
NELL1	0.013677	1.194420e+1	11794	40
HOXD9	0.013672	1.193987e+1	11795	37
USP36	0.013663	1.193171e+1	11796	40
MAGEA11	0.013650	1.192085e+1	11797	37
LACC1	0.013648	1.191911e+1	11798	39
DCPS	0.013644	1.191529e+1	11799	38
CYP4X1	0.013641	1.191301e+1	11800	40
SLC25A46	0.013640	1.191213e+1	11801	40
TPSAB1	0.013634	1.190614e+1	11802	35
PDP2	0.013631	1.190377e+1	11803	36
GPATCH11	0.013627	1.190043e+1	11804	37
TNFRSF19	0.013627	1.190008e+1	11805	34
KRTAP6-2	0.013621	1.189508e+1	11806	31
DBR1	0.013620	1.189403e+1	11807	40
PCBD2	0.013619	1.189380e+1	11808	31
LRCH3	0.013612	1.188718e+1	11809	37
SMYD4	0.013611	1.188627e+1	11810	44
HOXC5	0.013603	1.187969e+1	11811	31
NUDT17	0.013600	1.187651e+1	11812	38
MAGEA6	0.013598	1.187484e+1	11813	37
STARD4	0.013597	1.187433e+1	11814	39
SIGLEC5	0.013597	1.187407e+1	11815	42
SPANXA2	0.013590	1.186774e+1	11816	38
ZNF174	0.013586	1.186447e+1	11817	30
SYNGR1	0.013585	1.186382e+1	11818	39
BICC1	0.013584	1.186312e+1	11819	41
PTGES3L-AARSD1	0.013572	1.185256e+1	11820	39
CNTN5	0.013571	1.185178e+1	11821	39
LDLRAD4	0.013567	1.184799e+1	11822	41
STMN4	0.013566	1.184723e+1	11823	32
DNMBP	0.013563	1.184441e+1	11824	38
RBMY1B	0.013556	1.183869e+1	11825	38
MRVI1	0.013556	1.183829e+1	11826	37
FSTL3	0.013555	1.183775e+1	11827	36
CCDC106	0.013551	1.183406e+1	11828	42
SLC2A6	0.013550	1.183355e+1	11829	47
GLYAT	0.013548	1.183121e+1	11830	39
TTC33	0.013547	1.183015e+1	11831	40
ZDBF2	0.013540	1.182477e+1	11832	42
TUT7	0.013540	1.182415e+1	11833	38
DEFB106A	0.013536	1.182081e+1	11834	33
DEUP1	0.013534	1.181909e+1	11835	39
DUSP16	0.013533	1.181845e+1	11836	32
KDM4D	0.013530	1.181596e+1	11837	37
DOK4	0.013525	1.181157e+1	11838	38
TGIF2LY	0.013520	1.180659e+1	11839	36
NPTX1	0.013519	1.180604e+1	11840	39
MIEN1	0.013518	1.180484e+1	11841	35
MFSD9	0.013514	1.180138e+1	11842	38
B3GALNT1	0.013509	1.179722e+1	11843	26
ITLN1	0.013508	1.179612e+1	11844	34
SAMSN1	0.013505	1.179397e+1	11845	43
KCNH8	0.013502	1.179081e+1	11846	43
MARCHF2	0.013500	1.178971e+1	11847	37
SLAMF8	0.013498	1.178807e+1	11848	41
DUSP9	0.013497	1.178656e+1	11849	33
ANKS1A	0.013494	1.178386e+1	11850	40
PYROXD1	0.013488	1.177929e+1	11851	41
TNS2	0.013487	1.177816e+1	11852	37
ATP8A2	0.013486	1.177725e+1	11853	38
SLC30A2	0.013484	1.177537e+1	11854	32
USP17L25	0.013481	1.177319e+1	11855	40
TSPAN31	0.013478	1.177050e+1	11856	41
EMP1	0.013477	1.176917e+1	11857	37
RIMKLB	0.013473	1.176552e+1	11858	26
DEFA1	0.013471	1.176400e+1	11859	35
SYTL1	0.013465	1.175901e+1	11860	35
SLC35B1	0.013461	1.175576e+1	11861	37
AHRR	0.013460	1.175432e+1	11862	34
RWDD1	0.013458	1.175277e+1	11863	37
SLC2A13	0.013458	1.175275e+1	11864	46
FCRL4	0.013455	1.175006e+1	11865	39
KLRC3	0.013454	1.174909e+1	11866	34
ANKS1B	0.013452	1.174765e+1	11867	43
RXYLT1	0.013448	1.174372e+1	11868	26
WASHC2A	0.013448	1.174371e+1	11869	28
GCNT4	0.013446	1.174271e+1	11870	34
CDADC1	0.013446	1.174216e+1	11871	39
ZFAND2B	0.013440	1.173743e+1	11872	33
IGHV3-72	0.013436	1.173347e+1	11873	30
SVOP	0.013431	1.172884e+1	11874	41
GCM1	0.013430	1.172794e+1	11875	38
GPHB5	0.013428	1.172671e+1	11876	39
TGIF2-RAB5IF	0.013413	1.171393e+1	11877	44
CHORDC1	0.013409	1.171024e+1	11878	36
DPY19L3	0.013407	1.170844e+1	11879	44
CT45A3	0.013405	1.170612e+1	11880	35
MEGF10	0.013403	1.170520e+1	11881	36
TNFAIP2	0.013403	1.170459e+1	11882	34
CYHR1	0.013397	1.169946e+1	11883	38
IRX4	0.013391	1.169464e+1	11884	39
ZC3H6	0.013391	1.169394e+1	11885	37
NACC1	0.013385	1.168881e+1	11886	36
BROX	0.013378	1.168299e+1	11887	39
BEX1	0.013378	1.168282e+1	11888	34
GGT2	0.013372	1.167811e+1	11889	35
NHLRC2	0.013370	1.167575e+1	11890	43
MOS	0.013367	1.167343e+1	11891	31
LEUTX	0.013363	1.167020e+1	11892	34
SOX7	0.013359	1.166623e+1	11893	38
SLFN11	0.013358	1.166556e+1	11894	42
TRPT1	0.013357	1.166488e+1	11895	38
ALG1L	0.013356	1.166382e+1	11896	42
BPIFB1	0.013356	1.166349e+1	11897	36
TMEM256	0.013353	1.166089e+1	11898	43
FAM169A	0.013352	1.166038e+1	11899	46
SLC17A3	0.013351	1.165927e+1	11900	36
TBX22	0.013348	1.165705e+1	11901	37
HSF2BP	0.013348	1.165666e+1	11902	40
TSPYL2	0.013347	1.165562e+1	11903	37
MARCHF8	0.013346	1.165531e+1	11904	35
HS6ST2	0.013338	1.164836e+1	11905	36
KRTAP5-4	0.013338	1.164781e+1	11906	37
GREM2	0.013336	1.164641e+1	11907	29
SLC4A8	0.013333	1.164366e+1	11908	38
PATE3	0.013333	1.164361e+1	11909	36
C2CD5	0.013324	1.163615e+1	11910	37
CDCA4	0.013321	1.163357e+1	11911	33
FAM107B	0.013303	1.161747e+1	11912	38
RCN1	0.013301	1.161569e+1	11913	39
RAB2B	0.013300	1.161440e+1	11914	39
CYP4F11	0.013289	1.160511e+1	11915	40
P2RY14	0.013286	1.160222e+1	11916	37
BTN1A1	0.013284	1.160074e+1	11917	36
MAL2	0.013282	1.159885e+1	11918	39
THEMIS2	0.013279	1.159691e+1	11919	42
SLC25A22	0.013277	1.159493e+1	11920	32
SLC4A2	0.013276	1.159404e+1	11921	37
PHF2	0.013273	1.159136e+1	11922	39
CLHC1	0.013271	1.158979e+1	11923	40
KCTD20	0.013259	1.157901e+1	11924	40
SPINK7	0.013259	1.157899e+1	11925	40
STK32B	0.013256	1.157665e+1	11926	42
KRTAP9-2	0.013254	1.157465e+1	11927	40
OMP	0.013250	1.157073e+1	11928	37
CLC	0.013248	1.156934e+1	11929	33
HEYL	0.013247	1.156864e+1	11930	30
ZAN	0.013243	1.156473e+1	11931	38
ABHD8	0.013238	1.156094e+1	11932	42
EDARADD	0.013238	1.156080e+1	11933	35
GAB3	0.013234	1.155676e+1	11934	32
ADGRA3	0.013230	1.155362e+1	11935	40
TENT5C	0.013228	1.155228e+1	11936	39
CCDC62	0.013227	1.155123e+1	11937	35
GPR4	0.013225	1.154964e+1	11938	40
GMEB2	0.013223	1.154778e+1	11939	38
PRDM15	0.013222	1.154705e+1	11940	43
GRID1	0.013222	1.154628e+1	11941	40
PFAS	0.013217	1.154225e+1	11942	33
H7C2Y5_HUMAN	0.013216	1.154149e+1	11943	44
FPGT-TNNI3K	0.013214	1.154008e+1	11944	35
MLX	0.013213	1.153892e+1	11945	30
GFOD1	0.013210	1.153611e+1	11946	40
CTIF	0.013209	1.153557e+1	11947	34
BOK	0.013207	1.153394e+1	11948	33
HOXA6	0.013207	1.153330e+1	11949	29
SCAMP1	0.013202	1.152917e+1	11950	42
CSRNP1	0.013201	1.152863e+1	11951	37
FBXO17	0.013199	1.152666e+1	11952	34
CYP2W1	0.013193	1.152155e+1	11953	40
DUSP11	0.013192	1.152059e+1	11954	40
HHAT	0.013188	1.151700e+1	11955	33
DEFB130B	0.013187	1.151581e+1	11956	35
RSPRY1	0.013185	1.151479e+1	11957	41
TMUB2	0.013182	1.151158e+1	11958	38
CCDC136	0.013180	1.151011e+1	11959	40
MFSD2A	0.013180	1.150965e+1	11960	39
RGPD8	0.013176	1.150659e+1	11961	39
RASA4	0.013173	1.150380e+1	11962	34
RCBTB1	0.013170	1.150125e+1	11963	40
HACD2	0.013165	1.149731e+1	11964	28
CDX1	0.013165	1.149653e+1	11965	39
RAPGEF6	0.013164	1.149624e+1	11966	29
ITGBL1	0.013160	1.149277e+1	11967	41
SPATA17	0.013159	1.149136e+1	11968	37
ELMO3	0.013152	1.148567e+1	11969	29
GK3P	0.013151	1.148510e+1	11970	41
BTN2A1	0.013149	1.148309e+1	11971	38
PTPN20	0.013149	1.148294e+1	11972	42
CFAP300	0.013144	1.147844e+1	11973	35
ATP2C1	0.013136	1.147194e+1	11974	39
CCDC9	0.013135	1.147065e+1	11975	31
GPR88	0.013129	1.146536e+1	11976	37
CCDC13	0.013128	1.146432e+1	11977	39
HECTD1	0.013127	1.146384e+1	11978	38
SSX4	0.013126	1.146266e+1	11979	32
SCOC	0.013124	1.146154e+1	11980	37
CNTNAP4	0.013123	1.145995e+1	11981	39
ATRN	0.013120	1.145790e+1	11982	38
CDH26	0.013120	1.145724e+1	11983	34
ATAD3B	0.013115	1.145352e+1	11984	39
BTD	0.013108	1.144710e+1	11985	36
MGAT3	0.013108	1.144706e+1	11986	33
MTFR2	0.013107	1.144663e+1	11987	41
ADGRE1	0.013094	1.143515e+1	11988	40
DEFB136	0.013092	1.143353e+1	11989	35
ACOT9	0.013087	1.142899e+1	11990	38
SLC12A4	0.013086	1.142769e+1	11991	38
SYNE3	0.013085	1.142686e+1	11992	27
PLAG1	0.013083	1.142549e+1	11993	33
SULT4A1	0.013083	1.142537e+1	11994	34
ZBTB48	0.013082	1.142435e+1	11995	41
SIPA1L2	0.013071	1.141473e+1	11996	38
TAAR1	0.013065	1.141001e+1	11997	39
KRT6C	0.013062	1.140717e+1	11998	42
FIZ1	0.013059	1.140456e+1	11999	38
SIVA1	0.013056	1.140190e+1	12000	34
MAIP1	0.013056	1.140154e+1	12001	36
REXO1	0.013053	1.139943e+1	12002	34
MFSD10	0.013052	1.139834e+1	12003	36
MDGA2	0.013043	1.139024e+1	12004	43
CAMKK1	0.013039	1.138719e+1	12005	30
PLIN4	0.013039	1.138687e+1	12006	37
MMRN1	0.013036	1.138412e+1	12007	39
ASB18	0.013035	1.138370e+1	12008	39
SARAF	0.013033	1.138202e+1	12009	35
DND1	0.013028	1.137707e+1	12010	37
MAK	0.013025	1.137426e+1	12011	31
PTPRR	0.013024	1.137408e+1	12012	26
PDZD8	0.013021	1.137121e+1	12013	36
UGT3A1	0.013020	1.137058e+1	12014	36
ARHGAP31	0.013017	1.136810e+1	12015	36
ZNF232	0.013015	1.136568e+1	12016	30
AADACL2	0.013013	1.136437e+1	12017	40
TMEM192	0.013012	1.136355e+1	12018	39
ZPBP2	0.013012	1.136330e+1	12019	37
TASP1	0.012996	1.134951e+1	12020	37
EGFL7	0.012993	1.134715e+1	12021	39
MRGPRX2	0.012993	1.134699e+1	12022	29
TBKBP1	0.012988	1.134194e+1	12023	29
KRTAP1-4	0.012985	1.134004e+1	12024	36
LARP1B	0.012983	1.133837e+1	12025	41
RASSF7	0.012981	1.133603e+1	12026	31
SLC6A8	0.012980	1.133551e+1	12027	34
KIDINS220	0.012978	1.133338e+1	12028	32
NPTXR	0.012969	1.132552e+1	12029	36
NRDC	0.012968	1.132517e+1	12030	37
AZI2	0.012966	1.132289e+1	12031	28
LRRC8E	0.012965	1.132236e+1	12032	39
DCDC2	0.012964	1.132156e+1	12033	31
PELI3	0.012963	1.132058e+1	12034	31
LYZL1	0.012958	1.131591e+1	12035	33
TMPRSS15	0.012954	1.131225e+1	12036	39
NGRN	0.012948	1.130731e+1	12037	32
FMNL2	0.012948	1.130706e+1	12038	34
CT45A7	0.012942	1.130248e+1	12039	33
SPATS2L	0.012942	1.130220e+1	12040	42
TRIM40	0.012935	1.129584e+1	12041	34
KCNH7	0.012934	1.129484e+1	12042	40
FTMT	0.012933	1.129416e+1	12043	38
TXNDC11	0.012931	1.129243e+1	12044	39
BORCS5	0.012930	1.129202e+1	12045	27
OTOL1	0.012929	1.129068e+1	12046	35
GORAB	0.012926	1.128827e+1	12047	35
RBMY1J	0.012925	1.128763e+1	12048	37
E7ENX8_HUMAN	0.012921	1.128396e+1	12049	32
NFE2L3	0.012920	1.128259e+1	12050	34
CLN8	0.012916	1.127929e+1	12051	30
NAGA	0.012906	1.127115e+1	12052	34
FRAT1	0.012904	1.126902e+1	12053	32
MZT2A	0.012903	1.126777e+1	12054	22
B3GALT4	0.012902	1.126734e+1	12055	29
MBD6	0.012896	1.126197e+1	12056	36
FBXL12	0.012895	1.126154e+1	12057	37
MOK	0.012894	1.126032e+1	12058	30
LMBRD1	0.012885	1.125239e+1	12059	28
JAML	0.012882	1.124975e+1	12060	39
DMAC2	0.012880	1.124847e+1	12061	37
NUCB2	0.012879	1.124730e+1	12062	37
EPHA10	0.012875	1.124329e+1	12063	29
TMX3	0.012873	1.124236e+1	12064	42
CD300LG	0.012873	1.124197e+1	12065	35
S100A3	0.012872	1.124142e+1	12066	37
CHRNA7	0.012868	1.123736e+1	12067	27
NTN4	0.012866	1.123589e+1	12068	30
NUCB1	0.012862	1.123246e+1	12069	40
AHNAK2	0.012861	1.123180e+1	12070	40
FASTK	0.012860	1.123089e+1	12071	35
NETO1	0.012860	1.123053e+1	12072	35
CHST4	0.012858	1.122864e+1	12073	40
PPM1L	0.012858	1.122841e+1	12074	36
PKD1L3	0.012856	1.122728e+1	12075	35
GID4	0.012854	1.122512e+1	12076	25
SLC37A4	0.012851	1.122231e+1	12077	35
SLC25A38	0.012845	1.121780e+1	12078	33
RIN2	0.012844	1.121626e+1	12079	37
SEPTIN14	0.012843	1.121562e+1	12080	27
DZIP3	0.012842	1.121515e+1	12081	36
ADAM33	0.012840	1.121319e+1	12082	38
ZBED1	0.012839	1.121211e+1	12083	36
CT45A10	0.012837	1.121030e+1	12084	32
MFSD3	0.012836	1.120982e+1	12085	38
FAM71F1	0.012832	1.120629e+1	12086	41
SPEM1	0.012825	1.120026e+1	12087	39
ABCB10	0.012823	1.119798e+1	12088	32
GLRA2	0.012821	1.119626e+1	12089	37
PSG9	0.012817	1.119263e+1	12090	31
SFTA3	0.012812	1.118877e+1	12091	36
CCDC169-SOHLH2	0.012808	1.118489e+1	12092	37
MGAT4A	0.012807	1.118459e+1	12093	32
EMC10	0.012796	1.117435e+1	12094	28
FGFBP2	0.012791	1.117014e+1	12095	34
GSX2	0.012790	1.116980e+1	12096	39
TMSB10	0.012787	1.116724e+1	12097	37
SPSB2	0.012786	1.116583e+1	12098	34
GLRA1	0.012785	1.116523e+1	12099	34
GIN1	0.012783	1.116314e+1	12100	41
PALM2AKAP2	0.012781	1.116152e+1	12101	36
CAPSL	0.012776	1.115747e+1	12102	38
TSPEAR	0.012776	1.115682e+1	12103	39
KLF13	0.012773	1.115434e+1	12104	35
KRT80	0.012771	1.115307e+1	12105	42
EMB	0.012763	1.114615e+1	12106	33
DOCK11	0.012762	1.114502e+1	12107	34
DPP7	0.012761	1.114426e+1	12108	33
S100A7A	0.012761	1.114376e+1	12109	37
ARHGEF10	0.012760	1.114305e+1	12110	38
ZNF350	0.012756	1.113996e+1	12111	36
MYCBP	0.012756	1.113977e+1	12112	34
SPACA3	0.012752	1.113650e+1	12113	41
IMMP1L	0.012747	1.113167e+1	12114	35
A2ML1	0.012746	1.113137e+1	12115	34
RBM6	0.012742	1.112746e+1	12116	38
GPATCH3	0.012741	1.112677e+1	12117	39
CHST10	0.012740	1.112569e+1	12118	37
CTDSP1	0.012740	1.112566e+1	12119	32
OSCAR	0.012738	1.112416e+1	12120	31
NPTX2	0.012738	1.112416e+1	12121	35
SPAG4	0.012732	1.111884e+1	12122	34
CCDC54	0.012731	1.111771e+1	12123	42
C17ORF64	0.012731	1.111770e+1	12124	42
DNAH14	0.012728	1.111565e+1	12125	33
SLX1B	0.012727	1.111474e+1	12126	34
TP53INP1	0.012724	1.111169e+1	12127	37
FBLIM1	0.012723	1.111092e+1	12128	30
ZC3HC1	0.012722	1.110962e+1	12129	37
CCDC61	0.012719	1.110702e+1	12130	34
FGD3	0.012716	1.110477e+1	12131	36
DKKL1	0.012713	1.110218e+1	12132	36
SCUBE2	0.012709	1.109872e+1	12133	34
KRTAP10-7	0.012707	1.109698e+1	12134	33
AMMECR1L	0.012706	1.109578e+1	12135	38
ATP11C	0.012704	1.109405e+1	12136	31
MPV17L2	0.012690	1.108243e+1	12137	35
GALNT13	0.012690	1.108240e+1	12138	42
LY6H	0.012688	1.108016e+1	12139	38
ORMDL2	0.012684	1.107730e+1	12140	32
RAB40B	0.012682	1.107487e+1	12141	33
NDFIP1	0.012681	1.107420e+1	12142	30
ANKRD6	0.012679	1.107277e+1	12143	30
SYNE4	0.012678	1.107190e+1	12144	27
DOK3	0.012676	1.107020e+1	12145	36
SHKBP1	0.012675	1.106940e+1	12146	34
CDK10	0.012675	1.106932e+1	12147	33
ENSP00000491073	0.012674	1.106772e+1	12148	30
METTL18	0.012672	1.106677e+1	12149	32
PPIAL4G	0.012670	1.106501e+1	12150	39
VIL1	0.012670	1.106423e+1	12151	38
KCNMB2	0.012668	1.106275e+1	12152	20
CCDC88A	0.012667	1.106227e+1	12153	35
TEX13A	0.012661	1.105712e+1	12154	35
RILPL2	0.012660	1.105565e+1	12155	33
PPIAL4A	0.012660	1.105562e+1	12156	38
GIMAP4	0.012659	1.105544e+1	12157	37
SLC39A6	0.012659	1.105504e+1	12158	30
ASB8	0.012658	1.105405e+1	12159	35
TAAR6	0.012658	1.105395e+1	12160	37
USP32	0.012657	1.105339e+1	12161	40
MLF2	0.012656	1.105273e+1	12162	33
BMP8A	0.012647	1.104454e+1	12163	25
POTEC	0.012646	1.104346e+1	12164	41
CCNL1	0.012644	1.104236e+1	12165	34
TIAM2	0.012639	1.103747e+1	12166	39
OSBPL3	0.012636	1.103457e+1	12167	39
TMEM45A	0.012635	1.103379e+1	12168	38
NPAS3	0.012631	1.103093e+1	12169	40
TTC14	0.012630	1.102974e+1	12170	38
GAS2L1	0.012617	1.101809e+1	12171	34
RNASE6	0.012611	1.101313e+1	12172	38
PCSK1N	0.012605	1.100785e+1	12173	35
MYRIP	0.012601	1.100446e+1	12174	31
DNAJC14	0.012600	1.100322e+1	12175	39
DIO1	0.012599	1.100233e+1	12176	31
SLC25A47	0.012593	1.099740e+1	12177	41
KIRREL3	0.012590	1.099501e+1	12178	34
ACYP2	0.012586	1.099109e+1	12179	26
FAM50A	0.012584	1.098955e+1	12180	31
ANO2	0.012583	1.098874e+1	12181	34
FILIP1L	0.012582	1.098739e+1	12182	39
RABEP2	0.012580	1.098626e+1	12183	35
LGALS7	0.012574	1.098078e+1	12184	35
ARRDC3	0.012570	1.097707e+1	12185	31
KLK11	0.012568	1.097515e+1	12186	39
TRIM8	0.012563	1.097101e+1	12187	35
KRTAP6-3	0.012560	1.096900e+1	12188	27
TACR2	0.012556	1.096516e+1	12189	33
TMEM106B	0.012556	1.096478e+1	12190	34
ANKMY2	0.012555	1.096395e+1	12191	39
ZSCAN1	0.012554	1.096346e+1	12192	36
RGL1	0.012552	1.096118e+1	12193	31
IGFBP6	0.012549	1.095868e+1	12194	30
CT45A5	0.012548	1.095796e+1	12195	30
ZNF396	0.012542	1.095305e+1	12196	31
CORO7-PAM16	0.012541	1.095163e+1	12197	33
UBR7	0.012536	1.094760e+1	12198	36
TMX1	0.012535	1.094680e+1	12199	38
TRMT44	0.012535	1.094652e+1	12200	35
TRIM71	0.012535	1.094645e+1	12201	35
MVP	0.012534	1.094622e+1	12202	35
BEX3	0.012532	1.094390e+1	12203	30
RIMBP3	0.012528	1.094096e+1	12204	36
ARHGEF17	0.012528	1.094093e+1	12205	38
ASB14	0.012525	1.093782e+1	12206	38
BARX1	0.012521	1.093431e+1	12207	35
FAT3	0.012518	1.093183e+1	12208	37
OR8B4	0.012506	1.092131e+1	12209	30
ARSJ	0.012504	1.091992e+1	12210	36
PRSS8	0.012501	1.091680e+1	12211	35
RFXAP	0.012497	1.091347e+1	12212	29
CHST6	0.012496	1.091307e+1	12213	33
LARGE2	0.012494	1.091058e+1	12214	32
MXRA8	0.012491	1.090829e+1	12215	40
PLEKHM2	0.012491	1.090820e+1	12216	30
BANP	0.012486	1.090435e+1	12217	34
SLC39A2	0.012485	1.090340e+1	12218	32
MBLAC2	0.012484	1.090260e+1	12219	41
TSPAN12	0.012483	1.090158e+1	12220	34
SYBU	0.012478	1.089658e+1	12221	32
KRT36	0.012476	1.089537e+1	12222	42
CHRFAM7A	0.012474	1.089308e+1	12223	32
STAC	0.012470	1.088976e+1	12224	27
MID2	0.012468	1.088808e+1	12225	33
PRB2	0.012467	1.088765e+1	12226	38
PRDM10	0.012467	1.088738e+1	12227	42
SMIM20	0.012467	1.088713e+1	12228	34
FBXL16	0.012466	1.088668e+1	12229	37
ADCK2	0.012466	1.088652e+1	12230	34
ZKSCAN5	0.012466	1.088648e+1	12231	37
KRTAP5-7	0.012464	1.088492e+1	12232	37
VENTX	0.012462	1.088263e+1	12233	32
MINDY1	0.012461	1.088223e+1	12234	35
WRAP73	0.012459	1.088023e+1	12235	35
FRAT2	0.012455	1.087680e+1	12236	35
YPEL3	0.012454	1.087599e+1	12237	35
RASSF3	0.012454	1.087575e+1	12238	36
SERPINB1	0.012452	1.087433e+1	12239	34
DBX1	0.012447	1.086987e+1	12240	38
GPR132	0.012444	1.086755e+1	12241	38
ALG1L2	0.012440	1.086395e+1	12242	39
DIRAS3	0.012430	1.085491e+1	12243	37
SPON1	0.012427	1.085229e+1	12244	34
PREPL	0.012418	1.084460e+1	12245	37
MBOAT4	0.012414	1.084137e+1	12246	33
PRB3	0.012413	1.084018e+1	12247	38
HGSNAT	0.012409	1.083693e+1	12248	34
BCDIN3D	0.012408	1.083616e+1	12249	38
SLC39A5	0.012401	1.083011e+1	12250	29
MESP1	0.012395	1.082432e+1	12251	34
ZBTB38	0.012394	1.082352e+1	12252	37
SLC36A2	0.012393	1.082299e+1	12253	34
CHST13	0.012393	1.082290e+1	12254	35
TBCCD1	0.012393	1.082286e+1	12255	38
SLC38A3	0.012389	1.081944e+1	12256	38
ST6GALNAC4	0.012389	1.081904e+1	12257	38
NMT1	0.012388	1.081797e+1	12258	38
RAET1E	0.012387	1.081794e+1	12259	34
TIFA	0.012386	1.081657e+1	12260	31
CEP104	0.012385	1.081588e+1	12261	35
RAB19	0.012378	1.080926e+1	12262	36
KIAA1109	0.012375	1.080727e+1	12263	35
LRRC20	0.012373	1.080526e+1	12264	41
GMPR2	0.012369	1.080199e+1	12265	35
MS4A3	0.012369	1.080146e+1	12266	31
LGALS7B	0.012358	1.079187e+1	12267	35
GPR139	0.012357	1.079168e+1	12268	36
SIGLEC15	0.012355	1.078965e+1	12269	32
TRIM58	0.012353	1.078743e+1	12270	36
RBM14-RBM4	0.012352	1.078689e+1	12271	33
C5AR2	0.012351	1.078613e+1	12272	33
PCTP	0.012350	1.078523e+1	12273	32
CLUH	0.012350	1.078522e+1	12274	39
LYPD4	0.012349	1.078448e+1	12275	38
SORCS3	0.012347	1.078273e+1	12276	36
CDC42EP3	0.012346	1.078204e+1	12277	36
OPTC	0.012346	1.078128e+1	12278	35
ZBTB32	0.012344	1.077997e+1	12279	35
TRARG1	0.012340	1.077620e+1	12280	34
PELI2	0.012339	1.077559e+1	12281	32
NXPH1	0.012338	1.077490e+1	12282	38
PSG3	0.012338	1.077428e+1	12283	28
PPP4R4	0.012336	1.077340e+1	12284	35
RGS22	0.012331	1.076886e+1	12285	37
FOXD1	0.012331	1.076830e+1	12286	37
CSAG1	0.012329	1.076683e+1	12287	28
FREM3	0.012327	1.076538e+1	12288	38
ARHGEF33	0.012327	1.076538e+1	12289	41
MOAP1	0.012326	1.076464e+1	12290	31
PTCD2	0.012325	1.076363e+1	12291	38
INSL5	0.012314	1.075395e+1	12292	28
CTDSP2	0.012314	1.075345e+1	12293	32
SSX4B	0.012314	1.075338e+1	12294	31
FMR1NB	0.012313	1.075327e+1	12295	40
DDX25	0.012312	1.075232e+1	12296	35
KBTBD12	0.012311	1.075141e+1	12297	38
SEZ6L2	0.012308	1.074847e+1	12298	33
ADAM30	0.012305	1.074580e+1	12299	37
ESYT2	0.012304	1.074537e+1	12300	35
MATN1	0.012300	1.074179e+1	12301	35
WDR5B	0.012289	1.073193e+1	12302	27
ARHGEF3	0.012285	1.072867e+1	12303	33
SGTB	0.012278	1.072236e+1	12304	36
ZKSCAN3	0.012271	1.071600e+1	12305	29
TOMM34	0.012268	1.071389e+1	12306	36
PHLDB2	0.012266	1.071203e+1	12307	29
SLC9A7	0.012266	1.071141e+1	12308	35
TMEM30B	0.012259	1.070611e+1	12309	25
ISLR	0.012250	1.069780e+1	12310	39
SLITRK3	0.012246	1.069441e+1	12311	34
KLHL10	0.012245	1.069354e+1	12312	35
ANGEL2	0.012241	1.069043e+1	12313	37
TMEM97	0.012241	1.068981e+1	12314	34
FBXO25	0.012240	1.068925e+1	12315	33
DUS4L	0.012240	1.068920e+1	12316	35
FAM189A2	0.012238	1.068775e+1	12317	36
ERMAP	0.012237	1.068667e+1	12318	36
PDZD3	0.012237	1.068627e+1	12319	34
SYT9	0.012232	1.068226e+1	12320	32
MARK1	0.012230	1.068006e+1	12321	36
PYM1	0.012226	1.067696e+1	12322	27
CT45A8	0.012226	1.067671e+1	12323	29
ZBED3	0.012224	1.067520e+1	12324	34
BMX	0.012223	1.067409e+1	12325	33
SPIRE1	0.012222	1.067356e+1	12326	35
MAGED4B	0.012221	1.067270e+1	12327	32
LY6G6C	0.012221	1.067264e+1	12328	37
FREM2	0.012221	1.067243e+1	12329	34
P2RY10	0.012221	1.067213e+1	12330	37
SERGEF	0.012219	1.067114e+1	12331	35
CDK5RAP3	0.012217	1.066893e+1	12332	28
IPPK	0.012214	1.066618e+1	12333	29
ZNF282	0.012213	1.066575e+1	12334	34
SLX4IP	0.012213	1.066542e+1	12335	30
MARCKSL1	0.012207	1.066071e+1	12336	29
HCAR1	0.012207	1.066047e+1	12337	31
BORCS8	0.012206	1.065976e+1	12338	28
CRYZL1	0.012205	1.065836e+1	12339	33
SH3BP5	0.012204	1.065744e+1	12340	32
PLEKHA8	0.012204	1.065732e+1	12341	34
SSBP4	0.012202	1.065609e+1	12342	26
LRRC43	0.012199	1.065360e+1	12343	34
GPR89A	0.012195	1.064944e+1	12344	34
TMEM260	0.012194	1.064870e+1	12345	40
DGCR6L	0.012191	1.064636e+1	12346	32
FOXL1	0.012187	1.064302e+1	12347	37
NEURL2	0.012187	1.064278e+1	12348	36
PPIAL4C	0.012185	1.064121e+1	12349	37
ADAM23	0.012184	1.064044e+1	12350	32
SERF2	0.012184	1.064028e+1	12351	34
ECD	0.012183	1.063943e+1	12352	28
OR51I2	0.012183	1.063893e+1	12353	27
CABP1	0.012181	1.063776e+1	12354	34
EXPH5	0.012178	1.063524e+1	12355	34
MTF1	0.012178	1.063458e+1	12356	36
LAX1	0.012173	1.063070e+1	12357	34
SRL	0.012172	1.063013e+1	12358	34
ATP5MF-PTCD1	0.012172	1.062967e+1	12359	33
G0S2	0.012171	1.062922e+1	12360	38
GLIPR1	0.012160	1.061953e+1	12361	40
TGIF2	0.012159	1.061852e+1	12362	29
ZNF444	0.012158	1.061784e+1	12363	29
CASKIN1	0.012155	1.061479e+1	12364	37
GABRR1	0.012153	1.061322e+1	12365	28
UPK1B	0.012152	1.061220e+1	12366	35
MPZL1	0.012149	1.060959e+1	12367	28
NLRC3	0.012144	1.060501e+1	12368	35
PAIP2	0.012143	1.060458e+1	12369	32
ALKBH7	0.012133	1.059586e+1	12370	31
OR52E4	0.012132	1.059459e+1	12371	32
STARD7	0.012128	1.059173e+1	12372	34
CFAP57	0.012127	1.059029e+1	12373	39
LOC102724334	0.012124	1.058792e+1	12374	32
CEACAM16	0.012124	1.058762e+1	12375	34
CCDC58	0.012123	1.058677e+1	12376	35
TRIM55	0.012122	1.058646e+1	12377	34
FOXR1	0.012117	1.058175e+1	12378	24
PDXDC1	0.012115	1.058001e+1	12379	36
TMEM33	0.012110	1.057593e+1	12380	35
LPP	0.012109	1.057435e+1	12381	32
MPLKIP	0.012107	1.057302e+1	12382	32
IBTK	0.012104	1.057019e+1	12383	36
GPR32	0.012103	1.056977e+1	12384	36
SULT1A2	0.012102	1.056884e+1	12385	33
PRB1	0.012098	1.056506e+1	12386	33
GALNT18	0.012092	1.055945e+1	12387	38
SMOC2	0.012091	1.055888e+1	12388	38
PSG5	0.012087	1.055593e+1	12389	33
EDA	0.012082	1.055154e+1	12390	31
ANKRA2	0.012080	1.054977e+1	12391	30
SLF2	0.012080	1.054963e+1	12392	28
GPR162	0.012075	1.054474e+1	12393	40
QSOX1	0.012074	1.054378e+1	12394	38
GRHL2	0.012073	1.054293e+1	12395	34
ZNF827	0.012071	1.054116e+1	12396	35
KLF14	0.012070	1.054080e+1	12397	36
CELA2B	0.012066	1.053749e+1	12398	32
SNX20	0.012064	1.053542e+1	12399	36
ZCCHC10	0.012059	1.053114e+1	12400	34
PLVAP	0.012056	1.052885e+1	12401	36
HMCN1	0.012056	1.052846e+1	12402	34
LACTB2	0.012054	1.052653e+1	12403	38
GNPTG	0.012054	1.052652e+1	12404	33
SLC5A12	0.012053	1.052582e+1	12405	35
ADAM19	0.012050	1.052309e+1	12406	36
SCG3	0.012050	1.052305e+1	12407	30
SAT2	0.012049	1.052203e+1	12408	24
ACAP2	0.012048	1.052132e+1	12409	33
C2CD4A	0.012041	1.051510e+1	12410	34
OR6P1	0.012032	1.050720e+1	12411	33
ONECUT2	0.012030	1.050546e+1	12412	37
FOXN4	0.012027	1.050295e+1	12413	33
RASA3	0.012023	1.049985e+1	12414	31
PPP1R21	0.012018	1.049559e+1	12415	30
PATE1	0.012017	1.049410e+1	12416	35
ERG	0.012015	1.049220e+1	12417	30
CCNI	0.012012	1.049003e+1	12418	39
LAGE3	0.011997	1.047660e+1	12419	27
TYW5	0.011996	1.047631e+1	12420	31
PPP1R16B	0.011993	1.047378e+1	12421	35
GPR15	0.011993	1.047321e+1	12422	37
HEXIM2	0.011990	1.047044e+1	12423	28
ZNF74	0.011989	1.047014e+1	12424	30
PDILT	0.011988	1.046949e+1	12425	37
YPEL5	0.011988	1.046899e+1	12426	29
CFAP61	0.011987	1.046838e+1	12427	37
THEM4	0.011987	1.046829e+1	12428	27
DSE	0.011985	1.046634e+1	12429	33
ERAP2	0.011982	1.046343e+1	12430	35
TMUB1	0.011980	1.046166e+1	12431	32
DYDC2	0.011978	1.046016e+1	12432	33
FCRL1	0.011976	1.045823e+1	12433	34
SERPINB6	0.011975	1.045801e+1	12434	32
SBNO1	0.011973	1.045610e+1	12435	33
HTR6	0.011972	1.045518e+1	12436	23
EVI2A	0.011957	1.044204e+1	12437	31
HERC3	0.011956	1.044133e+1	12438	38
TXNDC2	0.011956	1.044091e+1	12439	37
GALNT10	0.011955	1.043992e+1	12440	35
NEPRO	0.011950	1.043631e+1	12441	30
KLF11	0.011949	1.043489e+1	12442	33
LTBP4	0.011949	1.043476e+1	12443	33
LY6G6F	0.011945	1.043168e+1	12444	35
CLSTN1	0.011945	1.043168e+1	12445	32
RGPD4	0.011942	1.042908e+1	12446	38
TAAR5	0.011941	1.042810e+1	12447	36
GSC2	0.011937	1.042493e+1	12448	32
SPDYE4	0.011937	1.042441e+1	12449	37
NUDT14	0.011934	1.042172e+1	12450	32
MKRN2	0.011932	1.042053e+1	12451	34
INSM2	0.011931	1.041911e+1	12452	33
GPR150	0.011930	1.041814e+1	12453	36
TRIB2	0.011927	1.041594e+1	12454	30
RBMS1	0.011927	1.041558e+1	12455	35
CTNNBIP1	0.011923	1.041228e+1	12456	28
DUSP7	0.011922	1.041115e+1	12457	29
EOGT	0.011921	1.041067e+1	12458	34
ARL8A	0.011919	1.040920e+1	12459	36
PPIP5K2	0.011914	1.040460e+1	12460	30
SLC38A5	0.011912	1.040275e+1	12461	35
SFXN1	0.011907	1.039804e+1	12462	36
SIPA1	0.011901	1.039303e+1	12463	32
CAPN14	0.011899	1.039129e+1	12464	32
ZMIZ1	0.011898	1.039054e+1	12465	35
SLC9A9	0.011897	1.038999e+1	12466	32
FBXO21	0.011895	1.038746e+1	12467	33
DEF6	0.011892	1.038539e+1	12468	31
ALG10B	0.011892	1.038505e+1	12469	23
RDH16	0.011891	1.038457e+1	12470	25
RSPH10B	0.011890	1.038365e+1	12471	36
GALNT5	0.011889	1.038277e+1	12472	35
HS3ST6	0.011882	1.037621e+1	12473	35
PGGHG	0.011881	1.037522e+1	12474	32
LRBA	0.011880	1.037516e+1	12475	35
STK40	0.011880	1.037459e+1	12476	28
DHRS2	0.011876	1.037139e+1	12477	34
THADA	0.011876	1.037132e+1	12478	36
ADPRM	0.011875	1.037026e+1	12479	23
PCP4	0.011874	1.036969e+1	12480	31
KCNH5	0.011873	1.036836e+1	12481	36
NRBP1	0.011871	1.036666e+1	12482	30
HIVEP2	0.011866	1.036217e+1	12483	33
KRT32	0.011861	1.035811e+1	12484	39
ZYG11A	0.011857	1.035490e+1	12485	29
PNPLA1	0.011852	1.035010e+1	12486	27
PKDREJ	0.011850	1.034817e+1	12487	37
TREML2	0.011847	1.034579e+1	12488	34
CNKSR3	0.011846	1.034466e+1	12489	33
CRYBA4	0.011845	1.034387e+1	12490	30
CFAP206	0.011842	1.034199e+1	12491	39
SCG5	0.011842	1.034186e+1	12492	30
CIC	0.011842	1.034180e+1	12493	33
IQCA1	0.011839	1.033924e+1	12494	37
SH2B2	0.011833	1.033344e+1	12495	25
GSE1	0.011832	1.033265e+1	12496	27
MICA	0.011832	1.033247e+1	12497	28
ROGDI	0.011828	1.032906e+1	12498	30
CLCC1	0.011824	1.032625e+1	12499	34
NLN	0.011823	1.032517e+1	12500	34
KLHL31	0.011819	1.032113e+1	12501	36
CLIP3	0.011818	1.032068e+1	12502	36
TSPAN5	0.011813	1.031612e+1	12503	35
RBM23	0.011813	1.031594e+1	12504	30
CSN1S1	0.011810	1.031346e+1	12505	32
METTL21C	0.011808	1.031175e+1	12506	34
RNF38	0.011807	1.031125e+1	12507	30
INIP	0.011805	1.030907e+1	12508	28
RLN1	0.011804	1.030837e+1	12509	25
ZBTB7B	0.011803	1.030792e+1	12510	34
ESM1	0.011803	1.030789e+1	12511	36
ALOXE3	0.011802	1.030689e+1	12512	29
OR52W1	0.011802	1.030643e+1	12513	33
EXOC3L4	0.011796	1.030097e+1	12514	29
CCDC86	0.011791	1.029678e+1	12515	34
TM4SF1	0.011790	1.029602e+1	12516	31
MSC	0.011787	1.029321e+1	12517	33
PDCD2	0.011784	1.029055e+1	12518	35
FBXO22	0.011779	1.028634e+1	12519	30
ASPHD1	0.011777	1.028496e+1	12520	29
HPCAL1	0.011777	1.028444e+1	12521	37
LRRC41	0.011774	1.028225e+1	12522	32
ZFP91	0.011774	1.028177e+1	12523	36
DAGLA	0.011772	1.028012e+1	12524	27
PLEKHG5	0.011770	1.027831e+1	12525	34
DMXL2	0.011765	1.027436e+1	12526	27
KLF17	0.011763	1.027270e+1	12527	37
ARHGEF15	0.011762	1.027164e+1	12528	33
MAGEB16	0.011762	1.027135e+1	12529	36
KRTAP20-2	0.011761	1.027109e+1	12530	25
PLA2R1	0.011751	1.026172e+1	12531	26
PLEKHA3	0.011750	1.026093e+1	12532	31
VRK3	0.011729	1.024330e+1	12533	36
KCTD9	0.011729	1.024249e+1	12534	36
GALNT11	0.011726	1.024066e+1	12535	35
PRR3	0.011726	1.024026e+1	12536	27
HOXD8	0.011723	1.023794e+1	12537	34
DOCK9	0.011721	1.023547e+1	12538	31
SEMA6D	0.011720	1.023486e+1	12539	29
DPY19L4	0.011720	1.023467e+1	12540	38
ARHGAP12	0.011718	1.023298e+1	12541	34
TENM4	0.011717	1.023268e+1	12542	31
SULT1A4	0.011716	1.023138e+1	12543	28
MDGA1	0.011706	1.022318e+1	12544	36
SNX25	0.011703	1.021998e+1	12545	38
ATE1	0.011702	1.021920e+1	12546	32
FOXI1	0.011701	1.021802e+1	12547	34
STXBP4	0.011700	1.021767e+1	12548	35
LRIT1	0.011699	1.021676e+1	12549	36
TEX264	0.011699	1.021672e+1	12550	31
TANC1	0.011693	1.021102e+1	12551	33
PMP2	0.011688	1.020722e+1	12552	31
SNPH	0.011681	1.020129e+1	12553	30
SYT12	0.011680	1.020008e+1	12554	34
ILKAP	0.011679	1.019899e+1	12555	35
CENPV	0.011678	1.019856e+1	12556	32
VMA21	0.011677	1.019778e+1	12557	24
ADAMTS7	0.011675	1.019567e+1	12558	35
KRTAP4-11	0.011675	1.019563e+1	12559	33
CPNE6	0.011674	1.019516e+1	12560	39
ZADH2	0.011668	1.018958e+1	12561	37
ZBTB18	0.011666	1.018797e+1	12562	32
CPVL	0.011663	1.018522e+1	12563	35
TNFRSF10D	0.011660	1.018280e+1	12564	30
DTX4	0.011660	1.018268e+1	12565	30
SNX11	0.011659	1.018155e+1	12566	35
PRDM4	0.011658	1.018107e+1	12567	34
KLHL18	0.011651	1.017487e+1	12568	36
SLC31A1	0.011650	1.017427e+1	12569	31
PATE2	0.011649	1.017269e+1	12570	32
ANKRD62	0.011648	1.017207e+1	12571	39
MAJIN	0.011648	1.017173e+1	12572	32
KLF10	0.011647	1.017156e+1	12573	34
H7C0V5_HUMAN	0.011644	1.016844e+1	12574	34
ZFPL1	0.011643	1.016748e+1	12575	37
MPC2	0.011642	1.016728e+1	12576	34
CRELD2	0.011641	1.016577e+1	12577	29
RCOR2	0.011640	1.016553e+1	12578	31
SPTSSA	0.011640	1.016511e+1	12579	26
TGM5	0.011639	1.016460e+1	12580	36
KLF9	0.011639	1.016409e+1	12581	36
STAP2	0.011637	1.016285e+1	12582	28
ZNF367	0.011630	1.015615e+1	12583	38
TMEM219	0.011622	1.014905e+1	12584	31
NEURL1	0.011620	1.014804e+1	12585	35
SIX4	0.011620	1.014788e+1	12586	30
RRAD	0.011619	1.014684e+1	12587	35
CABLES1	0.011618	1.014553e+1	12588	26
IL36B	0.011613	1.014129e+1	12589	29
TMEM259	0.011612	1.014087e+1	12590	34
EDA2R	0.011611	1.013981e+1	12591	30
PHF13	0.011610	1.013888e+1	12592	35
RIMBP2	0.011609	1.013824e+1	12593	30
CHN1	0.011607	1.013646e+1	12594	28
IRF2BP2	0.011604	1.013386e+1	12595	31
MICAL3	0.011604	1.013336e+1	12596	31
TCHHL1	0.011601	1.013142e+1	12597	38
PATZ1	0.011598	1.012853e+1	12598	31
RNF6	0.011595	1.012583e+1	12599	34
TMEM38B	0.011594	1.012491e+1	12600	27
CUEDC2	0.011589	1.012070e+1	12601	33
SHOC1	0.011587	1.011870e+1	12602	32
MARF1	0.011587	1.011852e+1	12603	31
CNTD1	0.011585	1.011688e+1	12604	32
PHKG1	0.011582	1.011435e+1	12605	28
RAB4B	0.011580	1.011283e+1	12606	35
ARSH	0.011576	1.010896e+1	12607	32
IZUMO1R	0.011573	1.010706e+1	12608	35
SPRY3	0.011573	1.010694e+1	12609	33
TOX4	0.011573	1.010688e+1	12610	29
SFSWAP	0.011563	1.009787e+1	12611	33
SAC3D1	0.011561	1.009650e+1	12612	32
PGPEP1	0.011560	1.009558e+1	12613	32
STK31	0.011559	1.009483e+1	12614	36
PPP5D1	0.011559	1.009430e+1	12615	35
SEPTIN10	0.011558	1.009315e+1	12616	20
GON4L	0.011554	1.009025e+1	12617	33
ZNF646	0.011554	1.008975e+1	12618	37
AMDHD1	0.011550	1.008694e+1	12619	26
ARHGAP25	0.011550	1.008682e+1	12620	38
GIMAP8	0.011549	1.008576e+1	12621	32
CTDSPL	0.011547	1.008388e+1	12622	33
ZNF787	0.011545	1.008221e+1	12623	31
LYPD6B	0.011544	1.008119e+1	12624	38
ASAP2	0.011541	1.007828e+1	12625	30
TPP2	0.011534	1.007219e+1	12626	32
TULP2	0.011532	1.007073e+1	12627	35
METTL25	0.011529	1.006842e+1	12628	32
KRTAP20-1	0.011528	1.006773e+1	12629	23
THAP12	0.011523	1.006328e+1	12630	30
LBX1	0.011520	1.005999e+1	12631	29
MEMO1	0.011517	1.005759e+1	12632	33
NBL1	0.011516	1.005704e+1	12633	21
HPS1	0.011515	1.005624e+1	12634	26
MAP3K10	0.011511	1.005270e+1	12635	27
MAFA	0.011503	1.004580e+1	12636	30
GPR171	0.011503	1.004555e+1	12637	35
EPYC	0.011502	1.004477e+1	12638	34
KYAT1-2	0.011500	1.004328e+1	12639	33
SLC8B1	0.011500	1.004259e+1	12640	30
BAZ2B	0.011496	1.003944e+1	12641	30
MEP1B	0.011495	1.003862e+1	12642	29
MIER1	0.011493	1.003649e+1	12643	30
KRTAP3-3	0.011490	1.003418e+1	12644	37
TRIM43	0.011487	1.003114e+1	12645	30
SERTAD1	0.011487	1.003114e+1	12646	30
C3ORF22	0.011486	1.003090e+1	12647	35
HS3ST3A1	0.011485	1.002960e+1	12648	32
AREL1	0.011485	1.002938e+1	12649	34
STC1	0.011483	1.002841e+1	12650	36
KLK13	0.011483	1.002825e+1	12651	37
ADAD1	0.011481	1.002655e+1	12652	36
ACTL9	0.011480	1.002561e+1	12653	30
SHLD1	0.011479	1.002468e+1	12654	31
CLIC4	0.011477	1.002300e+1	12655	28
KRTAP10-5	0.011476	1.002153e+1	12656	30
RBM24	0.011474	1.002035e+1	12657	33
TMEM235	0.011472	1.001871e+1	12658	34
WFDC2	0.011470	1.001643e+1	12659	35
SLCO4C1	0.011468	1.001519e+1	12660	32
KRT84	0.011465	1.001208e+1	12661	39
HYAL1	0.011464	1.001102e+1	12662	29
COTL1	0.011460	1.000800e+1	12663	33
OR8B3	0.011459	1.000711e+1	12664	27
BEX2	0.011455	1.000371e+1	12665	28
PSMG4	0.011451	1.000003e+1	12666	29
DUSP8	0.011448	9.997661e+0	12667	28
LPGAT1	0.011448	9.997189e+0	12668	26
TM9SF4	0.011447	9.996488e+0	12669	34
B4GALNT2	0.011439	9.989580e+0	12670	31
OR51B5	0.011436	9.986708e+0	12671	29
CSRP1	0.011435	9.985783e+0	12672	34
IRX5	0.011432	9.983874e+0	12673	29
PRRC2B	0.011431	9.982577e+0	12674	31
GPR176	0.011430	9.981816e+0	12675	34
CHID1	0.011428	9.980349e+0	12676	33
BTBD8	0.011428	9.979581e+0	12677	38
RNF115	0.011427	9.979077e+0	12678	35
OR2AG1	0.011426	9.978027e+0	12679	25
MMP15	0.011423	9.975677e+0	12680	27
BRWD1	0.011417	9.970711e+0	12681	32
SZRD1	0.011415	9.968510e+0	12682	31
IGSF5	0.011411	9.965543e+0	12683	28
SLC35D3	0.011410	9.964729e+0	12684	28
C16ORF87	0.011409	9.963272e+0	12685	29
NPFFR2	0.011407	9.961463e+0	12686	28
SYTL2	0.011407	9.961438e+0	12687	28
SLCO3A1	0.011406	9.960726e+0	12688	37
ACTL10	0.011406	9.960683e+0	12689	30
STARD8	0.011405	9.960224e+0	12690	32
KIAA0513	0.011403	9.957838e+0	12691	33
PTPRO	0.011400	9.955371e+0	12692	34
ANXA4	0.011399	9.954613e+0	12693	34
DUOXA1	0.011398	9.953707e+0	12694	29
TBCC	0.011397	9.953047e+0	12695	29
SLC35F1	0.011393	9.949268e+0	12696	36
ST6GALNAC5	0.011392	9.948924e+0	12697	35
FMO5	0.011391	9.947473e+0	12698	29
ADGRE2	0.011391	9.947309e+0	12699	31
GTSF1	0.011390	9.946752e+0	12700	30
CRTC3	0.011389	9.945693e+0	12701	30
RMND1	0.011387	9.944127e+0	12702	33
MEOX2	0.011385	9.942195e+0	12703	32
EXTL1	0.011384	9.941935e+0	12704	32
NEMP1	0.011383	9.940442e+0	12705	30
PPP1R2	0.011377	9.935056e+0	12706	26
CFAP58	0.011373	9.931608e+0	12707	35
SLC8A3	0.011372	9.931485e+0	12708	27
MGAT4D	0.011371	9.930662e+0	12709	29
ASIC1	0.011371	9.930280e+0	12710	31
CNNM1	0.011370	9.929292e+0	12711	29
MAP4K2	0.011367	9.926968e+0	12712	28
NECAB3	0.011365	9.924965e+0	12713	34
H7C0S8_HUMAN	0.011364	9.924395e+0	12714	29
OR8D2	0.011363	9.923116e+0	12715	27
RASSF8	0.011362	9.922209e+0	12716	29
FAM92B	0.011359	9.919593e+0	12717	36
ECE2	0.011359	9.919322e+0	12718	30
TBX10	0.011358	9.918509e+0	12719	35
SLC39A10	0.011350	9.911919e+0	12720	27
CNNM3	0.011349	9.911006e+0	12721	28
RAB34	0.011348	9.909991e+0	12722	32
MICU3	0.011342	9.904701e+0	12723	24
MANEA	0.011340	9.903576e+0	12724	37
TM2D3	0.011338	9.901727e+0	12725	32
CYP4Z1	0.011338	9.901097e+0	12726	38
MAP3K12	0.011335	9.898445e+0	12727	29
MARCHF7	0.011332	9.895753e+0	12728	33
ADGRB2	0.011331	9.894991e+0	12729	32
GPR107	0.011329	9.893510e+0	12730	35
HCRTR2	0.011328	9.892736e+0	12731	28
IQCE	0.011327	9.891654e+0	12732	31
OR1C1	0.011324	9.889583e+0	12733	30
CBLN2	0.011324	9.889248e+0	12734	37
RBM47	0.011322	9.887707e+0	12735	35
FOLR3	0.011318	9.883859e+0	12736	34
MYEF2	0.011317	9.883044e+0	12737	29
SP140	0.011317	9.882985e+0	12738	32
GPR153	0.011317	9.882813e+0	12739	39
INHBC	0.011314	9.880135e+0	12740	27
TP53I3	0.011312	9.878972e+0	12741	31
SERF1A	0.011312	9.878478e+0	12742	29
OR51B6	0.011310	9.876973e+0	12743	25
ABCA3	0.011308	9.875058e+0	12744	32
PSG4	0.011305	9.872711e+0	12745	26
INS-IGF2	0.011303	9.870946e+0	12746	29
TM9SF1	0.011295	9.864025e+0	12747	31
LMF1	0.011295	9.863862e+0	12748	28
MARCO	0.011293	9.862337e+0	12749	34
MCUB	0.011292	9.861408e+0	12750	24
C3ORF18	0.011290	9.859200e+0	12751	34
ADGB	0.011286	9.856420e+0	12752	36
RNF34	0.011282	9.852374e+0	12753	34
GATD3A	0.011278	9.849016e+0	12754	32
ARSK	0.011278	9.848692e+0	12755	29
ANXA3	0.011274	9.845639e+0	12756	37
LGALS13	0.011269	9.841174e+0	12757	32
SPRYD7	0.011268	9.840399e+0	12758	35
ERCC6L2	0.011259	9.832673e+0	12759	35
DDAH2	0.011258	9.831338e+0	12760	30
FREM1	0.011256	9.830039e+0	12761	31
SUN3	0.011254	9.828437e+0	12762	29
METTL9	0.011252	9.826207e+0	12763	32
EXD2	0.011247	9.822320e+0	12764	29
C1QL2	0.011246	9.821322e+0	12765	36
CELA2A	0.011241	9.816309e+0	12766	28
NHLH1	0.011239	9.815254e+0	12767	36
TAL2	0.011235	9.811875e+0	12768	30
RMND5B	0.011232	9.809138e+0	12769	26
ZNF41	0.011230	9.806996e+0	12770	32
SNX16	0.011227	9.804706e+0	12771	35
MMRN2	0.011227	9.804647e+0	12772	34
USP40	0.011220	9.798729e+0	12773	35
H0YHG0_HUMAN	0.011220	9.798369e+0	12774	40
ZNF276	0.011220	9.798269e+0	12775	32
INHBE	0.011217	9.796138e+0	12776	27
PPTC7	0.011208	9.788079e+0	12777	34
MITD1	0.011206	9.786353e+0	12778	29
KRTAP10-9	0.011205	9.785319e+0	12779	29
LYPD6	0.011205	9.785310e+0	12780	33
CRELD1	0.011202	9.782505e+0	12781	35
UGT3A2	0.011201	9.781447e+0	12782	31
LRP4	0.011200	9.780671e+0	12783	30
OR8D1	0.011197	9.778166e+0	12784	29
GRINA	0.011197	9.778095e+0	12785	34
LRCH4	0.011193	9.775164e+0	12786	35
DHRSX	0.011190	9.772408e+0	12787	34
TPRKB	0.011188	9.770855e+0	12788	27
LYPD5	0.011186	9.768967e+0	12789	34
MCEMP1	0.011185	9.767468e+0	12790	36
PIM2	0.011184	9.766970e+0	12791	32
HDDC2	0.011184	9.766673e+0	12792	30
ZNF473	0.011183	9.765975e+0	12793	29
CCNI2	0.011182	9.765022e+0	12794	38
ZNF746	0.011178	9.761683e+0	12795	32
ZNF274	0.011177	9.760811e+0	12796	30
NKD2	0.011174	9.757792e+0	12797	29
PSG7	0.011168	9.752613e+0	12798	27
CCBE1	0.011165	9.750453e+0	12799	31
CAGE1	0.011162	9.747460e+0	12800	31
SMIM3	0.011161	9.746881e+0	12801	36
SLC49A4	0.011158	9.744284e+0	12802	31
OSR2	0.011154	9.740831e+0	12803	31
NSMF	0.011148	9.735874e+0	12804	26
HP1BP3	0.011147	9.734341e+0	12805	34
SRPK3	0.011145	9.733165e+0	12806	32
CACUL1	0.011144	9.731749e+0	12807	33
FBXO33	0.011137	9.725464e+0	12808	34
C14ORF39	0.011135	9.723953e+0	12809	31
ENSP00000491046	0.011133	9.722666e+0	12810	32
CFAP54	0.011132	9.721168e+0	12811	32
P3R3URF	0.011131	9.720651e+0	12812	28
ST6GALNAC3	0.011128	9.717899e+0	12813	35
RASSF2	0.011126	9.716641e+0	12814	27
PILRB	0.011124	9.714826e+0	12815	30
GM2A	0.011123	9.713822e+0	12816	30
SH3PXD2B	0.011123	9.713270e+0	12817	27
PRDM6	0.011122	9.712740e+0	12818	28
FRA10AC1	0.011120	9.711099e+0	12819	26
CDC42EP2	0.011120	9.711087e+0	12820	32
ENSP00000485615	0.011118	9.709725e+0	12821	20
GALNT9	0.011114	9.705382e+0	12822	34
TRIM2	0.011108	9.700199e+0	12823	33
WDR86	0.011107	9.699755e+0	12824	36
SPIRE2	0.011106	9.698839e+0	12825	32
CNTN3	0.011105	9.697552e+0	12826	37
SHTN1	0.011104	9.697329e+0	12827	32
CA7	0.011100	9.693497e+0	12828	32
SYNPO2L	0.011095	9.688945e+0	12829	34
OTOP1	0.011094	9.688300e+0	12830	30
POF1B	0.011093	9.687424e+0	12831	30
CCN3	0.011092	9.686497e+0	12832	30
PTH2R	0.011092	9.686327e+0	12833	25
KLF3	0.011089	9.683750e+0	12834	29
ZBTB4	0.011087	9.682095e+0	12835	31
OR51D1	0.011086	9.681465e+0	12836	29
UST	0.011084	9.679401e+0	12837	34
NLRP9	0.011084	9.679295e+0	12838	20
F8VP50_HUMAN	0.011080	9.675683e+0	12839	37
TEPSIN	0.011079	9.675232e+0	12840	32
RAB15	0.011078	9.674104e+0	12841	32
CELSR3	0.011076	9.672909e+0	12842	28
ADAP2	0.011075	9.672049e+0	12843	28
TSPAN14	0.011071	9.667991e+0	12844	32
LTO1	0.011071	9.667816e+0	12845	27
ADGRE5	0.011070	9.667346e+0	12846	30
CTNS	0.011067	9.664821e+0	12847	32
SLC22A13	0.011064	9.662307e+0	12848	31
LECT2	0.011063	9.660879e+0	12849	32
KLHDC1	0.011061	9.659832e+0	12850	27
PDE4C	0.011060	9.658503e+0	12851	30
SLC39A4	0.011057	9.655717e+0	12852	29
AEBP1	0.011053	9.652961e+0	12853	35
OR4F17	0.011053	9.652793e+0	12854	29
TSGA10	0.011052	9.651459e+0	12855	35
ZSCAN21	0.011050	9.650153e+0	12856	26
OR51E1	0.011050	9.650007e+0	12857	26
FAM167A	0.011048	9.648562e+0	12858	29
GPR35	0.011048	9.648247e+0	12859	30
VPS13B	0.011047	9.647229e+0	12860	34
PJA1	0.011045	9.645869e+0	12861	26
PGBD5	0.011041	9.642298e+0	12862	33
FAHD2A	0.011039	9.640010e+0	12863	35
TOM1L1	0.011035	9.637203e+0	12864	29
MPEG1	0.011035	9.636676e+0	12865	33
MEIOC	0.011034	9.635977e+0	12866	34
C16ORF54	0.011032	9.633968e+0	12867	30
RBBP9	0.011029	9.631732e+0	12868	33
SYCN	0.011029	9.631335e+0	12869	30
HSH2D	0.011027	9.630215e+0	12870	31
COCH	0.011026	9.629049e+0	12871	29
TSSK1B	0.011024	9.627391e+0	12872	31
CSNK1G3	0.011022	9.625712e+0	12873	27
FHDC1	0.011017	9.621131e+0	12874	30
PIFO	0.011015	9.619280e+0	12875	34
TEX2	0.011015	9.619122e+0	12876	37
OR1A1	0.011011	9.615593e+0	12877	29
PTP4A2	0.011008	9.613399e+0	12878	26
EN2	0.011007	9.611961e+0	12879	33
STK11IP	0.011006	9.611713e+0	12880	33
PNMA1	0.011006	9.611161e+0	12881	33
EFCAB7	0.011002	9.608241e+0	12882	30
SULT1A3	0.010997	9.603479e+0	12883	28
TTPA	0.010997	9.603226e+0	12884	30
TRMO	0.010994	9.600587e+0	12885	35
KNDC1	0.010992	9.599479e+0	12886	26
CCDC138	0.010991	9.598616e+0	12887	34
SLC7A2	0.010987	9.595058e+0	12888	35
OR52B6	0.010981	9.589926e+0	12889	29
CHL1	0.010981	9.589353e+0	12890	27
SVIP	0.010975	9.584812e+0	12891	22
IGSF8	0.010974	9.583347e+0	12892	29
ARMC1	0.010973	9.583044e+0	12893	32
ETFRF1	0.010973	9.582434e+0	12894	26
PPP1R17	0.010972	9.582065e+0	12895	29
LRRC8C	0.010972	9.581759e+0	12896	32
LRRC8D	0.010970	9.580046e+0	12897	33
RIOX2	0.010969	9.579233e+0	12898	29
EIPR1	0.010960	9.571533e+0	12899	29
ARL2BP	0.010960	9.571234e+0	12900	33
SCGB2A1	0.010959	9.570522e+0	12901	31
KREMEN2	0.010958	9.569814e+0	12902	24
ARHGEF16	0.010957	9.568650e+0	12903	33
C2CD4B	0.010953	9.564806e+0	12904	31
SLC4A9	0.010952	9.564566e+0	12905	33
CT45A9	0.010951	9.563866e+0	12906	26
MTSS1	0.010951	9.563761e+0	12907	29
PABPC1L2A	0.010948	9.560644e+0	12908	30
CXXC4	0.010947	9.559523e+0	12909	29
SLC45A1	0.010946	9.559428e+0	12910	36
CYLC1	0.010946	9.559325e+0	12911	33
CMTR2	0.010944	9.557448e+0	12912	31
DENND2B	0.010943	9.556087e+0	12913	29
HRH4	0.010940	9.554051e+0	12914	34
NR2C1	0.010937	9.551309e+0	12915	30
NTM	0.010931	9.545908e+0	12916	34
SLAIN2	0.010931	9.545705e+0	12917	32
LNPK	0.010930	9.545541e+0	12918	29
CCDC27	0.010924	9.539622e+0	12919	34
TRPC7	0.010924	9.539592e+0	12920	27
BPIFB2	0.010919	9.535762e+0	12921	33
RNF152	0.010918	9.534322e+0	12922	32
CSNK1A1L	0.010917	9.533623e+0	12923	20
FAM89A	0.010911	9.528551e+0	12924	27
UNC93A	0.010910	9.527915e+0	12925	34
PREX2	0.010910	9.527826e+0	12926	30
FBXO10	0.010904	9.522268e+0	12927	32
CT45A2	0.010903	9.521448e+0	12928	27
SLC4A5	0.010900	9.518778e+0	12929	34
PCBP4	0.010894	9.513981e+0	12930	32
CCDC77	0.010894	9.513818e+0	12931	33
HAPLN2	0.010892	9.512106e+0	12932	32
BNC2	0.010890	9.509971e+0	12933	35
EGR4	0.010888	9.508222e+0	12934	30
SLC14A1	0.010887	9.507487e+0	12935	34
MAST2	0.010876	9.497665e+0	12936	31
PSG2	0.010875	9.496898e+0	12937	26
CCDC137	0.010875	9.496657e+0	12938	31
RTN4IP1	0.010873	9.495718e+0	12939	32
MACO1	0.010873	9.494968e+0	12940	36
OR6F1	0.010869	9.492145e+0	12941	28
RHBDD2	0.010869	9.491893e+0	12942	31
UBR3	0.010869	9.491830e+0	12943	32
BLCAP	0.010869	9.491429e+0	12944	33
GPR6	0.010866	9.488837e+0	12945	32
PRB4	0.010857	9.481341e+0	12946	30
DOCK10	0.010854	9.479121e+0	12947	26
C18ORF21	0.010854	9.479013e+0	12948	29
CRACR2A	0.010854	9.478411e+0	12949	30
NENF	0.010853	9.477740e+0	12950	31
REG4	0.010852	9.477399e+0	12951	33
OR2D2	0.010850	9.475383e+0	12952	26
PTPN4	0.010849	9.474293e+0	12953	28
S100A16	0.010848	9.473253e+0	12954	31
CT45A6	0.010839	9.466080e+0	12955	27
RGMA	0.010838	9.464637e+0	12956	24
PTTG1IP	0.010837	9.463496e+0	12957	30
TTLL12	0.010833	9.460799e+0	12958	29
SYPL2	0.010832	9.459543e+0	12959	30
KCNK12	0.010827	9.454871e+0	12960	28
CAPG	0.010825	9.453387e+0	12961	32
ST6GALNAC2	0.010824	9.452804e+0	12962	33
OR9G1	0.010821	9.450183e+0	12963	28
OTOGL	0.010820	9.448660e+0	12964	30
TMED5	0.010818	9.447110e+0	12965	31
GABRR2	0.010816	9.445133e+0	12966	23
EXD3	0.010815	9.444498e+0	12967	33
RNF19A	0.010813	9.442718e+0	12968	30
ENSP00000451560	0.010812	9.442330e+0	12969	34
ARL6	0.010812	9.441670e+0	12970	24
ADGRA1	0.010810	9.440733e+0	12971	29
SIK3	0.010810	9.440454e+0	12972	31
MTMR9	0.010808	9.438746e+0	12973	28
PDE8B-2	0.010806	9.436936e+0	12974	32
TES	0.010803	9.434314e+0	12975	28
ANKRD20A2	0.010795	9.427492e+0	12976	34
GCM2	0.010794	9.426267e+0	12977	28
DMRT3	0.010790	9.422937e+0	12978	38
TLL2	0.010786	9.419612e+0	12979	32
VWA7	0.010784	9.417711e+0	12980	34
ANKRD50	0.010784	9.417294e+0	12981	32
NHLH2	0.010782	9.415694e+0	12982	31
CADM3	0.010781	9.415289e+0	12983	27
ENSP00000499734	0.010779	9.413611e+0	12984	15
EDIL3	0.010778	9.412083e+0	12985	33
RBM12	0.010773	9.408097e+0	12986	35
ADGRF5	0.010766	9.402210e+0	12987	31
PKNOX2	0.010766	9.402172e+0	12988	28
ACP4	0.010762	9.398277e+0	12989	33
SLC6A12	0.010758	9.395045e+0	12990	31
PPIAL4H	0.010757	9.393987e+0	12991	34
OR3A1	0.010755	9.392031e+0	12992	27
OR51Q1	0.010752	9.389414e+0	12993	26
SVBP	0.010746	9.384026e+0	12994	29
RNF145	0.010745	9.383281e+0	12995	32
CST1	0.010743	9.381877e+0	12996	30
SORCS2	0.010743	9.381755e+0	12997	30
ACBD4	0.010740	9.378979e+0	12998	33
ABHD13	0.010739	9.378114e+0	12999	33
CDCP1	0.010739	9.378097e+0	13000	28
KNOP1	0.010738	9.377014e+0	13001	32
HPSE2	0.010737	9.376953e+0	13002	27
SLC7A4	0.010735	9.375009e+0	13003	35
SLC35D2	0.010733	9.373021e+0	13004	24
C12ORF45	0.010730	9.370753e+0	13005	28
AAGAB	0.010729	9.369315e+0	13006	29
LOC114841035	0.010726	9.366916e+0	13007	22
FNDC10	0.010722	9.363526e+0	13008	31
HEPACAM	0.010722	9.363049e+0	13009	32
EEF2KMT	0.010720	9.361336e+0	13010	27
STC2	0.010716	9.358336e+0	13011	31
CFAP299	0.010716	9.358297e+0	13012	33
LRRC27	0.010708	9.351329e+0	13013	30
VWA3A	0.010708	9.351256e+0	13014	32
VASH1	0.010707	9.350777e+0	13015	31
WFDC5	0.010706	9.349908e+0	13016	32
PHOSPHO1	0.010704	9.347811e+0	13017	23
HEATR6	0.010704	9.347520e+0	13018	31
FBXO47	0.010704	9.347507e+0	13019	33
SKOR1	0.010702	9.346273e+0	13020	29
ATP8A1	0.010697	9.341334e+0	13021	23
CTBS	0.010695	9.339474e+0	13022	30
OR1E2	0.010691	9.336175e+0	13023	29
SLC29A3	0.010690	9.335199e+0	13024	31
GALNT15	0.010689	9.334745e+0	13025	32
LRRC57	0.010686	9.331948e+0	13026	34
OLIG3	0.010684	9.330411e+0	13027	31
CRHBP	0.010678	9.324915e+0	13028	26
ZNF511	0.010674	9.321531e+0	13029	29
SGSM1	0.010673	9.320927e+0	13030	26
HIGD2B	0.010673	9.320791e+0	13031	30
FOXRED2	0.010672	9.319562e+0	13032	28
CLIC1	0.010669	9.317375e+0	13033	31
OR51E2	0.010666	9.314584e+0	13034	25
GPATCH8	0.010664	9.312518e+0	13035	31
ABCG4	0.010662	9.311246e+0	13036	32
SPNS1	0.010662	9.311078e+0	13037	31
FAHD2B	0.010660	9.309103e+0	13038	33
LMO3	0.010657	9.306662e+0	13039	31
RNF25	0.010657	9.306409e+0	13040	30
NRSN1	0.010653	9.302828e+0	13041	31
TENT5A	0.010650	9.300987e+0	13042	32
NCOA7	0.010650	9.300718e+0	13043	29
SPATA13	0.010650	9.300429e+0	13044	25
RCAN3	0.010648	9.298820e+0	13045	30
CCNDBP1	0.010647	9.297870e+0	13046	28
YIPF3	0.010646	9.297030e+0	13047	27
TMEM201	0.010645	9.296071e+0	13048	30
ZDHHC3	0.010639	9.291375e+0	13049	30
TBC1D28	0.010639	9.290695e+0	13050	36
PAM	0.010639	9.290676e+0	13051	30
MARVELD3	0.010635	9.287150e+0	13052	29
FRMD3	0.010631	9.284221e+0	13053	31
ANKS3	0.010621	9.275427e+0	13054	27
FAM98B	0.010619	9.273581e+0	13055	26
SPNS2	0.010619	9.273549e+0	13056	28
ETNK2	0.010610	9.266054e+0	13057	27
L3HYPDH	0.010610	9.265392e+0	13058	29
RILPL1	0.010609	9.265171e+0	13059	31
FXYD4	0.010608	9.264071e+0	13060	27
IVNS1ABP	0.010608	9.263718e+0	13061	30
CREBZF	0.010607	9.263165e+0	13062	26
TMX4	0.010607	9.263127e+0	13063	34
TRIM46	0.010605	9.261425e+0	13064	29
RCAN2	0.010605	9.260911e+0	13065	31
DUSP23	0.010603	9.259574e+0	13066	32
HES6	0.010598	9.254754e+0	13067	30
RALGPS2	0.010594	9.251546e+0	13068	29
GRHL1	0.010589	9.247692e+0	13069	35
WDFY1	0.010588	9.246061e+0	13070	32
PRR35	0.010586	9.244401e+0	13071	27
METTL22	0.010580	9.239093e+0	13072	28
APBA3	0.010578	9.237335e+0	13073	28
USP35	0.010576	9.235682e+0	13074	30
RNF103	0.010575	9.235054e+0	13075	29
ARL4C	0.010573	9.233392e+0	13076	30
CPN1	0.010572	9.232665e+0	13077	26
HSPB9	0.010570	9.230658e+0	13078	30
PYURF	0.010565	9.226495e+0	13079	28
BBX	0.010564	9.225508e+0	13080	33
USP6NL	0.010563	9.224411e+0	13081	29
KRT72	0.010562	9.223319e+0	13082	35
CLEC2B	0.010553	9.215514e+0	13083	28
CELA1	0.010550	9.213081e+0	13084	29
EXOC3L1	0.010549	9.212125e+0	13085	22
OR1D5	0.010548	9.211251e+0	13086	27
LRP10	0.010548	9.211235e+0	13087	34
NAB1	0.010546	9.209358e+0	13088	28
RNF13	0.010545	9.209253e+0	13089	26
ARHGAP4	0.010545	9.208604e+0	13090	32
HSBP1	0.010544	9.208340e+0	13091	31
GPR101	0.010541	9.205500e+0	13092	33
MARCHF1	0.010540	9.204456e+0	13093	26
MAS1	0.010537	9.201563e+0	13094	28
PPEF2	0.010533	9.198219e+0	13095	33
GPR26	0.010531	9.197102e+0	13096	34
PGS1	0.010530	9.196111e+0	13097	24
TTC7B	0.010529	9.195110e+0	13098	30
KCTD11	0.010527	9.193428e+0	13099	27
DAZ4	0.010524	9.190390e+0	13100	23
ETV7	0.010522	9.188689e+0	13101	32
OCM	0.010517	9.184481e+0	13102	30
DSCAML1	0.010511	9.179134e+0	13103	32
MAP6D1	0.010511	9.179046e+0	13104	33
PHOX2A	0.010510	9.178426e+0	13105	26
LRIG2	0.010509	9.177504e+0	13106	31
OBI1	0.010504	9.172742e+0	13107	28
SPOCK1	0.010503	9.172160e+0	13108	32
ZMIZ2	0.010501	9.170799e+0	13109	31
ODAPH	0.010500	9.169923e+0	13110	25
REXO2	0.010495	9.165372e+0	13111	27
AMN	0.010495	9.165340e+0	13112	25
ANO3	0.010492	9.162251e+0	13113	30
TMEM175	0.010491	9.162149e+0	13114	30
ELF4	0.010491	9.161937e+0	13115	30
SHROOM3	0.010490	9.161281e+0	13116	31
DNASE1	0.010489	9.159713e+0	13117	34
FJX1	0.010487	9.158237e+0	13118	26
TRIM69	0.010484	9.155978e+0	13119	31
BEND7	0.010483	9.154476e+0	13120	32
SATL1	0.010481	9.152697e+0	13121	32
APPL2	0.010480	9.152534e+0	13122	27
TMEM41B	0.010480	9.152243e+0	13123	32
ATP10D	0.010478	9.150802e+0	13124	24
SLC6A20	0.010468	9.141597e+0	13125	27
FAM81B	0.010468	9.141565e+0	13126	34
KCNJ14	0.010466	9.140152e+0	13127	23
AGBL2	0.010466	9.140112e+0	13128	30
ANGPTL8	0.010465	9.139209e+0	13129	27
PLLP	0.010464	9.138271e+0	13130	29
ARMC5	0.010464	9.137948e+0	13131	27
FBXO48	0.010464	9.137877e+0	13132	34
LRRC34	0.010462	9.136707e+0	13133	31
LYPD2	0.010461	9.135839e+0	13134	31
TMEM212	0.010460	9.134335e+0	13135	31
RD3L	0.010459	9.134052e+0	13136	35
GSDMC	0.010458	9.133173e+0	13137	28
TXNDC8	0.010458	9.132958e+0	13138	33
MSGN1	0.010457	9.132109e+0	13139	29
TIMM29	0.010455	9.130673e+0	13140	27
PEAK1	0.010454	9.129469e+0	13141	31
OR51I1	0.010454	9.129405e+0	13142	21
HCAR3	0.010453	9.128884e+0	13143	27
GRIFIN	0.010453	9.128825e+0	13144	32
FOXO6	0.010451	9.126483e+0	13145	27
CLCNKA	0.010450	9.125507e+0	13146	27
LRRC4	0.010448	9.124557e+0	13147	30
HSPBAP1	0.010446	9.122611e+0	13148	29
SPATA46	0.010445	9.121403e+0	13149	29
MUC22	0.010442	9.118631e+0	13150	30
CCDC57	0.010439	9.116137e+0	13151	36
KRTAP10-1	0.010437	9.114586e+0	13152	28
CPLANE2	0.010432	9.110182e+0	13153	29
PLCL1	0.010431	9.109016e+0	13154	18
SSH3	0.010426	9.105276e+0	13155	22
PCOLCE2	0.010426	9.104622e+0	13156	30
ZNF385B	0.010426	9.104558e+0	13157	32
ADAMTS12	0.010423	9.102033e+0	13158	28
BTNL8	0.010417	9.097193e+0	13159	31
OR4L1	0.010417	9.096935e+0	13160	27
DGCR6	0.010407	9.088777e+0	13161	27
CA3	0.010407	9.088009e+0	13162	28
PRELID1	0.010405	9.086466e+0	13163	29
RTN4RL1	0.010402	9.084134e+0	13164	32
OR10H5	0.010397	9.080068e+0	13165	27
LCORL	0.010393	9.076075e+0	13166	29
RSPO4	0.010393	9.076071e+0	13167	25
OR10G3	0.010392	9.075557e+0	13168	26
UBN2	0.010392	9.075264e+0	13169	29
ZAR1	0.010392	9.075243e+0	13170	29
EBI3	0.010391	9.074049e+0	13171	22
OBP2A	0.010389	9.073023e+0	13172	31
BHLHA9	0.010388	9.072086e+0	13173	29
ZNRF2	0.010388	9.071822e+0	13174	30
CNN3	0.010385	9.069333e+0	13175	32
RELCH	0.010384	9.068362e+0	13176	32
LRMP	0.010384	9.068056e+0	13177	33
APCDD1	0.010383	9.067124e+0	13178	29
SLC26A9	0.010382	9.066733e+0	13179	31
TDRD6	0.010377	9.062065e+0	13180	26
PMFBP1	0.010371	9.057167e+0	13181	31
C4ORF47	0.010371	9.056617e+0	13182	30
ALKBH4	0.010368	9.054535e+0	13183	25
RAB41	0.010367	9.053876e+0	13184	29
CCDC88C	0.010366	9.052644e+0	13185	29
CA8	0.010362	9.048765e+0	13186	29
IQCG	0.010358	9.045629e+0	13187	28
KRT79	0.010358	9.045187e+0	13188	35
ARL6IP5	0.010356	9.044075e+0	13189	27
SLC22A10	0.010356	9.043468e+0	13190	34
C9ORF131	0.010354	9.042122e+0	13191	32
ADCK1	0.010351	9.039547e+0	13192	30
SYT8	0.010351	9.039514e+0	13193	30
OR2D3	0.010351	9.039338e+0	13194	23
WDR27	0.010346	9.035428e+0	13195	32
TSPAN15	0.010344	9.033279e+0	13196	27
TM2D2	0.010340	9.030267e+0	13197	30
TERB2	0.010331	9.021937e+0	13198	27
ALPK1	0.010330	9.021350e+0	13199	30
CCDC73	0.010328	9.019165e+0	13200	32
CRYGA	0.010327	9.018329e+0	13201	30
DPPA2	0.010326	9.017621e+0	13202	28
FNDC4	0.010319	9.011117e+0	13203	32
THAP11	0.010315	9.007864e+0	13204	23
MRFAP1	0.010310	9.003360e+0	13205	29
PANK1	0.010309	9.003195e+0	13206	21
ARPIN	0.010308	9.001905e+0	13207	22
TXNDC17	0.010307	9.001295e+0	13208	27
MXRA5	0.010301	8.995926e+0	13209	31
PLEKHA2	0.010301	8.995577e+0	13210	30
ELMOD2	0.010300	8.995173e+0	13211	30
SNCG	0.010299	8.993650e+0	13212	31
KRTAP12-3	0.010297	8.992248e+0	13213	27
UBAP1L	0.010296	8.991582e+0	13214	28
KANK4	0.010289	8.984924e+0	13215	29
AKTIP	0.010288	8.984366e+0	13216	24
PADI6	0.010288	8.984174e+0	13217	26
OR10S1	0.010287	8.983348e+0	13218	27
SMIM17	0.010286	8.982681e+0	13219	33
KRTAP21-1	0.010286	8.982645e+0	13220	27
GPR52	0.010285	8.981920e+0	13221	29
SYNGR3	0.010285	8.981455e+0	13222	29
PRR20A	0.010284	8.981290e+0	13223	20
CHN2	0.010276	8.973848e+0	13224	31
KRTCAP3	0.010272	8.970773e+0	13225	34
KRT40	0.010270	8.968632e+0	13226	36
CHST8	0.010269	8.967491e+0	13227	29
CPXCR1	0.010268	8.966883e+0	13228	32
PLEKHG1	0.010267	8.966282e+0	13229	34
CCDC180	0.010267	8.965857e+0	13230	29
CCDC186	0.010266	8.964920e+0	13231	32
FAT2	0.010264	8.963181e+0	13232	32
PPM1K	0.010261	8.961063e+0	13233	27
SLC12A6	0.010261	8.960709e+0	13234	29
GLDN	0.010259	8.958791e+0	13235	28
DNAJC25-GNG10	0.010255	8.955272e+0	13236	36
ENTR1	0.010252	8.952638e+0	13237	30
USP17L4	0.010249	8.950822e+0	13238	34
THAP6	0.010249	8.950117e+0	13239	33
FCGR1B	0.010248	8.949492e+0	13240	31
ZBTB14	0.010247	8.948645e+0	13241	29
BPNT1	0.010242	8.944708e+0	13242	27
OTP	0.010241	8.943488e+0	13243	29
KCNK6	0.010239	8.941700e+0	13244	27
HSD17B13	0.010235	8.938122e+0	13245	29
SNRK	0.010233	8.936554e+0	13246	29
PKD2L2	0.010228	8.932424e+0	13247	29
L3MBTL3	0.010228	8.932086e+0	13248	27
VCX3A	0.010227	8.930912e+0	13249	25
POGLUT1	0.010226	8.930272e+0	13250	27
CAMTA1	0.010224	8.928812e+0	13251	29
KRTAP10-8	0.010224	8.928530e+0	13252	27
SLC25A14	0.010216	8.921384e+0	13253	28
ASGR2	0.010215	8.920301e+0	13254	26
MTMR10	0.010214	8.919894e+0	13255	26
URB2	0.010212	8.917898e+0	13256	29
RAMAC	0.010210	8.916735e+0	13257	21
DPPA5	0.010208	8.914940e+0	13258	27
SLC6A6	0.010208	8.914271e+0	13259	32
HSD17B11	0.010205	8.912318e+0	13260	33
CDRT15L2	0.010200	8.907990e+0	13261	30
MT1A	0.010200	8.907418e+0	13262	28
OR10A5	0.010196	8.903875e+0	13263	22
RAB17	0.010195	8.903661e+0	13264	29
MAGEB2	0.010194	8.902660e+0	13265	33
PCIF1	0.010193	8.901227e+0	13266	30
SLC16A9	0.010192	8.900744e+0	13267	29
KIRREL2	0.010192	8.900528e+0	13268	28
MIER2	0.010185	8.894359e+0	13269	27
PINLYP	0.010183	8.893034e+0	13270	29
OR7D2	0.010181	8.890896e+0	13271	27
RNASE12	0.010179	8.889488e+0	13272	32
LOXL3	0.010174	8.885259e+0	13273	29
COMTD1	0.010174	8.885229e+0	13274	33
GPR158	0.010173	8.884122e+0	13275	28
NPM3	0.010171	8.881916e+0	13276	29
ZBTB20	0.010169	8.880283e+0	13277	32
DEAF1	0.010167	8.879010e+0	13278	28
C2ORF16	0.010166	8.877554e+0	13279	32
GIMAP7	0.010162	8.874760e+0	13280	27
CLRN3	0.010160	8.872507e+0	13281	32
OSBPL2	0.010156	8.869148e+0	13282	29
ABTB1	0.010151	8.864814e+0	13283	29
PSG6	0.010149	8.862970e+0	13284	24
RDH13	0.010145	8.859699e+0	13285	32
OR52D1	0.010143	8.858212e+0	13286	21
ABHD17B	0.010141	8.856174e+0	13287	32
PLP2	0.010136	8.851520e+0	13288	27
GPR22	0.010130	8.846826e+0	13289	30
DOK5	0.010125	8.842371e+0	13290	28
ARHGEF38	0.010125	8.841728e+0	13291	31
UNK	0.010123	8.840749e+0	13292	31
PRG2	0.010122	8.839416e+0	13293	25
SNX10	0.010117	8.835168e+0	13294	30
F6UB75_HUMAN	0.010115	8.833135e+0	13295	23
OLFM1	0.010114	8.832469e+0	13296	29
OARD1	0.010113	8.831815e+0	13297	27
OR10G7	0.010112	8.831053e+0	13298	24
OR7G3	0.010112	8.830942e+0	13299	26
RS1	0.010111	8.829997e+0	13300	28
THUMPD1	0.010111	8.829802e+0	13301	29
CLTRN	0.010110	8.829414e+0	13302	27
PLA1A	0.010109	8.828356e+0	13303	21
SMOC1	0.010109	8.827877e+0	13304	32
OR2W1	0.010107	8.826625e+0	13305	27
RHBDF1	0.010107	8.826616e+0	13306	29
PHETA1	0.010103	8.823147e+0	13307	26
GALNT17	0.010103	8.822791e+0	13308	31
PHF7	0.010098	8.818770e+0	13309	30
MMAA	0.010096	8.817070e+0	13310	19
LIPI	0.010096	8.816641e+0	13311	26
USP41	0.010095	8.815950e+0	13312	29
MS4A12	0.010094	8.815468e+0	13313	27
MFNG	0.010091	8.812516e+0	13314	24
KCNJ18	0.010089	8.810616e+0	13315	18
MRS2	0.010086	8.807642e+0	13316	28
SLC19A3	0.010084	8.806517e+0	13317	31
MSS51	0.010080	8.803107e+0	13318	29
ARL15	0.010079	8.802012e+0	13319	32
KRT23	0.010074	8.797527e+0	13320	35
DPH6	0.010072	8.795527e+0	13321	27
CCDC78	0.010069	8.793342e+0	13322	31
DNTTIP1	0.010068	8.792191e+0	13323	25
AFAP1	0.010066	8.790947e+0	13324	29
EFS	0.010063	8.788284e+0	13325	27
TRIM62	0.010060	8.785300e+0	13326	32
TTC28	0.010056	8.782132e+0	13327	32
SLC16A10	0.010056	8.782084e+0	13328	28
C12ORF57	0.010053	8.779633e+0	13329	27
KRTAP21-2	0.010043	8.770444e+0	13330	24
B3GNT7	0.010041	8.768674e+0	13331	34
APOBEC4	0.010039	8.767367e+0	13332	19
PATE4	0.010036	8.764806e+0	13333	28
ICAM4	0.010036	8.764608e+0	13334	26
SPPL2C	0.010035	8.763630e+0	13335	30
ATP11B	0.010035	8.763593e+0	13336	26
RNPEP	0.010032	8.760906e+0	13337	30
SLC31A2	0.010027	8.756227e+0	13338	28
C5ORF22	0.010025	8.754515e+0	13339	30
CMTM5	0.010016	8.747075e+0	13340	26
MBOAT7	0.010015	8.746415e+0	13341	23
OR5C1	0.010012	8.743616e+0	13342	25
LAPTM4B	0.010009	8.741216e+0	13343	27
FRMD7	0.010008	8.740024e+0	13344	28
SLC6A13	0.010007	8.738798e+0	13345	28
CD101	0.010005	8.737297e+0	13346	31
GLIS1	0.010000	8.733276e+0	13347	29
SERTAD4	0.009998	8.731145e+0	13348	25
SLC9C1	0.009997	8.730331e+0	13349	27
CCDC74A	0.009996	8.729729e+0	13350	27
FAM111A	0.009995	8.728278e+0	13351	32
NIT1	0.009993	8.727052e+0	13352	32
TXLNB	0.009989	8.723559e+0	13353	27
SLC43A2	0.009988	8.722689e+0	13354	27
SLC35E1	0.009988	8.722602e+0	13355	28
CCDC84	0.009979	8.714798e+0	13356	30
RAB40C	0.009978	8.713527e+0	13357	28
LGALS2	0.009978	8.713341e+0	13358	27
NUDT18	0.009977	8.713159e+0	13359	26
ZNF462	0.009972	8.708276e+0	13360	28
TCP10	0.009972	8.708196e+0	13361	29
CIAO2A	0.009971	8.707331e+0	13362	25
SERINC3	0.009970	8.706809e+0	13363	29
SLC14A2	0.009970	8.706791e+0	13364	30
CCDC189	0.009970	8.706782e+0	13365	29
LEPROTL1	0.009967	8.704542e+0	13366	30
FAM126A	0.009964	8.701348e+0	13367	26
RBM46	0.009962	8.699645e+0	13368	32
STH	0.009960	8.697816e+0	13369	24
THG1L	0.009958	8.696615e+0	13370	31
TNS4	0.009955	8.693857e+0	13371	26
ARHGEF19	0.009952	8.691383e+0	13372	29
CSAG3	0.009949	8.688436e+0	13373	30
TMEM145	0.009949	8.688282e+0	13374	30
TBX19	0.009949	8.688155e+0	13375	26
NOSIP	0.009946	8.685742e+0	13376	28
HOXC11	0.009941	8.681659e+0	13377	27
SIRPB1	0.009934	8.675055e+0	13378	24
VWA8	0.009933	8.674302e+0	13379	31
TMTC2	0.009932	8.673599e+0	13380	34
SYNC	0.009932	8.673480e+0	13381	24
PARD3B	0.009929	8.671200e+0	13382	26
ELAC1	0.009927	8.669372e+0	13383	29
FAM219A	0.009927	8.668952e+0	13384	30
CDHR5	0.009926	8.668138e+0	13385	26
CEACAM3	0.009925	8.667779e+0	13386	30
TSPAN7	0.009922	8.664883e+0	13387	30
MEI4	0.009922	8.664568e+0	13388	24
SEMA3G	0.009922	8.664459e+0	13389	28
FBXL6	0.009919	8.662580e+0	13390	28
ERAS	0.009919	8.662511e+0	13391	29
CRLF3	0.009916	8.659967e+0	13392	27
RAB12	0.009915	8.658699e+0	13393	27
ENOSF1	0.009915	8.658349e+0	13394	31
WDYHV1	0.009914	8.658146e+0	13395	29
KLHL6	0.009909	8.653520e+0	13396	31
MLXIP	0.009908	8.652226e+0	13397	22
CNPY3	0.009905	8.650182e+0	13398	24
OR2H2	0.009905	8.649635e+0	13399	25
RHBDL2	0.009902	8.647272e+0	13400	26
CD320	0.009897	8.643284e+0	13401	22
SLC39A3	0.009896	8.642169e+0	13402	24
LRFN3	0.009894	8.640136e+0	13403	29
FAM72D	0.009893	8.639708e+0	13404	32
TPGS1	0.009893	8.639370e+0	13405	24
MKX	0.009893	8.639240e+0	13406	29
PRDM13	0.009892	8.638891e+0	13407	34
LRRC25	0.009887	8.634235e+0	13408	31
ZDHHC22	0.009886	8.633114e+0	13409	26
PRRX2	0.009885	8.632859e+0	13410	32
KRTAP25-1	0.009881	8.629424e+0	13411	26
OR2T1	0.009874	8.622679e+0	13412	25
LOC102724770	0.009872	8.621206e+0	13413	26
ZZEF1	0.009871	8.619933e+0	13414	32
PIGF	0.009870	8.619685e+0	13415	22
FSCB	0.009870	8.619455e+0	13416	30
TSPAN16	0.009869	8.618544e+0	13417	28
STAP1	0.009867	8.617178e+0	13418	27
TSSK2	0.009862	8.612588e+0	13419	31
BARHL1	0.009861	8.611191e+0	13420	30
RNF223	0.009860	8.610901e+0	13421	26
SPANXC	0.009858	8.608763e+0	13422	29
GPR142	0.009852	8.603512e+0	13423	29
ZFHX4	0.009851	8.603205e+0	13424	29
TMEM95	0.009849	8.601116e+0	13425	29
HRH2	0.009849	8.601088e+0	13426	24
OR1N2	0.009845	8.597664e+0	13427	26
PTPN21	0.009845	8.597155e+0	13428	25
TRERF1	0.009844	8.596574e+0	13429	28
RGMB	0.009842	8.594957e+0	13430	18
CTSO	0.009841	8.594328e+0	13431	27
FRMD1	0.009837	8.590969e+0	13432	29
ZSWIM5	0.009835	8.588987e+0	13433	25
MCUR1	0.009835	8.588587e+0	13434	21
KRT26	0.009834	8.588145e+0	13435	34
FXYD5	0.009833	8.587307e+0	13436	27
GALNTL6	0.009832	8.586244e+0	13437	30
FCMR	0.009831	8.585591e+0	13438	30
TEX35	0.009831	8.585066e+0	13439	24
BTBD10	0.009829	8.583753e+0	13440	29
MT1X	0.009828	8.583119e+0	13441	23
RFFL	0.009828	8.582666e+0	13442	29
CHRDL2	0.009826	8.581191e+0	13443	27
ZMAT3	0.009825	8.580264e+0	13444	28
CDC42EP5	0.009823	8.578323e+0	13445	23
OR4N5	0.009819	8.575317e+0	13446	27
PTOV1	0.009819	8.574917e+0	13447	27
SEZ6L	0.009818	8.574408e+0	13448	31
GAREM1	0.009818	8.574387e+0	13449	28
SRCIN1	0.009818	8.574188e+0	13450	26
KLK14	0.009817	8.573348e+0	13451	28
METTL2A	0.009816	8.572298e+0	13452	31
OR10G4	0.009815	8.571758e+0	13453	24
E9PSI1_HUMAN	0.009811	8.567583e+0	13454	26
ARHGAP10	0.009808	8.565161e+0	13455	22
RAPGEF5	0.009805	8.562933e+0	13456	21
OR13C3	0.009803	8.561149e+0	13457	25
MST1	0.009802	8.559937e+0	13458	25
AADACL3	0.009801	8.558937e+0	13459	29
DAND5	0.009793	8.551803e+0	13460	28
SIAE	0.009789	8.548808e+0	13461	29
EML1	0.009789	8.548287e+0	13462	28
SYDE1	0.009788	8.548230e+0	13463	30
LHFPL4	0.009787	8.546587e+0	13464	29
NEURL1B	0.009785	8.545118e+0	13465	30
SAMD4A	0.009783	8.543125e+0	13466	27
CRYBA2	0.009781	8.541858e+0	13467	28
GLRB	0.009781	8.541512e+0	13468	22
OR8K3	0.009781	8.541403e+0	13469	25
LACTB	0.009777	8.537894e+0	13470	25
OR10A4	0.009776	8.537056e+0	13471	22
SPOCD1	0.009774	8.535988e+0	13472	29
LY6L	0.009773	8.535116e+0	13473	26
TANGO2	0.009773	8.534717e+0	13474	28
GPR34	0.009769	8.531625e+0	13475	27
ABHD12B	0.009766	8.529017e+0	13476	30
FIGNL1	0.009766	8.528398e+0	13477	28
OR1D2	0.009765	8.528010e+0	13478	23
FITM2	0.009763	8.526401e+0	13479	29
OR2F1	0.009759	8.522874e+0	13480	25
C11ORF58	0.009759	8.522565e+0	13481	29
TPST2	0.009759	8.522467e+0	13482	29
SPANXD	0.009759	8.522283e+0	13483	30
PODXL2	0.009753	8.516845e+0	13484	25
ARID5A	0.009751	8.515758e+0	13485	28
CPNE3	0.009746	8.511058e+0	13486	33
FBXO8	0.009745	8.509907e+0	13487	28
OR10A2	0.009744	8.509636e+0	13488	23
AARSD1	0.009744	8.509447e+0	13489	28
NDFIP2	0.009743	8.508774e+0	13490	25
PTER	0.009743	8.508623e+0	13491	29
TIPARP	0.009740	8.505957e+0	13492	28
FBXO30	0.009738	8.503862e+0	13493	26
ARHGAP29	0.009737	8.503384e+0	13494	25
NMT2	0.009736	8.502811e+0	13495	29
CNPY2	0.009735	8.501704e+0	13496	26
LIX1L	0.009732	8.499264e+0	13497	30
BIN3	0.009732	8.498990e+0	13498	24
SLC17A5	0.009726	8.493251e+0	13499	28
CCDC42	0.009725	8.493078e+0	13500	30
AQP12A	0.009720	8.488541e+0	13501	20
YJEFN3	0.009720	8.488017e+0	13502	29
USP53	0.009719	8.487906e+0	13503	32
NBEAL2	0.009719	8.487779e+0	13504	30
TMCO6	0.009717	8.486052e+0	13505	29
C20ORF85	0.009716	8.484648e+0	13506	29
NAALADL2	0.009715	8.484098e+0	13507	30
PTPN9	0.009715	8.484080e+0	13508	27
C16ORF92	0.009715	8.483816e+0	13509	28
RELT	0.009710	8.480125e+0	13510	27
FAM117B	0.009710	8.479886e+0	13511	26
HS3ST4	0.009709	8.479089e+0	13512	27
CD8B2	0.009707	8.476862e+0	13513	20
ADAMTS10	0.009706	8.476324e+0	13514	26
TOGARAM1	0.009704	8.474120e+0	13515	30
NUDT11	0.009702	8.472699e+0	13516	30
AGMO	0.009699	8.470122e+0	13517	27
CHAMP1	0.009697	8.468292e+0	13518	25
CCDC187	0.009696	8.467415e+0	13519	32
NRROS	0.009693	8.464483e+0	13520	31
NFKBID	0.009692	8.464341e+0	13521	24
ZGRF1	0.009692	8.463694e+0	13522	28
ARL4A	0.009690	8.462165e+0	13523	24
SLC35B4	0.009689	8.461496e+0	13524	22
AHRR-2	0.009686	8.458967e+0	13525	23
SLC12A7	0.009685	8.457573e+0	13526	31
CALCOCO1	0.009684	8.456724e+0	13527	26
MC5R	0.009682	8.454855e+0	13528	26
PHACTR2	0.009681	8.454565e+0	13529	32
SEL1L3	0.009679	8.452851e+0	13530	27
KLK15	0.009677	8.450629e+0	13531	28
TECRL	0.009675	8.449238e+0	13532	24
SACS	0.009674	8.448388e+0	13533	30
OR7G2	0.009672	8.446179e+0	13534	25
PEAR1	0.009671	8.445473e+0	13535	29
ZCCHC9	0.009668	8.443221e+0	13536	29
CAPN6	0.009654	8.430965e+0	13537	27
SLC9B1	0.009652	8.429357e+0	13538	29
OR2B11	0.009651	8.428080e+0	13539	25
FHL3	0.009650	8.427567e+0	13540	28
LENG8	0.009650	8.427136e+0	13541	28
ZSWIM6	0.009647	8.424995e+0	13542	25
RHPN2	0.009645	8.422590e+0	13543	28
OR14J1	0.009643	8.421175e+0	13544	24
GSTT4	0.009643	8.421034e+0	13545	29
ADTRP	0.009642	8.420675e+0	13546	32
ARHGAP22	0.009642	8.420515e+0	13547	29
MAP7	0.009635	8.414479e+0	13548	26
FAM216B	0.009633	8.412437e+0	13549	29
PRDM5	0.009632	8.411192e+0	13550	30
NXNL1	0.009631	8.410276e+0	13551	26
GJD4	0.009630	8.409878e+0	13552	32
CRIM1	0.009627	8.407119e+0	13553	29
RANBP17	0.009625	8.405867e+0	13554	26
C12ORF56	0.009625	8.405239e+0	13555	31
EPM2AIP1	0.009624	8.404847e+0	13556	27
RTN4RL2	0.009620	8.401470e+0	13557	29
SSMEM1	0.009618	8.399746e+0	13558	29
ARL14EP	0.009618	8.399312e+0	13559	26
FAM72C	0.009616	8.397629e+0	13560	30
OR5P3	0.009612	8.394440e+0	13561	24
SFXN4	0.009609	8.391516e+0	13562	33
AMZ1	0.009609	8.391442e+0	13563	32
OR10H2	0.009609	8.391234e+0	13564	24
OSBPL9	0.009605	8.388102e+0	13565	26
VWCE	0.009605	8.387960e+0	13566	27
ARHGAP6	0.009604	8.386780e+0	13567	29
KIAA0319L	0.009603	8.386574e+0	13568	28
ANKRD54	0.009602	8.385087e+0	13569	29
RADX	0.009600	8.383343e+0	13570	26
NUDT6	0.009597	8.381423e+0	13571	28
CLCN4	0.009596	8.380444e+0	13572	28
PROZ	0.009593	8.377208e+0	13573	28
LRRC49	0.009589	8.374432e+0	13574	22
IQCD	0.009589	8.374426e+0	13575	29
DACH2	0.009589	8.374245e+0	13576	27
FCRL2	0.009587	8.372197e+0	13577	27
TMED4	0.009585	8.370173e+0	13578	25
WFIKKN1	0.009584	8.369914e+0	13579	26
FBXL22	0.009583	8.369170e+0	13580	28
OR6S1	0.009583	8.368461e+0	13581	24
LRRC26	0.009579	8.365572e+0	13582	26
LRRC58	0.009577	8.363535e+0	13583	31
OR10J5	0.009576	8.362401e+0	13584	23
SCARA3	0.009572	8.359505e+0	13585	29
C12ORF10	0.009570	8.357649e+0	13586	27
AP1AR	0.009566	8.354335e+0	13587	25
ZSCAN18	0.009565	8.353220e+0	13588	25
NELL2	0.009563	8.351226e+0	13589	27
TEX9	0.009559	8.347970e+0	13590	30
NAA80	0.009557	8.345670e+0	13591	20
LRRC37A	0.009555	8.344148e+0	13592	29
CCDC127	0.009550	8.340389e+0	13593	27
PRR4	0.009542	8.332989e+0	13594	28
CEACAM4	0.009530	8.322605e+0	13595	30
SLC29A4	0.009530	8.322299e+0	13596	25
GXYLT1	0.009529	8.321840e+0	13597	27
OR52L1	0.009529	8.321286e+0	13598	24
PKDCC	0.009528	8.320967e+0	13599	31
SERPINB12	0.009527	8.319689e+0	13600	29
TMEM87A	0.009524	8.317594e+0	13601	34
FAM110B	0.009524	8.317574e+0	13602	27
TUFT1	0.009522	8.315281e+0	13603	21
HERC1	0.009522	8.315277e+0	13604	26
GABRR3	0.009522	8.315123e+0	13605	22
TSHZ3	0.009521	8.314667e+0	13606	32
IRX2	0.009520	8.313429e+0	13607	30
SLC13A2	0.009518	8.311672e+0	13608	29
GOLPH3L	0.009517	8.310887e+0	13609	30
SPX	0.009512	8.306740e+0	13610	21
CAPN9	0.009508	8.302873e+0	13611	29
SLC5A6	0.009507	8.302216e+0	13612	30
RBMS3	0.009504	8.299938e+0	13613	29
SLC35G6	0.009501	8.297378e+0	13614	32
OR2W3	0.009501	8.297136e+0	13615	23
TBX15	0.009497	8.294067e+0	13616	31
TM9SF2	0.009495	8.291537e+0	13617	28
ABHD16B	0.009489	8.287129e+0	13618	29
USP54	0.009489	8.286811e+0	13619	31
SCFD2	0.009488	8.286023e+0	13620	19
OR2T4	0.009487	8.285283e+0	13621	24
DENND5A	0.009484	8.282699e+0	13622	28
KIAA1143	0.009484	8.282373e+0	13623	24
IL36A	0.009482	8.280276e+0	13624	25
CCDC34	0.009480	8.278488e+0	13625	30
ZNF483	0.009477	8.276160e+0	13626	24
PSG8	0.009474	8.273873e+0	13627	24
CLK4	0.009472	8.272091e+0	13628	28
FAM185A	0.009467	8.267572e+0	13629	26
KRT73	0.009466	8.266748e+0	13630	32
SNX31	0.009465	8.265838e+0	13631	29
CLVS2	0.009458	8.259770e+0	13632	30
KRTAP10-3	0.009458	8.259557e+0	13633	27
PTPRM	0.009457	8.259090e+0	13634	26
VCPKMT	0.009457	8.258568e+0	13635	24
IQSEC3	0.009454	8.255832e+0	13636	27
MCTS2P	0.009451	8.253154e+0	13637	26
MAGED4	0.009446	8.249056e+0	13638	25
ACTRT3	0.009442	8.245319e+0	13639	28
SYT10	0.009438	8.242530e+0	13640	28
TM4SF5	0.009438	8.242434e+0	13641	26
SPINT4	0.009437	8.241387e+0	13642	27
DHRS7B	0.009436	8.240389e+0	13643	30
VRTN	0.009430	8.235133e+0	13644	27
CMAS	0.009425	8.230858e+0	13645	26
EXOC1L	0.009423	8.228781e+0	13646	18
ST6GALNAC6	0.009421	8.227098e+0	13647	26
HTN1	0.009420	8.226140e+0	13648	25
OR2AT4	0.009419	8.225787e+0	13649	24
FRMD8	0.009419	8.225737e+0	13650	29
RHBDD1	0.009419	8.225538e+0	13651	29
MAP4K3	0.009415	8.222133e+0	13652	23
ABLIM3	0.009413	8.220749e+0	13653	23
CORIN	0.009412	8.219344e+0	13654	27
RHBDF2	0.009408	8.216253e+0	13655	25
GPBP1L1	0.009406	8.214470e+0	13656	25
OR56A4	0.009405	8.213480e+0	13657	23
TTLL11	0.009404	8.212237e+0	13658	31
MRAP2	0.009403	8.211313e+0	13659	24
KRTAP9-7	0.009402	8.210815e+0	13660	29
GALNT7	0.009398	8.207475e+0	13661	27
SCX	0.009397	8.206243e+0	13662	27
CFAP97	0.009395	8.204763e+0	13663	28
TRIM65	0.009391	8.201214e+0	13664	27
ZNF711	0.009391	8.201194e+0	13665	28
GSG1L	0.009390	8.200310e+0	13666	25
CNPY1	0.009387	8.197441e+0	13667	27
NAXD	0.009385	8.195841e+0	13668	25
UPK3A	0.009380	8.191117e+0	13669	24
OXLD1	0.009379	8.190210e+0	13670	28
ANKRD31	0.009378	8.189590e+0	13671	26
NPAS1	0.009377	8.188915e+0	13672	27
HMGN3	0.009377	8.188902e+0	13673	27
OR4Q3	0.009374	8.186027e+0	13674	24
TBRG1	0.009373	8.185757e+0	13675	29
DYM	0.009372	8.184208e+0	13676	30
GALNT16	0.009371	8.184053e+0	13677	29
SNX24	0.009371	8.183785e+0	13678	25
ANTKMT	0.009369	8.181829e+0	13679	30
AGFG2	0.009368	8.181375e+0	13680	28
ABCB9	0.009366	8.179507e+0	13681	24
JADE2	0.009366	8.179474e+0	13682	23
TIGD5	0.009364	8.177814e+0	13683	30
TTI2	0.009359	8.173030e+0	13684	21
LRRIQ3	0.009357	8.171435e+0	13685	28
SNX7	0.009353	8.167627e+0	13686	24
LRRC61	0.009352	8.167288e+0	13687	29
TMEM51	0.009350	8.164889e+0	13688	33
CBWD1	0.009348	8.163144e+0	13689	28
HIGD1B	0.009347	8.162372e+0	13690	28
ZDHHC2	0.009346	8.161738e+0	13691	28
HEBP2	0.009344	8.160346e+0	13692	21
CRYGB	0.009341	8.157574e+0	13693	26
SLC22A16	0.009337	8.154052e+0	13694	30
TMEM225	0.009337	8.153801e+0	13695	27
FAM71D	0.009335	8.152371e+0	13696	29
SEMA3D	0.009334	8.151263e+0	13697	25
HNF4G	0.009333	8.150150e+0	13698	26
CRAMP1	0.009331	8.149033e+0	13699	27
ETFBKMT	0.009330	8.148047e+0	13700	23
POTEM	0.009330	8.147699e+0	13701	31
GJD3	0.009326	8.144720e+0	13702	23
TRIM6-TRIM34	0.009325	8.143854e+0	13703	27
SLC35G1	0.009322	8.140554e+0	13704	28
RHCG	0.009319	8.138248e+0	13705	28
KRTAP19-8	0.009317	8.136598e+0	13706	28
OR8B8	0.009316	8.135826e+0	13707	21
CCDC201	0.009315	8.134932e+0	13708	25
SMCO1	0.009313	8.132605e+0	13709	26
STEAP1	0.009312	8.131846e+0	13710	26
ADAMTSL2	0.009311	8.130927e+0	13711	25
NYNRIN	0.009309	8.129874e+0	13712	29
ORMDL1	0.009306	8.127060e+0	13713	21
TTLL4	0.009303	8.124118e+0	13714	28
USP17L19	0.009303	8.124118e+0	13715	32
CLCF1	0.009300	8.121938e+0	13716	20
TMCC2	0.009300	8.121800e+0	13717	27
MEX3B	0.009293	8.115595e+0	13718	24
NEU3	0.009292	8.114989e+0	13719	23
ANP32B	0.009292	8.114399e+0	13720	26
SLC5A3	0.009290	8.112680e+0	13721	26
SCRT1	0.009288	8.111376e+0	13722	31
KRT39	0.009287	8.110507e+0	13723	33
LCN8	0.009287	8.110315e+0	13724	26
ZSCAN23	0.009285	8.108466e+0	13725	24
OR2J3	0.009282	8.106014e+0	13726	23
RCSD1	0.009281	8.104852e+0	13727	24
GAS2	0.009278	8.102449e+0	13728	22
AOPEP	0.009276	8.101037e+0	13729	27
METTL11B	0.009276	8.100725e+0	13730	31
MROH6	0.009275	8.099894e+0	13731	26
FUCA2	0.009272	8.096979e+0	13732	26
C1ORF146	0.009272	8.096849e+0	13733	23
HAPLN4	0.009269	8.094999e+0	13734	27
OR10A3	0.009269	8.094727e+0	13735	24
TNFRSF10C	0.009268	8.094028e+0	13736	22
PDE11A-2	0.009267	8.092636e+0	13737	27
U3KQK5_HUMAN	0.009266	8.092092e+0	13738	26
FAM3C	0.009262	8.088412e+0	13739	29
SLC13A4	0.009260	8.086832e+0	13740	25
MXD4	0.009258	8.085217e+0	13741	20
PTPN18	0.009257	8.084332e+0	13742	25
FETUB	0.009257	8.083891e+0	13743	27
HIVEP1	0.009255	8.082029e+0	13744	28
ZNRF1	0.009252	8.079610e+0	13745	26
QPCT	0.009250	8.078172e+0	13746	30
MFSD13A	0.009249	8.077348e+0	13747	28
KDM4E	0.009249	8.076988e+0	13748	28
RNF167	0.009247	8.075789e+0	13749	25
MESD	0.009247	8.075510e+0	13750	25
TSGA13	0.009247	8.075429e+0	13751	24
FILIP1	0.009243	8.071975e+0	13752	27
ICA1	0.009243	8.071708e+0	13753	26
DAGLB	0.009243	8.071503e+0	13754	22
ZNF382	0.009241	8.069702e+0	13755	27
LCN12	0.009239	8.068065e+0	13756	27
ZDHHC6	0.009238	8.067774e+0	13757	28
GAS2L2	0.009237	8.066584e+0	13758	25
TRIAP1	0.009233	8.063550e+0	13759	23
ANKS4B	0.009232	8.062523e+0	13760	25
PRSS37	0.009232	8.062087e+0	13761	29
OR51B2	0.009231	8.061299e+0	13762	21
KRT37	0.009229	8.059435e+0	13763	31
PSKH1	0.009227	8.058158e+0	13764	25
SPATC1	0.009224	8.055446e+0	13765	25
APBB3	0.009224	8.055219e+0	13766	22
MMP17	0.009224	8.054841e+0	13767	22
BTN2A2	0.009222	8.053404e+0	13768	25
MMP24	0.009222	8.053229e+0	13769	22
DDN	0.009221	8.052511e+0	13770	23
ZKSCAN8	0.009221	8.052292e+0	13771	24
OR1L8	0.009209	8.042395e+0	13772	24
TMEM171	0.009208	8.041376e+0	13773	29
ICAM5	0.009208	8.040963e+0	13774	26
PRRG4	0.009206	8.039459e+0	13775	28
ZSCAN10	0.009205	8.038727e+0	13776	21
SECISBP2L	0.009202	8.036241e+0	13777	29
QSER1	0.009201	8.035378e+0	13778	28
MANEAL	0.009196	8.030640e+0	13779	31
SLC39A12	0.009196	8.030535e+0	13780	22
TYW3	0.009190	8.025858e+0	13781	24
SLC41A3	0.009190	8.025688e+0	13782	26
GOLGA7B	0.009189	8.025118e+0	13783	25
ZNF18	0.009188	8.023410e+0	13784	25
PANK3	0.009187	8.023332e+0	13785	18
OOEP	0.009187	8.023078e+0	13786	22
TEX37	0.009187	8.022869e+0	13787	28
RBMS2	0.009186	8.022137e+0	13788	25
KRTAP5-9	0.009183	8.019195e+0	13789	26
AEN	0.009180	8.017173e+0	13790	29
AADACL4	0.009178	8.015465e+0	13791	27
KRT24	0.009177	8.014099e+0	13792	32
ABHD14A	0.009171	8.008554e+0	13793	30
ZNF131	0.009170	8.008538e+0	13794	27
ST8SIA5	0.009168	8.006200e+0	13795	28
SOWAHB	0.009167	8.005658e+0	13796	32
OR13C8	0.009165	8.004033e+0	13797	24
FGF11	0.009164	8.003121e+0	13798	26
HOXD12	0.009164	8.002902e+0	13799	29
CILP2	0.009161	8.000199e+0	13800	28
OR5D14	0.009159	7.998139e+0	13801	23
PID1	0.009158	7.997745e+0	13802	28
MELTF	0.009152	7.992500e+0	13803	29
DDX43	0.009151	7.991958e+0	13804	27
ZKSCAN1	0.009150	7.990840e+0	13805	23
C1ORF167	0.009150	7.990489e+0	13806	29
CCNYL1	0.009149	7.989607e+0	13807	29
LRRC10B	0.009149	7.989492e+0	13808	30
FASTKD1	0.009148	7.988552e+0	13809	28
KCNK13	0.009146	7.987197e+0	13810	21
SPINK9	0.009145	7.986131e+0	13811	26
KIFBP	0.009143	7.984426e+0	13812	23
CLPSL1	0.009143	7.984158e+0	13813	31
OR10A6	0.009138	7.980324e+0	13814	22
SEMA4C	0.009136	7.978603e+0	13815	24
CA14	0.009136	7.978460e+0	13816	27
NECAB2	0.009135	7.977639e+0	13817	28
PHF14	0.009135	7.977494e+0	13818	24
MARCHF10	0.009133	7.975984e+0	13819	28
TRIM47	0.009131	7.973826e+0	13820	26
ABHD1	0.009129	7.972514e+0	13821	29
OSBPL6	0.009125	7.969221e+0	13822	28
C9ORF43	0.009119	7.963708e+0	13823	28
MCTP2	0.009118	7.962576e+0	13824	32
MXD3	0.009109	7.954600e+0	13825	24
DTX3	0.009106	7.952006e+0	13826	23
CMTM4	0.009106	7.951953e+0	13827	24
VGLL1	0.009104	7.950797e+0	13828	24
ACCSL	0.009103	7.949465e+0	13829	29
U3KQP1_HUMAN	0.009103	7.949388e+0	13830	22
SYNDIG1	0.009100	7.947050e+0	13831	25
TEX43	0.009098	7.945670e+0	13832	26
ZSWIM4	0.009098	7.945385e+0	13833	24
RTF2	0.009096	7.943417e+0	13834	27
GPR89B	0.009094	7.941402e+0	13835	25
RNF144A	0.009089	7.937692e+0	13836	26
SLURP2	0.009087	7.935233e+0	13837	20
PRMT9	0.009081	7.930134e+0	13838	27
RUFY1	0.009081	7.929966e+0	13839	22
ARPIN-AP3S2	0.009076	7.926010e+0	13840	24
OR52E8	0.009075	7.925481e+0	13841	22
ZNF354A	0.009070	7.920968e+0	13842	28
DCXR	0.009068	7.918884e+0	13843	25
OR6T1	0.009066	7.917142e+0	13844	24
DIRAS1	0.009066	7.916992e+0	13845	27
HDHD3	0.009061	7.912925e+0	13846	28
NRN1	0.009056	7.908312e+0	13847	30
TTC7A	0.009055	7.907635e+0	13848	24
HNRNPCL1	0.009054	7.906915e+0	13849	27
CYS1	0.009051	7.904577e+0	13850	24
FCGBP	0.009051	7.903794e+0	13851	26
ABRA	0.009049	7.902557e+0	13852	25
ZFAND3	0.009047	7.900785e+0	13853	27
STK33	0.009044	7.897947e+0	13854	28
ARMCX4	0.009043	7.897272e+0	13855	29
MIF4GD	0.009040	7.894331e+0	13856	21
WFDC3	0.009039	7.894099e+0	13857	27
C20ORF173	0.009036	7.891478e+0	13858	29
SLC27A6	0.009034	7.889175e+0	13859	28
RBMY1E	0.009031	7.886296e+0	13860	25
WBP1	0.009030	7.886091e+0	13861	22
FKBP11	0.009030	7.885727e+0	13862	26
TMCO2	0.009029	7.885095e+0	13863	29
EVA1A	0.009029	7.884984e+0	13864	30
LOC100509620	0.009029	7.884604e+0	13865	28
CD164	0.009027	7.883500e+0	13866	27
CATIP	0.009027	7.883406e+0	13867	27
CCDC183	0.009026	7.882084e+0	13868	29
OR8U1	0.009025	7.881848e+0	13869	24
SCAMP2	0.009025	7.881639e+0	13870	27
CELF3	0.009023	7.880093e+0	13871	25
ARL6IP4	0.009023	7.879438e+0	13872	26
ZNF213	0.009021	7.878405e+0	13873	22
CIB4	0.009020	7.877100e+0	13874	29
MT1H	0.009019	7.876478e+0	13875	20
FGD6	0.009018	7.875487e+0	13876	27
QRFPR	0.009016	7.873431e+0	13877	25
HECTD3	0.009015	7.872343e+0	13878	29
SAXO2	0.009014	7.871462e+0	13879	30
PLEKHG2	0.009012	7.870012e+0	13880	24
ARHGAP45	0.009012	7.869783e+0	13881	27
CAVIN2	0.009010	7.868653e+0	13882	23
TMEFF2	0.009009	7.867614e+0	13883	28
GJB4	0.009009	7.867517e+0	13884	24
EML3	0.009006	7.865198e+0	13885	30
TCP11L1	0.009006	7.864831e+0	13886	26
PRLHR	0.009005	7.864055e+0	13887	24
FOXN3	0.009005	7.864020e+0	13888	24
GPR87	0.009005	7.863752e+0	13889	28
OR51V1	0.009003	7.862145e+0	13890	23
PPP1R35	0.009002	7.861606e+0	13891	27
LRP12	0.009000	7.860086e+0	13892	30
CORO2A	0.009000	7.860060e+0	13893	28
ENDOD1	0.008999	7.858948e+0	13894	29
APOL6	0.008998	7.858274e+0	13895	27
OR52N5	0.008998	7.857853e+0	13896	22
ACBD7	0.008997	7.857347e+0	13897	30
PAGE5	0.008996	7.856045e+0	13898	25
ATP13A1	0.008995	7.855691e+0	13899	29
TBC1D9B	0.008992	7.852662e+0	13900	27
PACC1	0.008991	7.852212e+0	13901	27
MFSD6	0.008987	7.848717e+0	13902	28
MT3	0.008987	7.848679e+0	13903	29
PRDM8	0.008987	7.848560e+0	13904	27
TMEM14A	0.008985	7.846744e+0	13905	29
FBXO36	0.008984	7.845276e+0	13906	24
CMTM2	0.008983	7.844793e+0	13907	21
SERTAD3	0.008981	7.843191e+0	13908	26
KLK10	0.008981	7.843028e+0	13909	27
ANO6	0.008980	7.842589e+0	13910	24
REM1	0.008980	7.841989e+0	13911	28
MAN2B2	0.008980	7.841752e+0	13912	28
HEPACAM2	0.008975	7.838048e+0	13913	27
AUNIP	0.008973	7.836452e+0	13914	27
TSC22D4	0.008972	7.835445e+0	13915	24
CMTM3	0.008971	7.834646e+0	13916	23
TMEM184C	0.008970	7.833577e+0	13917	29
SYT5	0.008969	7.832799e+0	13918	25
CNMD	0.008966	7.829562e+0	13919	26
MMP19	0.008964	7.827986e+0	13920	25
HSF2	0.008962	7.826798e+0	13921	26
ECT2L	0.008962	7.826676e+0	13922	27
CCDC18	0.008956	7.821638e+0	13923	27
C2ORF81	0.008955	7.820394e+0	13924	27
GJE1	0.008954	7.819805e+0	13925	21
OR11L1	0.008953	7.818636e+0	13926	24
BTNL9	0.008952	7.818043e+0	13927	26
CARHSP1	0.008950	7.816420e+0	13928	30
TMEM25	0.008950	7.815573e+0	13929	29
OR2A42	0.008948	7.814068e+0	13930	22
FEZF1	0.008942	7.809184e+0	13931	28
NDUFAF8	0.008942	7.808817e+0	13932	26
OR52H1	0.008940	7.807200e+0	13933	24
ABHD15	0.008939	7.806552e+0	13934	29
NUDT8	0.008933	7.801400e+0	13935	27
TSPAN2	0.008932	7.800174e+0	13936	29
KCNK7	0.008931	7.799446e+0	13937	22
OR4D2	0.008929	7.797835e+0	13938	22
ZNF782	0.008928	7.796518e+0	13939	30
ADAMTS14	0.008927	7.795963e+0	13940	25
PADI2	0.008924	7.792869e+0	13941	23
MCF2L	0.008921	7.790231e+0	13942	25
TEX33	0.008914	7.784824e+0	13943	29
SPNS3	0.008906	7.777183e+0	13944	27
SULT1C2	0.008904	7.775947e+0	13945	23
CARD18	0.008904	7.775699e+0	13946	22
OR4D9	0.008902	7.774314e+0	13947	24
CXORF51A	0.008893	7.766503e+0	13948	26
NUCKS1	0.008893	7.765964e+0	13949	23
CAMTA2	0.008890	7.763589e+0	13950	24
DIXDC1	0.008889	7.762719e+0	13951	23
SLC9A4	0.008884	7.758593e+0	13952	27
TMEM69	0.008884	7.758273e+0	13953	27
YIPF2	0.008884	7.758167e+0	13954	23
DEFB104B	0.008875	7.750532e+0	13955	20
SLC26A1	0.008873	7.748986e+0	13956	29
CFAP99	0.008871	7.747341e+0	13957	26
FNDC3B	0.008871	7.747098e+0	13958	28
C11ORF49	0.008871	7.747056e+0	13959	22
GPR31	0.008870	7.746234e+0	13960	27
TMEM213	0.008870	7.745923e+0	13961	28
GPM6B	0.008868	7.744000e+0	13962	24
OR6X1	0.008867	7.743926e+0	13963	23
ZNF280D	0.008863	7.740262e+0	13964	28
OR2M2	0.008862	7.738705e+0	13965	21
GPR62	0.008860	7.737479e+0	13966	28
IRF2BP1	0.008860	7.736984e+0	13967	24
TPRA1	0.008857	7.734641e+0	13968	29
ERGIC1	0.008854	7.732446e+0	13969	24
SHROOM4	0.008853	7.731712e+0	13970	30
HLX	0.008852	7.730497e+0	13971	24
GPR3	0.008852	7.730350e+0	13972	26
LANCL1	0.008851	7.729678e+0	13973	24
TMC8	0.008851	7.729228e+0	13974	24
ASDURF	0.008850	7.728271e+0	13975	17
SETD6	0.008849	7.727829e+0	13976	26
ZSCAN22	0.008849	7.727738e+0	13977	24
KHDC1L	0.008848	7.727284e+0	13978	25
ASPDH	0.008848	7.726608e+0	13979	18
FBXL8	0.008846	7.725107e+0	13980	24
MPIG6B	0.008845	7.724124e+0	13981	22
SYT3	0.008844	7.723541e+0	13982	27
SYT6	0.008844	7.723164e+0	13983	29
RSC1A1	0.008840	7.719890e+0	13984	20
C6ORF118	0.008838	7.718022e+0	13985	29
ANO7	0.008835	7.715496e+0	13986	27
SEL1L2	0.008833	7.713704e+0	13987	21
FAM170A	0.008832	7.712852e+0	13988	25
OR51T1	0.008827	7.708832e+0	13989	21
AGBL4	0.008827	7.708652e+0	13990	24
CAVIN4	0.008827	7.708581e+0	13991	25
HIGD1C	0.008824	7.705858e+0	13992	26
NOMO3	0.008822	7.704085e+0	13993	22
OR5M11	0.008819	7.701828e+0	13994	23
GJB5	0.008819	7.701817e+0	13995	29
PYROXD2	0.008817	7.699957e+0	13996	23
TMEM209	0.008810	7.693801e+0	13997	28
ARHGAP44	0.008808	7.691925e+0	13998	23
PTPRT	0.008807	7.690831e+0	13999	28
STEAP2	0.008806	7.690240e+0	14000	22
ZFAND2A	0.008804	7.688192e+0	14001	26
OR7C1	0.008794	7.680148e+0	14002	21
NPHP3-ACAD11	0.008789	7.675784e+0	14003	29
LRRC3C	0.008786	7.672783e+0	14004	28
GPRASP1	0.008784	7.671310e+0	14005	25
CFAP100	0.008781	7.668730e+0	14006	23
OR5AP2	0.008776	7.664377e+0	14007	22
MAP3K19	0.008774	7.662495e+0	14008	29
PLCXD1	0.008772	7.660623e+0	14009	25
OR10X1	0.008771	7.659533e+0	14010	22
CCDC150	0.008769	7.658160e+0	14011	26
AJAP1	0.008768	7.656680e+0	14012	25
KRTAP27-1	0.008766	7.655282e+0	14013	20
C3ORF67	0.008763	7.652929e+0	14014	29
OR2S2	0.008762	7.652181e+0	14015	22
GALP	0.008761	7.651120e+0	14016	22
A4GNT	0.008758	7.648550e+0	14017	27
NETO2	0.008758	7.648059e+0	14018	23
OR4X2	0.008756	7.646467e+0	14019	21
TLX2	0.008754	7.644739e+0	14020	24
SNX22	0.008750	7.641709e+0	14021	27
CCNY	0.008749	7.640416e+0	14022	22
PRUNE1	0.008749	7.640383e+0	14023	22
FAM120C	0.008741	7.633180e+0	14024	23
OR52B2	0.008739	7.631381e+0	14025	22
MPPED1	0.008736	7.628816e+0	14026	23
SLC26A8	0.008735	7.628626e+0	14027	25
RIMKLA	0.008735	7.628578e+0	14028	23
IQCF1	0.008735	7.628464e+0	14029	27
RASSF6	0.008733	7.626818e+0	14030	21
USP17L15	0.008732	7.625231e+0	14031	31
NAGPA	0.008731	7.624971e+0	14032	26
OR4F4	0.008730	7.624141e+0	14033	22
ANKRD40	0.008729	7.623380e+0	14034	25
M1AP	0.008729	7.622759e+0	14035	26
MORC1	0.008729	7.622692e+0	14036	28
SLC35B3	0.008729	7.622619e+0	14037	24
DNAJC4	0.008728	7.622439e+0	14038	27
FRAS1	0.008728	7.621917e+0	14039	22
CC2D2B	0.008725	7.619583e+0	14040	29
MAGEF1	0.008725	7.619296e+0	14041	22
FOXJ2	0.008725	7.619201e+0	14042	28
SESTD1	0.008723	7.617660e+0	14043	26
UNC119B	0.008721	7.616174e+0	14044	20
ULK4	0.008720	7.615256e+0	14045	27
GIMAP6	0.008717	7.612938e+0	14046	23
AQP11	0.008716	7.611359e+0	14047	17
NICN1	0.008715	7.610897e+0	14048	19
NR6A1	0.008713	7.608836e+0	14049	21
ZNRF4	0.008711	7.607363e+0	14050	25
SH3YL1	0.008711	7.607226e+0	14051	23
MYO1D	0.008710	7.606564e+0	14052	24
ICA1L	0.008709	7.605300e+0	14053	27
TSHZ1	0.008706	7.603081e+0	14054	26
RASEF	0.008706	7.602481e+0	14055	28
CRLF1	0.008705	7.602201e+0	14056	21
ACAP3	0.008704	7.600825e+0	14057	23
TRIM15	0.008702	7.599493e+0	14058	29
SH2D7	0.008701	7.598122e+0	14059	29
MBD3L3	0.008700	7.597902e+0	14060	24
GPR50	0.008699	7.597090e+0	14061	25
C22ORF23	0.008698	7.596112e+0	14062	28
COMMD7-2	0.008697	7.594978e+0	14063	22
ABHD14A-ACY1	0.008697	7.594671e+0	14064	26
RFNG	0.008696	7.594491e+0	14065	21
SAMD4B	0.008696	7.594126e+0	14066	25
ARHGAP20	0.008694	7.592561e+0	14067	26
SLC15A4	0.008693	7.591359e+0	14068	27
LOXL4	0.008693	7.591262e+0	14069	24
KRTAP5-5	0.008692	7.591066e+0	14070	29
TSPY2	0.008691	7.590027e+0	14071	25
ALG10	0.008691	7.590022e+0	14072	16
CSAG2	0.008687	7.586273e+0	14073	28
SLC35A5	0.008685	7.584334e+0	14074	26
INSL6	0.008685	7.584157e+0	14075	22
CELF4	0.008683	7.582392e+0	14076	24
SMR3B	0.008681	7.581389e+0	14077	25
ZFAND5	0.008681	7.581233e+0	14078	24
OR2L8	0.008680	7.580447e+0	14079	21
FOXP4	0.008679	7.579217e+0	14080	23
COLEC12	0.008678	7.578198e+0	14081	26
EID1	0.008677	7.577172e+0	14082	19
SLC52A3	0.008676	7.576686e+0	14083	27
SLC35F6	0.008676	7.576377e+0	14084	25
ATP13A3	0.008674	7.575057e+0	14085	24
LRRC63	0.008673	7.573793e+0	14086	27
IQCK	0.008671	7.572113e+0	14087	28
NPNT	0.008670	7.571365e+0	14088	23
SLC13A1	0.008669	7.570556e+0	14089	25
GPR137C	0.008669	7.570260e+0	14090	28
SNX21	0.008668	7.569627e+0	14091	28
H3BNX3_HUMAN	0.008666	7.567822e+0	14092	26
TEX13B	0.008663	7.565766e+0	14093	24
DOCK6	0.008663	7.565474e+0	14094	22
ABHD14B	0.008662	7.564324e+0	14095	29
REG1B	0.008660	7.563146e+0	14096	21
MRAP	0.008659	7.561902e+0	14097	21
CIART	0.008658	7.560817e+0	14098	23
DCDC1	0.008656	7.559104e+0	14099	21
MFSD14A	0.008656	7.559043e+0	14100	27
DUXB	0.008655	7.558343e+0	14101	25
RAD54L2	0.008652	7.555853e+0	14102	22
FIBP	0.008652	7.555432e+0	14103	21
FAM71E1	0.008651	7.555304e+0	14104	28
YAE1	0.008651	7.554898e+0	14105	24
CD300E	0.008651	7.554453e+0	14106	22
KCNH6	0.008650	7.554014e+0	14107	22
CDRT1	0.008648	7.552015e+0	14108	28
ENSP00000488802	0.008647	7.551766e+0	14109	24
TRIM48	0.008638	7.543180e+0	14110	29
CNBD2	0.008636	7.542121e+0	14111	29
CCDC71	0.008636	7.541671e+0	14112	27
OSTN	0.008636	7.541548e+0	14113	25
CCDC91	0.008633	7.539528e+0	14114	27
SLC7A10	0.008633	7.539476e+0	14115	26
MAP3K20	0.008630	7.536891e+0	14116	19
TMEM161B	0.008630	7.536538e+0	14117	28
TRMT9B	0.008629	7.535913e+0	14118	25
CLUL1	0.008628	7.534746e+0	14119	27
KCTD1	0.008628	7.534565e+0	14120	20
PCNP	0.008622	7.529481e+0	14121	27
TIGD4	0.008622	7.529131e+0	14122	28
BEAN1	0.008618	7.525714e+0	14123	26
GMNC	0.008613	7.522089e+0	14124	22
ODF3L2	0.008613	7.521785e+0	14125	28
ACTRT1	0.008613	7.521778e+0	14126	28
OR1J2	0.008611	7.519948e+0	14127	22
ADAP1	0.008609	7.518069e+0	14128	21
TBC1D2	0.008608	7.517539e+0	14129	26
EPPIN	0.008607	7.516331e+0	14130	24
CABP2	0.008606	7.515255e+0	14131	27
OR51L1	0.008604	7.513959e+0	14132	20
USP17L3	0.008604	7.513753e+0	14133	30
TMED1	0.008603	7.513185e+0	14134	23
ABLIM2	0.008602	7.511889e+0	14135	24
OR2T33	0.008601	7.511053e+0	14136	23
ASTN1	0.008601	7.510921e+0	14137	29
NIBAN3	0.008601	7.510813e+0	14138	23
MTFR1	0.008593	7.504368e+0	14139	24
ZHX1	0.008592	7.503574e+0	14140	23
GALNT8	0.008588	7.499937e+0	14141	24
RAB40A	0.008587	7.498826e+0	14142	24
KCNK15	0.008586	7.497883e+0	14143	21
DEF8	0.008581	7.493638e+0	14144	26
LRRC52	0.008580	7.492818e+0	14145	24
SLC26A7	0.008577	7.490071e+0	14146	26
FANK1	0.008576	7.489260e+0	14147	27
UPK2	0.008574	7.487460e+0	14148	22
ZNF750	0.008570	7.484317e+0	14149	24
OR1J4	0.008569	7.483088e+0	14150	21
TSPAN1	0.008566	7.480295e+0	14151	25
C19ORF53	0.008564	7.479207e+0	14152	27
LZTS1	0.008564	7.479043e+0	14153	22
C12ORF40	0.008564	7.478623e+0	14154	25
KIZ	0.008557	7.472805e+0	14155	25
SLC4A3	0.008557	7.472443e+0	14156	26
MYNN	0.008552	7.468186e+0	14157	25
CAVIN3	0.008551	7.467903e+0	14158	21
KHDC1	0.008551	7.467175e+0	14159	22
PURB	0.008550	7.466461e+0	14160	21
RITA1	0.008546	7.463362e+0	14161	26
GOLM1	0.008544	7.461332e+0	14162	24
UPK1A	0.008543	7.460776e+0	14163	21
ATAT1	0.008542	7.459836e+0	14164	26
OR4K15	0.008541	7.458479e+0	14165	20
ZNF574	0.008535	7.453908e+0	14166	26
LRRC71	0.008533	7.451493e+0	14167	26
LRRC37A3	0.008524	7.444074e+0	14168	26
PGA3	0.008523	7.442680e+0	14169	23
KLHL28	0.008521	7.441030e+0	14170	23
DUSP14	0.008519	7.439780e+0	14171	25
RUFY2	0.008517	7.437643e+0	14172	23
JAGN1	0.008516	7.437075e+0	14173	26
TCEAL6	0.008515	7.436321e+0	14174	24
FASTKD5	0.008514	7.435665e+0	14175	24
PASK	0.008511	7.432319e+0	14176	24
MAP4K5	0.008510	7.432094e+0	14177	24
LCTL	0.008510	7.432025e+0	14178	27
ARMC6	0.008507	7.429129e+0	14179	26
OR4C12	0.008505	7.427664e+0	14180	21
ATP8B2	0.008500	7.423137e+0	14181	22
FBXL18	0.008498	7.421513e+0	14182	21
SCGB1D2	0.008496	7.419203e+0	14183	23
PI15	0.008492	7.415614e+0	14184	26
PRM1	0.008491	7.415230e+0	14185	21
LYRM2	0.008488	7.412313e+0	14186	21
ZNF713	0.008479	7.404393e+0	14187	27
GLT8D1	0.008477	7.402763e+0	14188	26
CARMIL2	0.008476	7.401877e+0	14189	18
FOXF2	0.008474	7.400585e+0	14190	22
RFPL2	0.008467	7.394121e+0	14191	25
SLC25A44	0.008461	7.389180e+0	14192	26
KRBA1	0.008461	7.389170e+0	14193	27
CGGBP1	0.008460	7.388109e+0	14194	23
ABHD2	0.008458	7.386391e+0	14195	25
CPPED1	0.008456	7.384997e+0	14196	24
B4GALNT3	0.008456	7.384871e+0	14197	19
FAM240C	0.008455	7.383442e+0	14198	19
NRIP3	0.008445	7.374787e+0	14199	27
GATD1	0.008444	7.373892e+0	14200	24
SLC4A11	0.008442	7.372390e+0	14201	23
GPR25	0.008442	7.372366e+0	14202	26
RFPL1	0.008441	7.371201e+0	14203	23
OSBPL10	0.008439	7.369506e+0	14204	23
PRSS50	0.008438	7.368973e+0	14205	23
DPH7	0.008437	7.367574e+0	14206	20
XKR8	0.008433	7.364504e+0	14207	24
EVX1	0.008432	7.364036e+0	14208	26
MFAP3	0.008431	7.362805e+0	14209	22
PRSS56	0.008430	7.361749e+0	14210	25
ETV2	0.008428	7.359823e+0	14211	25
NDRG4	0.008427	7.359302e+0	14212	25
RP2	0.008414	7.348303e+0	14213	22
ADAL	0.008412	7.346494e+0	14214	24
PEA15	0.008405	7.339870e+0	14215	21
IP6K3	0.008401	7.336904e+0	14216	19
GTF2IRD2B	0.008401	7.336582e+0	14217	23
BTG4	0.008398	7.333671e+0	14218	24
PRR14	0.008397	7.333377e+0	14219	22
CST9	0.008395	7.331125e+0	14220	25
RNASE7	0.008392	7.329047e+0	14221	24
MROH1	0.008391	7.327594e+0	14222	25
V9GYV3_HUMAN	0.008390	7.327273e+0	14223	23
ERI3	0.008390	7.326775e+0	14224	24
ALX3	0.008386	7.323846e+0	14225	24
OR10G8	0.008386	7.323120e+0	14226	21
GPR27	0.008385	7.322843e+0	14227	25
PRELID3B	0.008382	7.320274e+0	14228	26
ERRFI1	0.008380	7.318259e+0	14229	23
ADGRL4	0.008376	7.315150e+0	14230	25
FBXO31	0.008373	7.312275e+0	14231	22
VGLL3	0.008369	7.308805e+0	14232	24
TMEM185A	0.008367	7.306755e+0	14233	24
OR51A4	0.008365	7.304731e+0	14234	20
NQO2	0.008363	7.303062e+0	14235	26
MS4A8	0.008359	7.300219e+0	14236	23
MSTO1	0.008355	7.296703e+0	14237	26
OR4F6	0.008355	7.296108e+0	14238	21
SPDYA	0.008354	7.295210e+0	14239	17
DHRS1	0.008354	7.295194e+0	14240	29
NBPF11	0.008352	7.294139e+0	14241	24
ZNF597	0.008352	7.293782e+0	14242	19
PGGT1B	0.008346	7.288729e+0	14243	23
MT1G	0.008345	7.287619e+0	14244	20
ARHGAP42	0.008341	7.283853e+0	14245	27
FEZ2	0.008339	7.282167e+0	14246	23
OR2J2	0.008337	7.280899e+0	14247	21
OR6N1	0.008336	7.279843e+0	14248	21
LCMT2	0.008335	7.279127e+0	14249	21
LPO	0.008335	7.278618e+0	14250	24
NRIP2	0.008334	7.277821e+0	14251	27
HMBOX1	0.008333	7.277132e+0	14252	27
OR13C5	0.008332	7.276091e+0	14253	21
DHRS4L2	0.008326	7.271267e+0	14254	27
MORC4	0.008325	7.270074e+0	14255	24
SURF2	0.008323	7.268813e+0	14256	22
RIMBP3C	0.008323	7.268112e+0	14257	25
ARAP2	0.008319	7.264554e+0	14258	24
PRR15L	0.008317	7.263456e+0	14259	23
PSAPL1	0.008316	7.262531e+0	14260	21
BCAR3	0.008316	7.262457e+0	14261	23
DNASE1L2	0.008314	7.260281e+0	14262	21
BHLHA15	0.008314	7.260157e+0	14263	25
UFSP2	0.008311	7.258200e+0	14264	20
SLC36A3	0.008311	7.257571e+0	14265	22
MS4A7	0.008310	7.257249e+0	14266	24
VAX1	0.008310	7.257169e+0	14267	24
ARRDC5	0.008307	7.254449e+0	14268	27
DTWD2	0.008303	7.250738e+0	14269	27
REEP4	0.008303	7.250568e+0	14270	24
SPPL2A	0.008301	7.249129e+0	14271	27
CCDC70	0.008296	7.244427e+0	14272	26
SPATA9	0.008295	7.243586e+0	14273	27
RBM18	0.008293	7.242567e+0	14274	26
TSKU	0.008293	7.241814e+0	14275	25
CCDC144A	0.008292	7.241565e+0	14276	28
GTF2IRD2	0.008291	7.240732e+0	14277	23
RNF24	0.008286	7.236495e+0	14278	24
WDR49	0.008285	7.235411e+0	14279	25
SMIM7	0.008284	7.234795e+0	14280	25
C2ORF49	0.008282	7.232654e+0	14281	19
SLC16A7	0.008282	7.232305e+0	14282	21
STARD9	0.008281	7.231393e+0	14283	28
AGAP1	0.008279	7.230430e+0	14284	22
CSDC2	0.008279	7.230107e+0	14285	25
PSORS1C2	0.008278	7.229216e+0	14286	26
FAM118A	0.008277	7.227886e+0	14287	27
RIMBP3B	0.008276	7.227660e+0	14288	24
STARD10	0.008276	7.227499e+0	14289	23
CYB5D1	0.008274	7.226029e+0	14290	27
TAPT1	0.008271	7.223427e+0	14291	25
NUDT4	0.008271	7.223411e+0	14292	24
PHTF1	0.008267	7.219730e+0	14293	23
SOSTDC1	0.008266	7.218860e+0	14294	22
RNF10	0.008266	7.218244e+0	14295	26
HERC3-2	0.008265	7.217898e+0	14296	26
CCDC149	0.008265	7.217552e+0	14297	27
OC90	0.008260	7.213840e+0	14298	20
PTPMT1	0.008259	7.212534e+0	14299	24
S100A5	0.008259	7.212345e+0	14300	25
BVES	0.008258	7.212082e+0	14301	22
KRT28	0.008257	7.210914e+0	14302	29
ANKLE1	0.008257	7.210766e+0	14303	23
PCSK4	0.008255	7.209200e+0	14304	26
CMTM6	0.008255	7.208680e+0	14305	19
ALPK3	0.008253	7.206883e+0	14306	27
DRICH1	0.008252	7.206321e+0	14307	26
LRIT2	0.008250	7.204687e+0	14308	23
ZDHHC7	0.008249	7.204202e+0	14309	26
TMEM63C	0.008242	7.198057e+0	14310	25
GJC3	0.008238	7.193911e+0	14311	25
RNF128	0.008238	7.193852e+0	14312	21
SH3BP5L	0.008236	7.192461e+0	14313	25
DENND2D	0.008235	7.191821e+0	14314	25
PRR20B	0.008235	7.191622e+0	14315	20
GPRASP2	0.008235	7.191428e+0	14316	23
TSACC	0.008234	7.190489e+0	14317	27
AKIRIN1	0.008233	7.190263e+0	14318	24
RFPL4B	0.008232	7.188851e+0	14319	26
OR14A2	0.008232	7.188841e+0	14320	20
SCRN2	0.008228	7.185473e+0	14321	22
NXPH2	0.008226	7.183509e+0	14322	26
GALNT14	0.008222	7.180586e+0	14323	24
KCNH1-2	0.008219	7.177625e+0	14324	24
MAB21L1	0.008217	7.176041e+0	14325	18
CLSTN3	0.008215	7.174262e+0	14326	25
ARHGEF10L	0.008214	7.173596e+0	14327	26
ANKRD20A4	0.008213	7.172780e+0	14328	27
CCDC50	0.008213	7.172745e+0	14329	25
KRTAP13-2	0.008213	7.172145e+0	14330	25
TMIGD1	0.008213	7.172091e+0	14331	23
ANKRD36B	0.008212	7.171851e+0	14332	25
NBPF1	0.008212	7.171597e+0	14333	18
OR51G2	0.008211	7.170931e+0	14334	19
STARD6	0.008211	7.170666e+0	14335	24
GPR179	0.008211	7.170256e+0	14336	21
MAP3K21	0.008210	7.170052e+0	14337	24
GPR152	0.008208	7.167958e+0	14338	26
EFCAB2	0.008207	7.167544e+0	14339	26
CHSY3	0.008204	7.164237e+0	14340	22
TPST1	0.008201	7.162102e+0	14341	23
SLC25A10	0.008201	7.162033e+0	14342	24
FAM72A	0.008201	7.161934e+0	14343	28
PROSER2	0.008200	7.160967e+0	14344	27
USP17L11	0.008199	7.159964e+0	14345	28
TRAM2	0.008199	7.159873e+0	14346	23
SALL2	0.008198	7.158970e+0	14347	24
RAET1G	0.008197	7.158559e+0	14348	24
EBPL	0.008196	7.157845e+0	14349	26
RBM26	0.008193	7.155194e+0	14350	25
DNLZ	0.008192	7.154299e+0	14351	25
TP53AIP1	0.008192	7.153842e+0	14352	23
AGBL3	0.008191	7.153225e+0	14353	24
PGA4	0.008191	7.153024e+0	14354	22
ZIM2	0.008188	7.150909e+0	14355	24
ENSP00000496817	0.008188	7.150848e+0	14356	24
MRTFB	0.008187	7.149776e+0	14357	22
LMBR1	0.008184	7.147329e+0	14358	22
ZCCHC14	0.008183	7.146115e+0	14359	26
KLHDC8B	0.008180	7.143770e+0	14360	25
ATMIN	0.008175	7.139509e+0	14361	22
SMOX	0.008172	7.136364e+0	14362	23
TBC1D30	0.008171	7.136034e+0	14363	27
B3GNT9	0.008171	7.135568e+0	14364	30
SEMA6B	0.008166	7.131519e+0	14365	20
LRRCC1	0.008165	7.130377e+0	14366	26
ZBTB8OS	0.008161	7.127368e+0	14367	18
RNF215	0.008161	7.127137e+0	14368	22
CHI3L2	0.008159	7.125186e+0	14369	22
EHD4	0.008159	7.125019e+0	14370	21
CPM	0.008155	7.121844e+0	14371	27
OR6M1	0.008152	7.119085e+0	14372	21
TRANK1	0.008147	7.115072e+0	14373	26
ITFG1	0.008145	7.112784e+0	14374	26
MAGEB1	0.008145	7.112592e+0	14375	25
MAD2L1BP	0.008143	7.111490e+0	14376	20
C8ORF33	0.008143	7.111471e+0	14377	25
PRDM11	0.008142	7.110309e+0	14378	26
ADGRG2	0.008141	7.109903e+0	14379	21
SIGLEC14	0.008140	7.108445e+0	14380	23
FOXN2	0.008137	7.106423e+0	14381	23
ANKH	0.008137	7.106275e+0	14382	25
C7ORF31	0.008136	7.104752e+0	14383	23
TMEM218	0.008132	7.101432e+0	14384	22
CSHL1	0.008131	7.101167e+0	14385	23
LINGO3	0.008130	7.100080e+0	14386	26
SPATA31D4	0.008126	7.096253e+0	14387	26
STYX	0.008126	7.096135e+0	14388	24
TENM2	0.008125	7.095233e+0	14389	22
NKAPL	0.008124	7.094465e+0	14390	25
PARP11	0.008122	7.093046e+0	14391	20
GDPD5	0.008122	7.092840e+0	14392	23
CABCOCO1	0.008117	7.088949e+0	14393	25
RIT1	0.008113	7.084975e+0	14394	22
ZFP62	0.008112	7.084434e+0	14395	24
RNF151	0.008112	7.083871e+0	14396	28
SLFNL1	0.008111	7.083052e+0	14397	24
MAP3K13	0.008110	7.082173e+0	14398	22
C12ORF43	0.008109	7.081880e+0	14399	25
TMED6	0.008107	7.080225e+0	14400	25
LRRIQ1	0.008106	7.079154e+0	14401	25
TPRX1	0.008103	7.076424e+0	14402	21
IGSF3	0.008102	7.075726e+0	14403	26
FATE1	0.008099	7.072443e+0	14404	24
LMO4	0.008097	7.071350e+0	14405	16
FAM160A2	0.008097	7.070950e+0	14406	20
WDR89	0.008094	7.068732e+0	14407	24
GIMAP5	0.008094	7.068555e+0	14408	20
RIPPLY2	0.008094	7.068195e+0	14409	20
TXNDC16	0.008093	7.067907e+0	14410	24
ZNRD2	0.008093	7.067743e+0	14411	24
ANGEL1	0.008092	7.066583e+0	14412	24
GLTP	0.008089	7.064186e+0	14413	23
CCDC66	0.008089	7.063860e+0	14414	24
OR5M10	0.008085	7.061018e+0	14415	20
DOC2B	0.008085	7.060415e+0	14416	20
RNF122	0.008084	7.060057e+0	14417	25
ZNF362	0.008081	7.056872e+0	14418	25
OR5H14	0.008078	7.054170e+0	14419	21
SMIM14	0.008077	7.053969e+0	14420	26
RCBTB2	0.008073	7.049985e+0	14421	24
TRIM67	0.008071	7.048394e+0	14422	25
GTPBP2	0.008071	7.048331e+0	14423	22
FRMPD1	0.008071	7.048114e+0	14424	25
GRAMD2B	0.008071	7.047995e+0	14425	23
C1ORF68	0.008070	7.047324e+0	14426	22
ZNF816	0.008068	7.046112e+0	14427	23
OR5H2	0.008068	7.046053e+0	14428	21
COA8-2	0.008068	7.045831e+0	14429	26
FAM50B	0.008067	7.045298e+0	14430	25
SLC35E3	0.008066	7.043726e+0	14431	25
PCDHGA4	0.008065	7.043393e+0	14432	18
FAM3B	0.008065	7.043172e+0	14433	21
CORO6	0.008064	7.042307e+0	14434	25
OR51A7	0.008061	7.039894e+0	14435	18
METTL7B	0.008059	7.038045e+0	14436	25
ZPLD1	0.008059	7.037981e+0	14437	27
TMEM68	0.008059	7.037809e+0	14438	23
ASCL3	0.008058	7.037291e+0	14439	24
PIWIL3	0.008056	7.035231e+0	14440	20
PLEKHO1	0.008054	7.033948e+0	14441	19
SPRYD3	0.008050	7.030153e+0	14442	22
TTLL9	0.008048	7.028219e+0	14443	24
CYREN	0.008047	7.027039e+0	14444	18
PLAGL2	0.008045	7.025394e+0	14445	25
RTL9	0.008042	7.023430e+0	14446	23
CCDC38	0.008042	7.022953e+0	14447	24
OCIAD1	0.008042	7.022654e+0	14448	23
ADNP2	0.008040	7.021726e+0	14449	24
PPFIBP2	0.008040	7.021522e+0	14450	19
PLAAT5	0.008036	7.017752e+0	14451	25
IL1RAPL2	0.008030	7.012537e+0	14452	24
MRGPRF	0.008029	7.011603e+0	14453	26
SUGP2	0.008029	7.011523e+0	14454	23
PKD1L1	0.008029	7.011430e+0	14455	22
CLIC2	0.008027	7.010148e+0	14456	22
BNIPL	0.008027	7.009700e+0	14457	22
LILRB5	0.008026	7.008860e+0	14458	20
THAP9	0.008021	7.005091e+0	14459	23
ZNF496	0.008021	7.004292e+0	14460	22
ZDHHC21	0.008020	7.003671e+0	14461	24
ART3	0.008019	7.002826e+0	14462	24
RTL1	0.008018	7.001667e+0	14463	23
C1QTNF9	0.008017	7.000880e+0	14464	24
ANKAR	0.008009	6.994021e+0	14465	24
GSAP	0.008008	6.993544e+0	14466	21
OR4K2	0.008005	6.991055e+0	14467	22
SLCO2A1	0.008005	6.991009e+0	14468	24
POTEB3	0.008005	6.990643e+0	14469	27
NKAPD1	0.008004	6.990012e+0	14470	25
OR11H6	0.008004	6.989790e+0	14471	19
OR2A25	0.008001	6.987139e+0	14472	19
NLRP10	0.007996	6.982717e+0	14473	22
LMBR1L	0.007995	6.981798e+0	14474	25
OR2J1	0.007994	6.981013e+0	14475	20
KIAA1257	0.007994	6.981006e+0	14476	23
C16ORF70	0.007994	6.980979e+0	14477	24
PGA5	0.007992	6.979151e+0	14478	21
TMEM242	0.007991	6.978666e+0	14479	25
CLVS1	0.007991	6.978367e+0	14480	25
ADAMTSL3	0.007990	6.977361e+0	14481	19
ERF	0.007988	6.975728e+0	14482	21
RNF39	0.007984	6.972757e+0	14483	24
LOC112267897	0.007983	6.971739e+0	14484	24
OR5I1	0.007981	6.970183e+0	14485	21
NIPAL2	0.007981	6.969478e+0	14486	24
LUZP1	0.007980	6.968998e+0	14487	25
BZW1	0.007977	6.966636e+0	14488	24
CABP5	0.007977	6.966553e+0	14489	26
OR5L2	0.007977	6.966334e+0	14490	19
KRTAP10-4	0.007976	6.964988e+0	14491	21
CD300LD	0.007975	6.964129e+0	14492	23
TATDN2	0.007974	6.963607e+0	14493	25
UNCX	0.007972	6.961745e+0	14494	25
GAL3ST1	0.007971	6.960808e+0	14495	16
SLC9A8	0.007970	6.959951e+0	14496	24
LIPH	0.007967	6.957246e+0	14497	22
OR2T10	0.007965	6.955591e+0	14498	20
ANKRD10	0.007964	6.955316e+0	14499	27
OR5K1	0.007963	6.954112e+0	14500	19
OXGR1	0.007961	6.952600e+0	14501	24
ADAT1	0.007961	6.952424e+0	14502	20
SPINK6	0.007961	6.952277e+0	14503	19
NAP1L3	0.007960	6.951470e+0	14504	24
KRTAP4-9	0.007958	6.949458e+0	14505	27
PHLDA1	0.007957	6.948588e+0	14506	22
JSRP1	0.007956	6.948306e+0	14507	21
C19ORF25	0.007956	6.947815e+0	14508	22
DDAH1	0.007953	6.944919e+0	14509	23
JADE3	0.007951	6.943970e+0	14510	19
DELE1	0.007951	6.943354e+0	14511	22
TTLL2	0.007945	6.938534e+0	14512	28
COBLL1	0.007943	6.936820e+0	14513	24
OR51S1	0.007941	6.934426e+0	14514	18
THTPA	0.007938	6.932046e+0	14515	23
PALMD	0.007937	6.930983e+0	14516	28
RMDN1	0.007934	6.928753e+0	14517	25
C3ORF20	0.007934	6.928405e+0	14518	26
PPP1R27	0.007930	6.925332e+0	14519	27
KRTAP12-1	0.007930	6.924997e+0	14520	21
DOP1B	0.007928	6.923322e+0	14521	24
SPESP1	0.007927	6.922624e+0	14522	25
FER	0.007926	6.921997e+0	14523	20
NIPAL1	0.007926	6.921705e+0	14524	23
ZDHHC24	0.007926	6.921365e+0	14525	27
GPALPP1	0.007924	6.919807e+0	14526	25
TMEM250	0.007923	6.919124e+0	14527	21
PLEKHA1	0.007918	6.914965e+0	14528	20
PON3	0.007917	6.914222e+0	14529	21
OR1L3	0.007914	6.911146e+0	14530	20
SLC46A2	0.007912	6.909897e+0	14531	25
LRRC3	0.007911	6.908794e+0	14532	24
IGSF21	0.007910	6.907723e+0	14533	26
TPTE	0.007910	6.907480e+0	14534	23
SLC5A9	0.007909	6.907208e+0	14535	26
SHCBP1L	0.007908	6.906030e+0	14536	27
VSIG2	0.007908	6.905604e+0	14537	22
ARID3B	0.007907	6.905458e+0	14538	23
ARL14	0.007901	6.899514e+0	14539	24
ZNF618	0.007900	6.898691e+0	14540	23
TFEC	0.007898	6.897041e+0	14541	23
CCDC116	0.007896	6.895599e+0	14542	24
MYOM3	0.007891	6.891444e+0	14543	25
SPINK2	0.007891	6.890845e+0	14544	23
PPIL6	0.007889	6.889354e+0	14545	26
MTRNR2L8	0.007889	6.889232e+0	14546	15
ARHGEF35	0.007886	6.886628e+0	14547	26
NEK10	0.007884	6.885400e+0	14548	23
VN1R1	0.007882	6.883313e+0	14549	23
SERAC1	0.007882	6.883019e+0	14550	24
TEDC2	0.007881	6.882751e+0	14551	23
KRTAP12-2	0.007880	6.881162e+0	14552	24
GPR156	0.007877	6.878840e+0	14553	21
OR52K2	0.007873	6.875310e+0	14554	19
FRMPD2	0.007872	6.874669e+0	14555	22
SMIM21	0.007872	6.874440e+0	14556	27
SLC5A4	0.007869	6.871583e+0	14557	24
FAM104A	0.007863	6.866916e+0	14558	17
FAM163B	0.007863	6.866732e+0	14559	26
USP17L1	0.007860	6.864396e+0	14560	28
ARL13A	0.007858	6.862540e+0	14561	25
SMIM38	0.007858	6.862230e+0	14562	19
GPANK1	0.007855	6.859766e+0	14563	23
PAIP2B	0.007853	6.858145e+0	14564	21
ARL11	0.007851	6.856165e+0	14565	25
LILRA5	0.007850	6.855418e+0	14566	22
CARNMT1	0.007849	6.854759e+0	14567	21
ARAP3	0.007849	6.854424e+0	14568	18
MEX3A	0.007847	6.852794e+0	14569	21
ALLC	0.007846	6.852258e+0	14570	25
VPS9D1	0.007845	6.851430e+0	14571	24
OR51B4	0.007845	6.851295e+0	14572	18
RNF150	0.007845	6.850649e+0	14573	26
OR8H3	0.007839	6.845559e+0	14574	20
VN1R4	0.007836	6.843447e+0	14575	25
SLC13A5	0.007836	6.843008e+0	14576	20
WFDC12	0.007836	6.842858e+0	14577	21
HEXD	0.007835	6.841866e+0	14578	21
KCTD12	0.007834	6.841415e+0	14579	23
CALY	0.007833	6.840706e+0	14580	24
DCLK3	0.007826	6.834609e+0	14581	25
IER5	0.007825	6.833765e+0	14582	22
OR2T5	0.007825	6.833483e+0	14583	20
OR10H1	0.007824	6.832512e+0	14584	20
ZNF70	0.007818	6.827422e+0	14585	24
RDM1	0.007814	6.823904e+0	14586	25
GIMAP1-GIMAP5	0.007813	6.823437e+0	14587	24
LSAMP	0.007812	6.821889e+0	14588	28
IKZF4	0.007811	6.821232e+0	14589	21
SYTL3	0.007810	6.820220e+0	14590	22
TMEM174	0.007804	6.815569e+0	14591	25
BTNL3	0.007803	6.814453e+0	14592	22
IQCA1L	0.007801	6.812640e+0	14593	25
CAPN15	0.007801	6.812630e+0	14594	24
OR8B2	0.007799	6.810868e+0	14595	17
TMEM53	0.007798	6.809997e+0	14596	24
LY6G5C	0.007794	6.806742e+0	14597	22
HCN3	0.007792	6.804970e+0	14598	22
OPRPN	0.007790	6.803099e+0	14599	22
TMDD1	0.007789	6.802175e+0	14600	19
SLC13A3	0.007787	6.799935e+0	14601	23
TMEM248	0.007784	6.797325e+0	14602	25
LRRC1	0.007782	6.796142e+0	14603	23
SH3BGRL3	0.007780	6.794141e+0	14604	24
CCDC122	0.007776	6.790677e+0	14605	20
CSKMT	0.007775	6.790209e+0	14606	25
DACT2	0.007773	6.788348e+0	14607	22
HTR4	0.007772	6.786855e+0	14608	20
G3V4G9_HUMAN	0.007768	6.784160e+0	14609	17
ZSWIM2	0.007768	6.783818e+0	14610	25
OR11H1	0.007763	6.779320e+0	14611	19
DESI2	0.007762	6.778514e+0	14612	22
OR13H1	0.007762	6.778439e+0	14613	18
KCNH4	0.007760	6.777181e+0	14614	24
OR2M4	0.007760	6.776793e+0	14615	20
ACCS	0.007759	6.776262e+0	14616	23
ZNF383	0.007759	6.776141e+0	14617	25
RDH14	0.007757	6.773871e+0	14618	26
LRRC38	0.007756	6.773180e+0	14619	24
RGL3	0.007755	6.772200e+0	14620	20
MAL	0.007754	6.771593e+0	14621	23
CYB5D2	0.007754	6.771192e+0	14622	24
CRYBG1	0.007752	6.770109e+0	14623	24
TMEM120A	0.007752	6.769890e+0	14624	25
SH2D4A	0.007751	6.768896e+0	14625	23
KRTAP9-1	0.007750	6.767792e+0	14626	26
FADS3	0.007749	6.766987e+0	14627	22
PDCD2L	0.007747	6.765385e+0	14628	21
CARD19	0.007747	6.765225e+0	14629	23
SDHAF4	0.007747	6.765217e+0	14630	18
CDC14C	0.007747	6.765105e+0	14631	23
RAMACL	0.007744	6.762955e+0	14632	18
OR2G3	0.007742	6.760814e+0	14633	18
RSBN1	0.007740	6.759638e+0	14634	23
ZNF142	0.007731	6.751438e+0	14635	25
SMAP2	0.007729	6.750023e+0	14636	24
OR6C65	0.007726	6.747135e+0	14637	18
HEATR5B	0.007724	6.745762e+0	14638	24
CBLN3	0.007722	6.743992e+0	14639	23
FAM98C	0.007722	6.743799e+0	14640	23
RHOXF2	0.007721	6.743058e+0	14641	24
PAQR3	0.007720	6.742158e+0	14642	22
OR2A2	0.007717	6.739463e+0	14643	18
PZP	0.007714	6.736640e+0	14644	23
ANKRD44	0.007712	6.735047e+0	14645	19
RUFY4	0.007712	6.735019e+0	14646	22
SLC25A18	0.007709	6.732006e+0	14647	20
FLVCR2	0.007708	6.731370e+0	14648	25
C12ORF4	0.007707	6.730618e+0	14649	21
YIF1B	0.007706	6.729695e+0	14650	20
ZNF831	0.007702	6.726087e+0	14651	26
CKLF	0.007701	6.725237e+0	14652	15
CARD6	0.007694	6.719292e+0	14653	19
NPM2	0.007693	6.718229e+0	14654	20
BCAS1	0.007688	6.713992e+0	14655	22
TPBG	0.007687	6.713309e+0	14656	23
BAALC	0.007687	6.713030e+0	14657	22
ERMP1	0.007687	6.712982e+0	14658	25
FAM162B	0.007685	6.711100e+0	14659	25
SEC14L1	0.007684	6.709986e+0	14660	23
C14ORF119	0.007682	6.708219e+0	14661	25
LRIF1	0.007680	6.707061e+0	14662	22
ENSP00000496197	0.007680	6.706743e+0	14663	18
CST11	0.007680	6.706487e+0	14664	23
TMEM156	0.007679	6.706355e+0	14665	25
FAM205A	0.007676	6.703526e+0	14666	25
OR1Q1	0.007675	6.702914e+0	14667	19
ZNF277	0.007675	6.702849e+0	14668	23
TESMIN	0.007673	6.701023e+0	14669	22
ANKRD29	0.007671	6.699073e+0	14670	22
ZNF394	0.007671	6.698773e+0	14671	23
SLC7A13	0.007670	6.698424e+0	14672	24
CXXC5	0.007668	6.696544e+0	14673	19
TATDN3	0.007668	6.696188e+0	14674	23
SPINK4	0.007665	6.693405e+0	14675	22
RBM33	0.007659	6.688304e+0	14676	23
KRTAP2-2	0.007658	6.687721e+0	14677	25
LYG2	0.007655	6.685349e+0	14678	26
ZNF653	0.007653	6.683553e+0	14679	22
WDR91	0.007653	6.683381e+0	14680	22
EXOG	0.007653	6.683337e+0	14681	21
ZNF614	0.007653	6.683121e+0	14682	25
NPEPL1	0.007652	6.682019e+0	14683	23
TCEAL4	0.007649	6.679895e+0	14684	20
TRIM49	0.007647	6.678386e+0	14685	21
CLSTN2	0.007645	6.676511e+0	14686	22
NAT8	0.007643	6.674785e+0	14687	20
ZNF692	0.007641	6.672716e+0	14688	23
TMEM9B	0.007640	6.672244e+0	14689	25
CCDC81	0.007636	6.668609e+0	14690	25
OR1K1	0.007635	6.667371e+0	14691	20
MAGEH1	0.007634	6.666904e+0	14692	22
TMEM204	0.007634	6.666591e+0	14693	22
TTC32	0.007634	6.666477e+0	14694	24
RIPOR1	0.007634	6.666402e+0	14695	20
ZNF169	0.007633	6.665644e+0	14696	23
AGBL5	0.007633	6.665612e+0	14697	24
FXYD3	0.007632	6.665334e+0	14698	21
MORC2	0.007631	6.664440e+0	14699	20
ZNF385A	0.007630	6.663194e+0	14700	21
TRIM42	0.007623	6.656781e+0	14701	24
SEMA4F	0.007622	6.656653e+0	14702	21
C12ORF50	0.007622	6.656206e+0	14703	25
CPNE1	0.007621	6.655406e+0	14704	25
ZBTB25	0.007619	6.653213e+0	14705	23
BTG3	0.007619	6.653206e+0	14706	18
OR4F21	0.007618	6.652483e+0	14707	19
NAV3	0.007617	6.651568e+0	14708	24
THAP4	0.007617	6.651513e+0	14709	20
UNC13C	0.007616	6.650773e+0	14710	20
CUTC	0.007610	6.645870e+0	14711	24
TSPO2	0.007609	6.645072e+0	14712	22
MS4A14	0.007608	6.644247e+0	14713	24
TOPAZ1	0.007606	6.642058e+0	14714	25
CST6	0.007605	6.641002e+0	14715	20
TPD52L2	0.007603	6.640089e+0	14716	19
TCP10L2	0.007603	6.640010e+0	14717	24
SLC24A2	0.007602	6.638866e+0	14718	25
GPR85	0.007599	6.636218e+0	14719	22
OR4D6	0.007597	6.634739e+0	14720	19
TAC4	0.007596	6.633864e+0	14721	19
PRR5L	0.007596	6.633725e+0	14722	12
EBAG9	0.007596	6.633263e+0	14723	20
ZNF707	0.007595	6.632529e+0	14724	23
NPAP1	0.007594	6.632149e+0	14725	19
OR4N4	0.007592	6.630213e+0	14726	19
CAPN5	0.007592	6.630192e+0	14727	19
SLC9B2	0.007591	6.629037e+0	14728	16
NUP210L	0.007590	6.628588e+0	14729	24
FRMPD4	0.007586	6.625135e+0	14730	23
LYRM9	0.007582	6.621158e+0	14731	21
DIRC1	0.007580	6.620008e+0	14732	22
BARHL2	0.007576	6.616459e+0	14733	24
H3BUN2_HUMAN	0.007576	6.615923e+0	14734	17
H3BMQ9_HUMAN	0.007573	6.613832e+0	14735	17
TMEM41A	0.007569	6.610012e+0	14736	24
TXNDC15	0.007569	6.609730e+0	14737	25
ARHGAP27	0.007562	6.604092e+0	14738	22
TAPBPL	0.007562	6.603818e+0	14739	18
SIM2	0.007561	6.603021e+0	14740	22
SEMA5B	0.007561	6.602562e+0	14741	20
TOR1AIP2	0.007560	6.602211e+0	14742	21
ZNF770	0.007560	6.602154e+0	14743	24
FRG2	0.007559	6.601571e+0	14744	20
SIGLEC6	0.007559	6.600868e+0	14745	23
METRN	0.007556	6.598999e+0	14746	24
GPR20	0.007547	6.591110e+0	14747	21
FOXQ1	0.007547	6.590928e+0	14748	22
TM2D1	0.007544	6.588161e+0	14749	23
VASH2	0.007544	6.587997e+0	14750	20
RINL	0.007542	6.586224e+0	14751	22
EPS8L3	0.007541	6.585384e+0	14752	25
LMBRD2	0.007534	6.579413e+0	14753	24
LRRC24	0.007532	6.577848e+0	14754	24
RMDN2	0.007527	6.573677e+0	14755	22
MTCP1	0.007526	6.572156e+0	14756	17
FCAMR	0.007517	6.564459e+0	14757	23
NPY4R2	0.007514	6.562047e+0	14758	18
SPATS1	0.007514	6.561759e+0	14759	22
OR6N2	0.007513	6.561200e+0	14760	18
LXN	0.007513	6.560737e+0	14761	22
LAYN	0.007512	6.560490e+0	14762	20
SUSD1	0.007510	6.558772e+0	14763	25
EMC9	0.007509	6.557281e+0	14764	12
ATP10B	0.007508	6.556904e+0	14765	14
LONRF2	0.007506	6.555114e+0	14766	24
OR4M1	0.007506	6.554629e+0	14767	19
REG1A	0.007506	6.554606e+0	14768	18
PTGR1	0.007504	6.553546e+0	14769	24
PTAR1	0.007504	6.553330e+0	14770	19
OR56A3	0.007502	6.551421e+0	14771	19
N4BP1	0.007501	6.550291e+0	14772	21
MAGEC3	0.007500	6.549315e+0	14773	24
ODF4	0.007498	6.548005e+0	14774	24
PSG11	0.007497	6.547524e+0	14775	20
USP17L18	0.007497	6.547150e+0	14776	26
SLC35G3	0.007497	6.546953e+0	14777	26
C1ORF232	0.007496	6.546183e+0	14778	18
SLC41A2	0.007496	6.546005e+0	14779	22
OR1A2	0.007494	6.544711e+0	14780	19
COQ10B	0.007494	6.544107e+0	14781	19
WBP1L	0.007493	6.543947e+0	14782	23
OR14A16	0.007493	6.543434e+0	14783	19
OVOL1	0.007492	6.542465e+0	14784	23
UHRF1BP1	0.007490	6.540935e+0	14785	24
OR12D3	0.007484	6.535488e+0	14786	19
WDR44	0.007483	6.534460e+0	14787	22
ZNF223	0.007476	6.529169e+0	14788	22
MAGEE2	0.007476	6.528698e+0	14789	23
SREK1IP1	0.007473	6.525955e+0	14790	23
DENND4C	0.007472	6.525335e+0	14791	25
MANSC1	0.007472	6.525149e+0	14792	26
PTPRE	0.007470	6.523552e+0	14793	22
OR6C4	0.007469	6.522927e+0	14794	17
OR5K3	0.007464	6.518016e+0	14795	18
OR51G1	0.007461	6.515679e+0	14796	17
SFT2D2	0.007458	6.512709e+0	14797	23
IGSF1	0.007456	6.511673e+0	14798	23
NAP1L2	0.007454	6.509585e+0	14799	21
MTMR12	0.007454	6.509504e+0	14800	21
XKR6	0.007452	6.507876e+0	14801	23
PKIA	0.007450	6.506369e+0	14802	17
TMEM79	0.007443	6.500306e+0	14803	22
SMIM28	0.007443	6.499660e+0	14804	21
GPRIN1	0.007442	6.499282e+0	14805	22
ANKRD42	0.007441	6.498127e+0	14806	21
TCP10L	0.007440	6.497553e+0	14807	24
OR4F16	0.007440	6.497134e+0	14808	16
NTN3	0.007438	6.495983e+0	14809	20
SOX13	0.007436	6.493983e+0	14810	20
ZDHHC19	0.007436	6.493557e+0	14811	22
ENOX1	0.007434	6.492363e+0	14812	25
TSPAN10	0.007434	6.492170e+0	14813	24
SCARA5	0.007424	6.483469e+0	14814	21
OR10G2	0.007421	6.481059e+0	14815	18
GANC	0.007420	6.480054e+0	14816	11
OR4M2	0.007419	6.479054e+0	14817	18
CHST1	0.007418	6.477683e+0	14818	21
ZBBX	0.007417	6.477549e+0	14819	23
SPATC1L	0.007414	6.474748e+0	14820	25
USHBP1	0.007413	6.473993e+0	14821	20
ZSCAN30	0.007411	6.471704e+0	14822	20
TMEM179	0.007407	6.468260e+0	14823	25
SPTSSB	0.007406	6.467540e+0	14824	13
OR5L1	0.007399	6.461148e+0	14825	18
HVCN1	0.007398	6.460692e+0	14826	23
IGDCC3	0.007396	6.459321e+0	14827	21
RGCC	0.007396	6.459208e+0	14828	18
SPATA20	0.007396	6.458928e+0	14829	22
CA5A	0.007394	6.457218e+0	14830	22
CHST2	0.007394	6.457087e+0	14831	23
HDHD5	0.007394	6.456988e+0	14832	21
OR2T29	0.007392	6.455441e+0	14833	18
CA5B	0.007392	6.455276e+0	14834	22
RAP2C	0.007391	6.454802e+0	14835	20
ZNF532	0.007390	6.453947e+0	14836	20
ST6GAL2	0.007388	6.451847e+0	14837	20
ZNF654	0.007387	6.451427e+0	14838	23
NEUROD4	0.007387	6.451246e+0	14839	18
DRAXIN	0.007386	6.450063e+0	14840	20
NR2F6	0.007383	6.447908e+0	14841	20
PCNX3	0.007383	6.447521e+0	14842	23
VOPP1	0.007382	6.446930e+0	14843	22
ANKRD20A1	0.007380	6.444779e+0	14844	25
ENSP00000498126	0.007379	6.443685e+0	14845	24
RFX7	0.007377	6.442426e+0	14846	20
HMGB3	0.007377	6.441954e+0	14847	22
DENND1C	0.007375	6.440719e+0	14848	22
FMC1	0.007374	6.439882e+0	14849	20
CMTM7	0.007372	6.438348e+0	14850	16
KCMF1	0.007372	6.438239e+0	14851	19
USP17L13	0.007372	6.437766e+0	14852	26
TRIM6	0.007369	6.435297e+0	14853	20
GPR63	0.007368	6.434268e+0	14854	24
SH3RF2	0.007364	6.431104e+0	14855	24
FAM13B	0.007364	6.430942e+0	14856	23
ZNF584	0.007363	6.430205e+0	14857	24
HAGHL	0.007361	6.428701e+0	14858	24
ZFP1	0.007361	6.428343e+0	14859	20
DHRS13	0.007360	6.427066e+0	14860	25
STK32A	0.007359	6.426591e+0	14861	25
OR6K3	0.007358	6.426136e+0	14862	19
CDCP2	0.007352	6.420788e+0	14863	21
FAM13C	0.007352	6.420596e+0	14864	23
MREG	0.007352	6.420173e+0	14865	21
TMEM123	0.007350	6.418624e+0	14866	25
ATP8B4	0.007346	6.414939e+0	14867	18
AMER3	0.007344	6.413724e+0	14868	24
ALKBH6	0.007343	6.412516e+0	14869	17
SERPINI1	0.007341	6.410507e+0	14870	21
SLC66A2	0.007338	6.408422e+0	14871	22
FAM199X	0.007338	6.408392e+0	14872	21
TSPAN4	0.007336	6.406319e+0	14873	20
RHEBL1	0.007334	6.404724e+0	14874	20
KDF1	0.007334	6.404502e+0	14875	23
OR1L1	0.007333	6.403881e+0	14876	18
CEP126	0.007332	6.403243e+0	14877	24
PLPP7	0.007331	6.402336e+0	14878	22
SLC25A45	0.007330	6.401468e+0	14879	24
RHBDL1	0.007330	6.400922e+0	14880	21
ELOVL7	0.007326	6.397835e+0	14881	20
TTLL7	0.007324	6.396144e+0	14882	25
TMEM131L	0.007324	6.395998e+0	14883	24
ETV3	0.007323	6.395276e+0	14884	22
EID2	0.007313	6.386310e+0	14885	22
USP17L20	0.007312	6.385591e+0	14886	25
ZNF703	0.007311	6.384895e+0	14887	22
C1RL	0.007309	6.383111e+0	14888	22
OR4D10	0.007308	6.381619e+0	14889	18
CDHR2	0.007306	6.380179e+0	14890	19
SCGB1D1	0.007305	6.379427e+0	14891	21
STOX1	0.007304	6.378692e+0	14892	23
OR51A2	0.007302	6.376949e+0	14893	17
ODF3	0.007302	6.376724e+0	14894	23
CDNF	0.007301	6.376079e+0	14895	19
NUAK1	0.007300	6.375385e+0	14896	19
NOMO1	0.007299	6.374584e+0	14897	18
FRMD4A	0.007297	6.372742e+0	14898	22
IGSF11	0.007294	6.370023e+0	14899	22
ZBED9	0.007294	6.369929e+0	14900	18
PAQR8	0.007293	6.368592e+0	14901	20
CHST9	0.007292	6.368042e+0	14902	20
TMEM150A	0.007291	6.367215e+0	14903	23
SPINK14	0.007290	6.366316e+0	14904	22
SLC9A5	0.007290	6.366059e+0	14905	21
CMC1	0.007288	6.364652e+0	14906	21
HMGN5	0.007288	6.364196e+0	14907	20
WFDC8	0.007286	6.363231e+0	14908	20
JCAD	0.007286	6.362601e+0	14909	24
TMEM184B	0.007284	6.361130e+0	14910	24
MOB3C	0.007280	6.357254e+0	14911	24
SLC22A17	0.007278	6.355483e+0	14912	20
SCIMP	0.007277	6.354680e+0	14913	22
TMEM19	0.007275	6.353151e+0	14914	22
PBLD	0.007275	6.352927e+0	14915	19
ZSWIM1	0.007274	6.352706e+0	14916	23
TMEM80	0.007269	6.347865e+0	14917	21
FAM187B	0.007269	6.347853e+0	14918	22
SCYGR7	0.007269	6.347798e+0	14919	16
SCYGR5	0.007269	6.347798e+0	14920	16
YIPF7	0.007268	6.347444e+0	14921	18
PCDH8	0.007266	6.345099e+0	14922	22
HTRA4	0.007264	6.343574e+0	14923	22
MAFIP	0.007263	6.342917e+0	14924	22
RNF165	0.007262	6.342009e+0	14925	20
CDK5R2	0.007260	6.340481e+0	14926	23
FBXO27	0.007257	6.337767e+0	14927	20
AGR3	0.007257	6.337499e+0	14928	22
SLC35A3	0.007255	6.336022e+0	14929	17
TSPYL1	0.007255	6.335581e+0	14930	23
ANO10	0.007251	6.332146e+0	14931	23
DTD2	0.007251	6.332136e+0	14932	21
ZBTB21	0.007250	6.331676e+0	14933	24
ELF2	0.007250	6.331333e+0	14934	22
CYSRT1	0.007248	6.329848e+0	14935	19
IZUMO3	0.007244	6.326134e+0	14936	21
TEX38	0.007238	6.321284e+0	14937	24
METTL23	0.007237	6.319656e+0	14938	20
GEM	0.007236	6.318975e+0	14939	20
WDR47	0.007232	6.315708e+0	14940	22
EVX2	0.007230	6.314343e+0	14941	20
CDR2L	0.007227	6.310878e+0	14942	21
OR5H1	0.007226	6.310715e+0	14943	18
OR5F1	0.007225	6.309975e+0	14944	18
EEF1AKMT3	0.007225	6.309592e+0	14945	20
GKN1	0.007222	6.307093e+0	14946	19
CCDC30	0.007219	6.304664e+0	14947	20
BCAP29	0.007219	6.304552e+0	14948	19
PABPC1L2B	0.007217	6.302922e+0	14949	25
TASOR	0.007215	6.300771e+0	14950	19
TNFAIP8L2	0.007215	6.300466e+0	14951	23
TMEM176B	0.007214	6.299818e+0	14952	23
OR8G1	0.007212	6.298463e+0	14953	18
OR4K17	0.007212	6.297899e+0	14954	17
OR56A5	0.007212	6.297829e+0	14955	18
BCO2	0.007212	6.297816e+0	14956	22
MAP7D1	0.007211	6.297309e+0	14957	23
TMEM50A	0.007209	6.295211e+0	14958	19
SLC4A10	0.007204	6.291650e+0	14959	23
PCDH1	0.007203	6.290530e+0	14960	23
NOTCH2NLA	0.007203	6.290350e+0	14961	20
SAMD3	0.007201	6.288456e+0	14962	22
B4GALNT4	0.007199	6.286583e+0	14963	14
BOD1L2	0.007198	6.285969e+0	14964	19
ARMCX2	0.007196	6.284622e+0	14965	22
CXORF40B	0.007194	6.282709e+0	14966	22
IQCN	0.007192	6.280751e+0	14967	23
MYO7B	0.007192	6.280547e+0	14968	17
NOTO	0.007189	6.278251e+0	14969	18
XK	0.007189	6.277687e+0	14970	20
ZNF786	0.007187	6.276774e+0	14971	22
SLC38A7	0.007184	6.274057e+0	14972	23
FAM214B	0.007183	6.273181e+0	14973	23
USP17L8	0.007181	6.271407e+0	14974	26
KRTAP5-10	0.007180	6.270173e+0	14975	23
NOMO2	0.007177	6.268058e+0	14976	17
OR13J1	0.007177	6.267669e+0	14977	18
ECEL1	0.007176	6.267034e+0	14978	24
SLC6A9	0.007175	6.265795e+0	14979	22
MFHAS1	0.007174	6.264957e+0	14980	20
TDRD15	0.007170	6.261871e+0	14981	21
HMX3	0.007168	6.259706e+0	14982	18
KLHL26	0.007166	6.257761e+0	14983	21
LRRC42	0.007166	6.257608e+0	14984	24
K7EMI3_HUMAN	0.007164	6.256016e+0	14985	22
RAI14	0.007161	6.253865e+0	14986	22
TBC1D32	0.007159	6.251819e+0	14987	20
USP42	0.007159	6.251579e+0	14988	23
OR2Z1	0.007157	6.249932e+0	14989	16
FAR2	0.007155	6.248635e+0	14990	20
ATF7IP2	0.007150	6.244011e+0	14991	20
C1QTNF6	0.007150	6.243689e+0	14992	20
FOXD4L6	0.007147	6.241693e+0	14993	23
SH3RF3	0.007146	6.240295e+0	14994	24
MYDGF	0.007146	6.240130e+0	14995	20
EFR3A	0.007145	6.239936e+0	14996	20
OR2T34	0.007142	6.237258e+0	14997	17
OR5D16	0.007141	6.236299e+0	14998	17
SPATA24	0.007137	6.232598e+0	14999	22
MEIG1	0.007132	6.228353e+0	15000	19
CGB3	0.007132	6.228004e+0	15001	15
KIAA1671	0.007132	6.227979e+0	15002	23
GPR137	0.007129	6.226075e+0	15003	24
C22ORF39	0.007129	6.225402e+0	15004	24
ZNF490	0.007126	6.223459e+0	15005	24
AMMECR1	0.007126	6.223147e+0	15006	18
SPEF1	0.007124	6.221044e+0	15007	20
ACYP1	0.007121	6.218402e+0	15008	12
GMEB1	0.007116	6.214765e+0	15009	19
PPM1H	0.007115	6.213326e+0	15010	20
SLC44A2	0.007114	6.213037e+0	15011	21
BEST3	0.007114	6.212234e+0	15012	24
ZNF804B	0.007111	6.209676e+0	15013	21
ENSP00000497443	0.007108	6.207206e+0	15014	17
MPP4	0.007107	6.206739e+0	15015	19
SERPINA11	0.007106	6.205770e+0	15016	23
TRIM68	0.007103	6.202783e+0	15017	21
OR2T12	0.007102	6.202322e+0	15018	18
ARHGEF37	0.007099	6.199698e+0	15019	23
NIPSNAP3A	0.007095	6.196218e+0	15020	21
SLC43A1	0.007095	6.195883e+0	15021	20
MICALL2	0.007093	6.194530e+0	15022	16
OR4C6	0.007093	6.193948e+0	15023	17
LRRC66	0.007092	6.193696e+0	15024	24
KLHL17	0.007092	6.193621e+0	15025	21
CALHM4	0.007092	6.193336e+0	15026	22
ZKSCAN7	0.007092	6.193153e+0	15027	19
OR2T35	0.007090	6.191536e+0	15028	17
CCDC32	0.007087	6.188705e+0	15029	21
ZNF768	0.007085	6.187105e+0	15030	24
OR5H6	0.007084	6.186671e+0	15031	18
DDIAS	0.007081	6.183638e+0	15032	23
SFR1	0.007079	6.182451e+0	15033	14
SFMBT2	0.007079	6.182249e+0	15034	20
OR6C1	0.007078	6.181190e+0	15035	17
ZNF777	0.007075	6.178556e+0	15036	21
CHD2	0.007073	6.176950e+0	15037	21
SMPDL3B	0.007071	6.174674e+0	15038	22
PXYLP1	0.007067	6.171864e+0	15039	20
TBC1D9	0.007066	6.170432e+0	15040	23
EBF3	0.007065	6.170099e+0	15041	20
OR52K1	0.007064	6.169089e+0	15042	16
MOB2	0.007063	6.168102e+0	15043	20
OR52N1	0.007063	6.167705e+0	15044	16
DSTYK	0.007062	6.166936e+0	15045	23
AKR1E2	0.007060	6.165220e+0	15046	22
GPR82	0.007058	6.163569e+0	15047	22
CT47A8	0.007057	6.163247e+0	15048	16
MORN3	0.007056	6.162378e+0	15049	21
CALHM2	0.007056	6.162220e+0	15050	22
MT1F	0.007054	6.160603e+0	15051	14
DPEP2	0.007054	6.160127e+0	15052	24
C10ORF120	0.007050	6.156932e+0	15053	19
CAND2	0.007050	6.156906e+0	15054	19
DUSP19	0.007050	6.156848e+0	15055	20
ZNF296	0.007048	6.155137e+0	15056	21
SLC25A27	0.007048	6.154855e+0	15057	20
DENND6A	0.007048	6.154694e+0	15058	20
ZNF200	0.007045	6.152163e+0	15059	20
ENGASE	0.007044	6.151125e+0	15060	21
S100P	0.007040	6.148173e+0	15061	19
TMEM270	0.007039	6.146908e+0	15062	21
C2CD6	0.007037	6.145634e+0	15063	22
OR1M1	0.007037	6.144967e+0	15064	17
OR5M3	0.007035	6.143193e+0	15065	17
LRRC29	0.007034	6.142976e+0	15066	24
OR51F1	0.007033	6.142032e+0	15067	17
ARPC4-TTLL3	0.007031	6.140064e+0	15068	16
FANCD2OS	0.007031	6.139951e+0	15069	22
CLIC6	0.007030	6.139222e+0	15070	20
C17ORF78	0.007029	6.138030e+0	15071	20
OR4X1	0.007028	6.137872e+0	15072	17
ENSP00000497072	0.007026	6.136169e+0	15073	21
BPIFA3	0.007025	6.135208e+0	15074	20
ANO8	0.007024	6.134122e+0	15075	24
AKR1B15	0.007021	6.131151e+0	15076	21
GCNA	0.007020	6.130789e+0	15077	23
BRINP1	0.007019	6.129553e+0	15078	21
CLPTM1	0.007018	6.128755e+0	15079	23
DHRS7C	0.007016	6.126691e+0	15080	22
OR4B1	0.007016	6.126683e+0	15081	16
HPCAL4	0.007009	6.120632e+0	15082	23
SLC17A9	0.007003	6.115559e+0	15083	24
SP4	0.007002	6.114475e+0	15084	18
PTRHD1	0.007001	6.113963e+0	15085	20
SYNDIG1L	0.006997	6.110493e+0	15086	22
NINJ2	0.006995	6.108651e+0	15087	23
CCDC85C	0.006994	6.108195e+0	15088	20
OR1N1	0.006994	6.107958e+0	15089	16
KIAA1217	0.006994	6.107841e+0	15090	22
OR2AK2	0.006989	6.103825e+0	15091	17
OR14I1	0.006989	6.103645e+0	15092	15
OR2T27	0.006986	6.101179e+0	15093	17
ASIC4	0.006986	6.100490e+0	15094	18
OR4F15	0.006985	6.099801e+0	15095	16
IMPG1	0.006979	6.095002e+0	15096	20
GPR75	0.006979	6.094932e+0	15097	20
FAM122A	0.006979	6.094918e+0	15098	16
LINC01862	0.006978	6.093801e+0	15099	21
MEGF8	0.006978	6.093658e+0	15100	16
OR1G1	0.006977	6.092697e+0	15101	16
EPPK1	0.006977	6.092645e+0	15102	20
MRC2	0.006975	6.091213e+0	15103	19
ZNF575	0.006974	6.090079e+0	15104	23
NUPR2	0.006971	6.088009e+0	15105	17
CENPS-CORT	0.006969	6.086192e+0	15106	15
ABCC11	0.006968	6.084762e+0	15107	22
DRP2	0.006965	6.082237e+0	15108	18
PRND	0.006963	6.081104e+0	15109	21
OR10G6	0.006957	6.075526e+0	15110	16
TOM1L2	0.006957	6.075438e+0	15111	19
TM4SF4	0.006957	6.075344e+0	15112	24
VASN	0.006957	6.075326e+0	15113	20
FBXO16	0.006953	6.071920e+0	15114	19
SMAP1	0.006952	6.071560e+0	15115	21
NHSL2	0.006949	6.068281e+0	15116	18
MATN4	0.006948	6.067262e+0	15117	20
COQ10A	0.006947	6.067102e+0	15118	16
ELF1	0.006947	6.066635e+0	15119	20
INMT	0.006945	6.065343e+0	15120	14
TCAF1	0.006945	6.064817e+0	15121	22
LHFPL2	0.006944	6.064561e+0	15122	25
TSPAN13	0.006942	6.062203e+0	15123	21
STARD5	0.006940	6.060771e+0	15124	19
ARHGAP36	0.006936	6.057402e+0	15125	24
ANGPTL2	0.006931	6.052667e+0	15126	20
ZNF740	0.006931	6.052416e+0	15127	21
OR10H3	0.006925	6.047882e+0	15128	17
TSPAN9	0.006922	6.045095e+0	15129	22
KRTAP16-1	0.006919	6.042379e+0	15130	21
OR10Z1	0.006919	6.041915e+0	15131	16
C9ORF24	0.006918	6.041117e+0	15132	23
LRRC28	0.006907	6.031987e+0	15133	23
PTPRQ	0.006907	6.031623e+0	15134	23
RSRP1	0.006906	6.031172e+0	15135	18
OR7E24	0.006903	6.028473e+0	15136	16
PDCL2	0.006903	6.027987e+0	15137	22
TATDN1	0.006896	6.022371e+0	15138	22
OR4S2	0.006888	6.015617e+0	15139	16
CCDC59	0.006886	6.013643e+0	15140	19
EVA1C	0.006884	6.012003e+0	15141	23
HIPK1	0.006882	6.010194e+0	15142	17
JMJD8	0.006882	6.009713e+0	15143	21
CFAP65	0.006881	6.009291e+0	15144	22
DBNDD1	0.006880	6.008556e+0	15145	22
ZNF236	0.006880	6.008353e+0	15146	22
C21ORF62	0.006880	6.008101e+0	15147	24
SKIDA1	0.006879	6.007170e+0	15148	19
GRAMD1A	0.006878	6.006271e+0	15149	22
ETDB	0.006876	6.004541e+0	15150	18
SPANXN4	0.006875	6.004328e+0	15151	20
NOTCH2NLB	0.006875	6.003597e+0	15152	21
NTN5	0.006873	6.001884e+0	15153	21
VNN3	0.006871	6.000295e+0	15154	24
EDDM13	0.006869	5.998571e+0	15155	16
PRUNE2	0.006868	5.997814e+0	15156	21
TVP23B	0.006866	5.995927e+0	15157	21
NARF	0.006865	5.995087e+0	15158	20
SH3BGRL	0.006865	5.995024e+0	15159	19
ZNF500	0.006862	5.992448e+0	15160	22
OR5AU1	0.006856	5.986941e+0	15161	16
ZSCAN29	0.006856	5.986922e+0	15162	22
ASTL	0.006853	5.984896e+0	15163	20
OSTF1	0.006853	5.984747e+0	15164	22
OGFOD2	0.006852	5.983582e+0	15165	20
DENND3	0.006851	5.983201e+0	15166	20
ANKEF1	0.006851	5.982727e+0	15167	20
SLC35F2	0.006850	5.981913e+0	15168	20
KRTAP4-6	0.006849	5.981012e+0	15169	21
LMLN	0.006845	5.977913e+0	15170	18
TRABD	0.006845	5.977804e+0	15171	23
TMEM98	0.006845	5.977681e+0	15172	19
CT47A5	0.006844	5.976979e+0	15173	15
MCTP1	0.006840	5.973600e+0	15174	23
CTDSPL2	0.006836	5.969690e+0	15175	20
DENND4A	0.006835	5.969180e+0	15176	23
MYT1	0.006833	5.967475e+0	15177	19
MIGA2	0.006833	5.967346e+0	15178	20
ATXN7L3B	0.006833	5.966882e+0	15179	19
KRTAP2-4	0.006831	5.965129e+0	15180	22
SERINC1	0.006830	5.964323e+0	15181	21
ADAMTSL4	0.006828	5.962695e+0	15182	21
TBC1D26	0.006827	5.962389e+0	15183	24
RNF207	0.006824	5.959619e+0	15184	21
SAMD1	0.006823	5.958880e+0	15185	20
TNRC18	0.006823	5.958264e+0	15186	19
PWWP2A	0.006822	5.957999e+0	15187	19
FAM126B	0.006822	5.957621e+0	15188	20
TIGD3	0.006821	5.956549e+0	15189	19
TSKS	0.006820	5.955953e+0	15190	17
NAT14	0.006820	5.955480e+0	15191	19
PITPNB	0.006819	5.954646e+0	15192	21
USP17L17	0.006818	5.954356e+0	15193	24
OR10G9	0.006818	5.953898e+0	15194	15
MARCHF9	0.006816	5.952374e+0	15195	20
POTED	0.006815	5.951679e+0	15196	22
VSTM2L	0.006814	5.950422e+0	15197	23
OR10J1	0.006814	5.950344e+0	15198	16
CST2	0.006806	5.943800e+0	15199	18
FUZ	0.006805	5.943131e+0	15200	17
C20ORF194	0.006803	5.940834e+0	15201	21
ABCA8	0.006802	5.940580e+0	15202	21
RASGEF1A	0.006802	5.939850e+0	15203	18
SMIM13	0.006801	5.939449e+0	15204	20
HEATR4	0.006800	5.938557e+0	15205	23
LARP6	0.006800	5.938463e+0	15206	20
NUDT10	0.006794	5.933309e+0	15207	17
SLC22A14	0.006793	5.932213e+0	15208	20
CMTM1	0.006793	5.932187e+0	15209	15
VGLL2	0.006791	5.930402e+0	15210	17
OR1L6	0.006789	5.928694e+0	15211	15
CXORF38	0.006785	5.925673e+0	15212	23
GLYATL2	0.006783	5.923402e+0	15213	25
SLC25A53	0.006783	5.923299e+0	15214	21
FAM131C	0.006779	5.919992e+0	15215	21
FAM170B	0.006778	5.918844e+0	15216	22
R3HDML	0.006777	5.918631e+0	15217	19
OR10P1	0.006777	5.918324e+0	15218	16
C15ORF41	0.006777	5.917940e+0	15219	18
HMSD	0.006776	5.917064e+0	15220	21
PCDHB16	0.006775	5.916478e+0	15221	19
PTGR2	0.006774	5.916038e+0	15222	22
RAB6C	0.006771	5.913046e+0	15223	19
TSEN15	0.006770	5.912615e+0	15224	14
OR2A4	0.006767	5.909458e+0	15225	16
EFCAB11	0.006765	5.907776e+0	15226	20
GRTP1	0.006763	5.906233e+0	15227	21
OR4D1	0.006763	5.906225e+0	15228	16
TRIM51	0.006763	5.905833e+0	15229	21
PCMTD2	0.006759	5.902359e+0	15230	22
CNRIP1	0.006758	5.901412e+0	15231	20
OR5A2	0.006757	5.900451e+0	15232	16
SMIM41	0.006751	5.895790e+0	15233	16
MAP3K6	0.006751	5.895560e+0	15234	19
OR6C3	0.006750	5.894944e+0	15235	16
M0QYU9_HUMAN	0.006750	5.894884e+0	15236	21
OR13C4	0.006750	5.894752e+0	15237	16
FAM149A	0.006750	5.894384e+0	15238	22
TCEAL9	0.006748	5.893326e+0	15239	18
STPG2	0.006743	5.888785e+0	15240	21
ARRDC4	0.006742	5.888147e+0	15241	19
MSANTD4	0.006741	5.886465e+0	15242	22
TENM1	0.006741	5.886462e+0	15243	17
ECSCR	0.006736	5.882757e+0	15244	22
SLC5A11	0.006735	5.881852e+0	15245	22
MINDY2	0.006733	5.880197e+0	15246	17
NIPAL3	0.006731	5.878343e+0	15247	19
ETDA	0.006730	5.877229e+0	15248	18
HBP1	0.006728	5.875962e+0	15249	19
RAET1L	0.006724	5.872076e+0	15250	19
PRR19	0.006724	5.872066e+0	15251	20
GBP7	0.006721	5.869682e+0	15252	20
C6ORF120	0.006720	5.868521e+0	15253	21
DISP2	0.006719	5.867507e+0	15254	19
LCA5L	0.006718	5.866546e+0	15255	19
MIGA1	0.006717	5.866325e+0	15256	20
OR7G1	0.006715	5.864031e+0	15257	16
DENND11	0.006714	5.863550e+0	15258	19
CCDC134	0.006714	5.863371e+0	15259	22
WFIKKN2	0.006709	5.858616e+0	15260	16
FAM168A	0.006709	5.858575e+0	15261	21
OR4A15	0.006708	5.858158e+0	15262	16
IPP	0.006705	5.855870e+0	15263	19
ABHD18	0.006703	5.853321e+0	15264	21
PNMA3	0.006701	5.851583e+0	15265	21
NDRG3	0.006700	5.851340e+0	15266	20
STEAP4	0.006699	5.849968e+0	15267	18
ELSPBP1	0.006699	5.849775e+0	15268	20
OR4K14	0.006698	5.849200e+0	15269	17
TOR2A	0.006697	5.848294e+0	15270	20
FBRSL1	0.006696	5.847494e+0	15271	16
CCM2L	0.006693	5.845197e+0	15272	20
PHYHIP	0.006690	5.842196e+0	15273	20
OR12D2	0.006688	5.840945e+0	15274	16
SPANXN3	0.006688	5.840791e+0	15275	20
PLPPR2	0.006687	5.839446e+0	15276	23
PPP1R2C	0.006686	5.839231e+0	15277	23
HECA	0.006682	5.835287e+0	15278	17
TAFA4	0.006681	5.834666e+0	15279	21
FTHL17	0.006681	5.834081e+0	15280	23
P4HTM	0.006679	5.833045e+0	15281	18
OR52J3	0.006675	5.829632e+0	15282	15
IZUMO2	0.006674	5.828295e+0	15283	18
OR2A14	0.006665	5.820944e+0	15284	16
TMEM236	0.006664	5.819920e+0	15285	22
OR52M1	0.006663	5.818650e+0	15286	16
CRYGN	0.006662	5.817508e+0	15287	19
FNDC3A	0.006661	5.817122e+0	15288	20
CA13	0.006660	5.816161e+0	15289	19
ENSP00000498395	0.006659	5.815165e+0	15290	21
NRM	0.006657	5.813523e+0	15291	19
RASL10A	0.006653	5.809845e+0	15292	14
OR2T2	0.006653	5.809672e+0	15293	16
OR13A1	0.006649	5.806135e+0	15294	16
LAMP5	0.006647	5.805179e+0	15295	21
SYTL5	0.006647	5.804699e+0	15296	18
SLC17A2	0.006645	5.803236e+0	15297	20
CCDC174	0.006645	5.802795e+0	15298	18
DEPDC7	0.006643	5.801617e+0	15299	17
SYDE2	0.006643	5.801222e+0	15300	22
THSD4	0.006642	5.800811e+0	15301	20
TANC2	0.006641	5.799331e+0	15302	21
TSC22D2	0.006638	5.796967e+0	15303	18
FAM53C	0.006637	5.796448e+0	15304	18
BFAR	0.006637	5.796280e+0	15305	19
TRIM16L	0.006636	5.795028e+0	15306	19
TEX14	0.006635	5.794131e+0	15307	20
OR5M9	0.006635	5.793963e+0	15308	16
SHROOM2	0.006633	5.792756e+0	15309	17
KRTAP5-6	0.006632	5.791351e+0	15310	22
CHRDL1	0.006631	5.791112e+0	15311	21
OR2G2	0.006631	5.791091e+0	15312	15
ZNF572	0.006631	5.790980e+0	15313	22
GXYLT2	0.006631	5.790573e+0	15314	16
CXORF65	0.006631	5.790392e+0	15315	22
FAM178B	0.006629	5.789081e+0	15316	21
PRSS12	0.006626	5.786658e+0	15317	19
GCSAM	0.006626	5.786236e+0	15318	20
SNX30	0.006625	5.785718e+0	15319	19
CCDC181	0.006624	5.785083e+0	15320	20
ELFN1	0.006624	5.784682e+0	15321	21
OR5K4	0.006623	5.784179e+0	15322	15
PNRC1	0.006622	5.783298e+0	15323	19
GPR182	0.006621	5.781723e+0	15324	18
ERFE	0.006620	5.780921e+0	15325	19
KLHDC9	0.006613	5.775455e+0	15326	22
INSC	0.006613	5.775337e+0	15327	18
GLB1L	0.006613	5.774818e+0	15328	21
GZF1	0.006609	5.771554e+0	15329	22
OR51F2	0.006605	5.768098e+0	15330	15
CGB8	0.006605	5.768017e+0	15331	13
CORO2B	0.006603	5.766650e+0	15332	19
SPDYE2	0.006603	5.766434e+0	15333	16
OR2G6	0.006600	5.764097e+0	15334	15
OR4K1	0.006595	5.759578e+0	15335	17
CPN2	0.006594	5.758206e+0	15336	19
CDX4	0.006593	5.757655e+0	15337	19
FAM174C	0.006592	5.757139e+0	15338	21
DUXA	0.006592	5.756723e+0	15339	20
C1ORF43	0.006590	5.755149e+0	15340	18
ERI2	0.006588	5.753394e+0	15341	19
OR2T8	0.006585	5.750444e+0	15342	16
RLF	0.006582	5.748142e+0	15343	19
CCDC43	0.006581	5.747360e+0	15344	20
ZC4H2	0.006577	5.743285e+0	15345	21
MOXD1	0.006576	5.742872e+0	15346	20
ZNF549	0.006575	5.742090e+0	15347	20
VPS13D	0.006569	5.737081e+0	15348	21
ACP6	0.006569	5.736342e+0	15349	17
SEMA4B	0.006568	5.735773e+0	15350	15
NUAK2	0.006566	5.733693e+0	15351	21
ANKRD36	0.006566	5.733633e+0	15352	19
VAT1L	0.006564	5.732683e+0	15353	20
SNX29	0.006564	5.732006e+0	15354	23
C10ORF88	0.006561	5.729548e+0	15355	19
ESYT3	0.006560	5.729235e+0	15356	18
TMEM31	0.006559	5.727685e+0	15357	22
ARMT1	0.006558	5.727142e+0	15358	19
TMEM200A	0.006555	5.724869e+0	15359	22
ZFP41-2	0.006554	5.723300e+0	15360	22
ZBTB1	0.006552	5.722114e+0	15361	22
AQP12B	0.006551	5.721193e+0	15362	20
ANKUB1	0.006551	5.720724e+0	15363	21
K7ERJ3_HUMAN	0.006550	5.719654e+0	15364	19
LRRC74B	0.006548	5.718139e+0	15365	19
ZHX3	0.006546	5.716229e+0	15366	20
TSC22D1	0.006545	5.716046e+0	15367	17
DEXI	0.006545	5.715340e+0	15368	20
OR2H1	0.006543	5.714246e+0	15369	15
HIPK4	0.006541	5.711887e+0	15370	19
IGDCC4	0.006540	5.711466e+0	15371	21
OR10AG1	0.006540	5.711205e+0	15372	15
WDR64	0.006539	5.710423e+0	15373	21
RIMS3	0.006539	5.710238e+0	15374	22
TMEM161A	0.006538	5.709468e+0	15375	21
TOB2	0.006537	5.708728e+0	15376	14
FAM181A	0.006537	5.708679e+0	15377	20
PSORS1C1	0.006534	5.706064e+0	15378	19
PAQR7	0.006534	5.705698e+0	15379	17
LRRFIP2	0.006533	5.704902e+0	15380	18
U2AF1L5	0.006527	5.699933e+0	15381	16
TBCK	0.006525	5.698453e+0	15382	20
FUT11	0.006524	5.697461e+0	15383	20
SLC25A33	0.006524	5.697021e+0	15384	20
ZNF628	0.006521	5.694524e+0	15385	21
KLHL32	0.006520	5.694075e+0	15386	21
FHL5	0.006519	5.693170e+0	15387	19
DAP	0.006519	5.692893e+0	15388	18
POTEH	0.006519	5.692787e+0	15389	22
THEM5	0.006518	5.691841e+0	15390	14
ZSWIM3	0.006517	5.691246e+0	15391	21
RNASE13	0.006517	5.691234e+0	15392	22
DMTF1	0.006517	5.691043e+0	15393	18
USP17L12	0.006512	5.687088e+0	15394	23
ZNF862	0.006510	5.684919e+0	15395	21
LIMS2	0.006509	5.684006e+0	15396	15
NSMAF	0.006508	5.683374e+0	15397	16
OR1I1	0.006508	5.683020e+0	15398	15
OR10H4	0.006507	5.682900e+0	15399	15
DOK6	0.006507	5.682333e+0	15400	18
CAMKV	0.006504	5.679976e+0	15401	22
PWWP2B	0.006502	5.678425e+0	15402	19
KBTBD4	0.006502	5.678187e+0	15403	19
OR52N4	0.006501	5.676967e+0	15404	15
MYMK	0.006497	5.673997e+0	15405	17
OR10T2	0.006497	5.673627e+0	15406	15
PRRC1	0.006495	5.671838e+0	15407	18
REP15	0.006494	5.670828e+0	15408	17
CAMK2N2	0.006494	5.670820e+0	15409	18
ZNF76	0.006493	5.670406e+0	15410	19
UCMA	0.006493	5.670118e+0	15411	17
OR5B2	0.006490	5.667935e+0	15412	14
C1QL3	0.006490	5.667283e+0	15413	18
CASD1	0.006489	5.666966e+0	15414	20
C10ORF143	0.006488	5.665522e+0	15415	17
OR3A3	0.006482	5.661081e+0	15416	15
PRRG3	0.006482	5.660710e+0	15417	19
CCDC126	0.006482	5.660429e+0	15418	20
NT5DC2	0.006480	5.659255e+0	15419	22
KLF7	0.006478	5.657372e+0	15420	20
FAM83A	0.006478	5.657339e+0	15421	22
TMTC3	0.006477	5.656248e+0	15422	21
RASA4B	0.006477	5.656145e+0	15423	18
MEIKIN	0.006476	5.655780e+0	15424	19
TTYH1	0.006475	5.654928e+0	15425	20
INSL4	0.006474	5.654070e+0	15426	14
ZNF510	0.006474	5.653357e+0	15427	20
CFAP97D1	0.006472	5.652360e+0	15428	20
C1QTNF1	0.006472	5.652246e+0	15429	19
OR13C9	0.006471	5.651021e+0	15430	15
REEP3	0.006470	5.650300e+0	15431	19
BHLHE23	0.006468	5.648580e+0	15432	18
CR1L	0.006468	5.648478e+0	15433	18
CASZ1	0.006468	5.648269e+0	15434	19
ZNF428	0.006467	5.647884e+0	15435	18
ZNF214	0.006466	5.646667e+0	15436	18
OR52N2	0.006462	5.642827e+0	15437	15
MYADM	0.006460	5.641497e+0	15438	21
CTDNEP1	0.006457	5.638901e+0	15439	15
WFDC11	0.006454	5.635889e+0	15440	21
TPGS2	0.006451	5.633663e+0	15441	14
MEGF6	0.006450	5.632954e+0	15442	19
OR8H1	0.006446	5.628872e+0	15443	15
SSX3	0.006444	5.627574e+0	15444	16
SLC17A4	0.006444	5.627457e+0	15445	19
DZIP1L	0.006444	5.627121e+0	15446	18
OR10V1	0.006440	5.624296e+0	15447	15
NSG1	0.006439	5.623433e+0	15448	17
C5ORF30	0.006439	5.622799e+0	15449	19
SLC10A7	0.006438	5.622286e+0	15450	18
LZIC	0.006436	5.620717e+0	15451	20
SIPA1L3	0.006435	5.619739e+0	15452	20
RHBDD3	0.006433	5.617646e+0	15453	22
ZNF358	0.006432	5.617059e+0	15454	21
CNTNAP5	0.006429	5.614654e+0	15455	21
OR52A5	0.006429	5.614074e+0	15456	15
OR5B12	0.006428	5.613439e+0	15457	14
CT47A2	0.006427	5.612690e+0	15458	14
KATNBL1	0.006426	5.611622e+0	15459	17
FEV	0.006426	5.611588e+0	15460	21
BICDL2	0.006425	5.611270e+0	15461	19
OR6J1	0.006424	5.609815e+0	15462	15
PCDH17	0.006420	5.606923e+0	15463	21
HEATR9	0.006419	5.605589e+0	15464	22
OR56B1	0.006419	5.605344e+0	15465	16
OR4A47	0.006418	5.605145e+0	15466	14
MAB21L3	0.006417	5.604005e+0	15467	20
PDZD4	0.006416	5.602769e+0	15468	20
OR4C5	0.006415	5.601963e+0	15469	15
KLHDC4	0.006415	5.601929e+0	15470	21
ART1	0.006414	5.600953e+0	15471	18
CCDC60	0.006413	5.600735e+0	15472	21
SLC18B1	0.006412	5.599588e+0	15473	20
CAMK2N1	0.006409	5.597312e+0	15474	22
RMC1	0.006408	5.595832e+0	15475	14
WFDC9	0.006407	5.595465e+0	15476	19
CES3	0.006407	5.595421e+0	15477	18
SLC15A3	0.006407	5.594894e+0	15478	20
PGLYRP3	0.006405	5.593620e+0	15479	17
PPM1E	0.006404	5.592669e+0	15480	20
GLYATL1B	0.006402	5.591079e+0	15481	24
S100Z	0.006401	5.589857e+0	15482	18
FAM228B	0.006400	5.589356e+0	15483	21
NWD2	0.006400	5.588813e+0	15484	22
VCX2	0.006399	5.588054e+0	15485	20
ZMYND15	0.006391	5.581602e+0	15486	20
OR5W2	0.006391	5.581373e+0	15487	15
KIAA0930	0.006391	5.581219e+0	15488	18
TMEM91	0.006388	5.578974e+0	15489	21
ABCC12	0.006387	5.577732e+0	15490	20
TRIML2	0.006387	5.577475e+0	15491	21
ZNF772	0.006387	5.577309e+0	15492	21
OR2L3	0.006386	5.577274e+0	15493	14
RNLS	0.006385	5.575773e+0	15494	20
GPR174	0.006383	5.574351e+0	15495	21
PTP4A3	0.006382	5.573272e+0	15496	20
PLAC8L1	0.006382	5.573267e+0	15497	21
GPR45	0.006382	5.573005e+0	15498	19
ZSCAN25	0.006380	5.571697e+0	15499	20
LOC102723502	0.006379	5.570835e+0	15500	21
ZNF717	0.006376	5.568219e+0	15501	20
PPP1R18	0.006375	5.567687e+0	15502	18
OR10C1	0.006372	5.564736e+0	15503	15
OR5P2	0.006370	5.563274e+0	15504	15
CUTA	0.006370	5.562467e+0	15505	17
OR2B2	0.006368	5.561466e+0	15506	15
HEPHL1	0.006368	5.561425e+0	15507	21
VCX3B	0.006367	5.560441e+0	15508	17
FICD	0.006365	5.558831e+0	15509	16
ZBTB24	0.006364	5.557222e+0	15510	19
LYRM1	0.006363	5.557035e+0	15511	15
PRR14L	0.006363	5.556870e+0	15512	18
TEX55	0.006363	5.556521e+0	15513	19
TMCO3	0.006362	5.555996e+0	15514	20
MTRNR2L10	0.006362	5.555865e+0	15515	16
DHRS12	0.006361	5.555232e+0	15516	20
OR2L5	0.006361	5.554773e+0	15517	13
KLRG2	0.006361	5.554679e+0	15518	21
OR5R1	0.006360	5.553759e+0	15519	14
FMO1	0.006357	5.551958e+0	15520	18
C1ORF174	0.006357	5.551254e+0	15521	20
FSIP1	0.006356	5.550272e+0	15522	15
ZNF431	0.006355	5.549911e+0	15523	20
VN1R2	0.006353	5.548235e+0	15524	21
RNF112	0.006351	5.546206e+0	15525	20
TMEM177	0.006351	5.546125e+0	15526	18
ATP8B3	0.006349	5.544665e+0	15527	15
OR52E2	0.006349	5.544443e+0	15528	15
MAP7D3	0.006348	5.544053e+0	15529	21
RWDD2B	0.006346	5.542155e+0	15530	19
V9GYH0_HUMAN	0.006344	5.540521e+0	15531	11
CEACAM7	0.006344	5.540052e+0	15532	21
GDAP2	0.006340	5.536635e+0	15533	17
PIM3	0.006339	5.535985e+0	15534	19
OR1B1	0.006339	5.535879e+0	15535	14
CRB1	0.006339	5.535599e+0	15536	14
LRRC31	0.006337	5.534121e+0	15537	19
HES3	0.006336	5.533480e+0	15538	21
ZNF445	0.006333	5.530640e+0	15539	19
C6ORF62	0.006332	5.529570e+0	15540	20
KIAA1522	0.006331	5.529263e+0	15541	17
OR52A1	0.006330	5.527582e+0	15542	14
PRSS55	0.006324	5.522927e+0	15543	20
OR5D13	0.006324	5.522692e+0	15544	15
OR2F2	0.006322	5.520573e+0	15545	14
OR1J1	0.006319	5.518266e+0	15546	14
TSPY4	0.006319	5.517999e+0	15547	19
CADM4	0.006318	5.517695e+0	15548	17
PRR20C	0.006318	5.517483e+0	15549	13
KIAA0408	0.006311	5.511365e+0	15550	20
FXYD7	0.006310	5.510080e+0	15551	15
METTL7A	0.006308	5.508842e+0	15552	21
ARHGEF18-2	0.006307	5.508151e+0	15553	16
CCDC90B	0.006303	5.504018e+0	15554	19
CBWD2	0.006300	5.501996e+0	15555	16
LRRC37A2	0.006300	5.501737e+0	15556	19
GLRA3	0.006300	5.501360e+0	15557	19
PCDHA9	0.006299	5.500693e+0	15558	15
ANKRD16	0.006296	5.498164e+0	15559	21
OR13F1	0.006295	5.497071e+0	15560	15
ANKRD13D	0.006292	5.495172e+0	15561	19
ZNF81	0.006291	5.494301e+0	15562	18
PLPP6	0.006291	5.493983e+0	15563	18
ZNF407	0.006290	5.492615e+0	15564	20
EPDR1	0.006288	5.491619e+0	15565	20
PLEKHG6	0.006286	5.489927e+0	15566	18
TMEM211	0.006286	5.489572e+0	15567	21
TRIM7	0.006280	5.484551e+0	15568	16
OR6C2	0.006280	5.484185e+0	15569	14
TCP11L2	0.006279	5.483317e+0	15570	18
ARL17A	0.006278	5.482790e+0	15571	18
MICAL2	0.006277	5.481649e+0	15572	16
ABHD3	0.006275	5.479696e+0	15573	19
DISP3	0.006271	5.476767e+0	15574	17
USP17L21	0.006270	5.475983e+0	15575	22
OSBPL7	0.006270	5.475670e+0	15576	19
SLC25A29	0.006270	5.475387e+0	15577	19
HES4	0.006270	5.475314e+0	15578	19
RASL10B	0.006268	5.473948e+0	15579	20
ARL10	0.006268	5.473772e+0	15580	18
PNCK	0.006268	5.473770e+0	15581	18
ZMAT4	0.006268	5.473477e+0	15582	20
KLHL38	0.006267	5.472744e+0	15583	21
PAPPA2	0.006264	5.470055e+0	15584	17
ANKRD20A3	0.006263	5.469690e+0	15585	21
OR1L4	0.006261	5.467811e+0	15586	13
RBM12B	0.006261	5.467543e+0	15587	20
FHAD1	0.006261	5.467423e+0	15588	21
CLMN	0.006255	5.462835e+0	15589	18
NPIPB9	0.006255	5.462711e+0	15590	20
TMEM184A	0.006255	5.462301e+0	15591	21
ANKRD13C	0.006253	5.460556e+0	15592	21
FAM219B	0.006251	5.459173e+0	15593	20
TMEM253	0.006248	5.456367e+0	15594	19
MFRP	0.006248	5.456207e+0	15595	14
FAM160A1	0.006248	5.456165e+0	15596	17
SLC22A24	0.006246	5.454517e+0	15597	19
RBMXL1	0.006246	5.454414e+0	15598	19
IPCEF1	0.006245	5.453857e+0	15599	14
OR4F5	0.006242	5.451322e+0	15600	14
NANOGP8	0.006242	5.450777e+0	15601	13
KLHL1	0.006241	5.449825e+0	15602	17
MOSPD1	0.006236	5.446213e+0	15603	21
SIK1B	0.006236	5.445676e+0	15604	16
SLC22A18AS	0.006235	5.445140e+0	15605	16
HHATL	0.006233	5.443371e+0	15606	19
CBWD6	0.006232	5.442020e+0	15607	19
RFX8	0.006230	5.441021e+0	15608	20
GDPGP1	0.006229	5.440002e+0	15609	20
GRAMD1C	0.006229	5.439953e+0	15610	19
SLC16A12	0.006227	5.438380e+0	15611	20
SRGAP2C	0.006227	5.438022e+0	15612	18
PSD	0.006227	5.437911e+0	15613	18
OR5AN1	0.006226	5.437251e+0	15614	14
KRTAP2-3	0.006224	5.435568e+0	15615	20
OR2K2	0.006223	5.434605e+0	15616	14
OR4C16	0.006223	5.434177e+0	15617	15
ZNF117	0.006221	5.433104e+0	15618	16
ZDHHC20	0.006221	5.432453e+0	15619	19
CRIP1	0.006218	5.430222e+0	15620	19
USP17L10	0.006215	5.427190e+0	15621	22
SLC25A15	0.006214	5.426464e+0	15622	15
TMEM135	0.006214	5.426407e+0	15623	18
ARL5A	0.006213	5.425472e+0	15624	19
LRRD1	0.006211	5.424283e+0	15625	17
OCSTAMP	0.006210	5.422891e+0	15626	15
ZBTB11	0.006209	5.421915e+0	15627	20
SYPL1	0.006207	5.420853e+0	15628	18
OR6B3	0.006207	5.420763e+0	15629	15
RTL6	0.006207	5.420370e+0	15630	17
OR4S1	0.006206	5.419982e+0	15631	14
TMEM207	0.006204	5.417656e+0	15632	19
SLC25A51	0.006201	5.415666e+0	15633	20
GLIPR1L2	0.006201	5.415523e+0	15634	18
CADPS2	0.006200	5.414650e+0	15635	17
USP17L5	0.006200	5.414544e+0	15636	22
SPDYC	0.006200	5.414423e+0	15637	14
BMERB1	0.006198	5.412919e+0	15638	16
SAMD12	0.006198	5.412686e+0	15639	18
TTC16	0.006194	5.409290e+0	15640	20
ZNF281	0.006191	5.406186e+0	15641	17
AMY1C	0.006189	5.404405e+0	15642	16
ST8SIA4	0.006187	5.403243e+0	15643	19
SPANXN5	0.006187	5.402685e+0	15644	22
OR6C68	0.006184	5.400291e+0	15645	14
OR5AK2	0.006182	5.398372e+0	15646	14
CT47A9	0.006181	5.397960e+0	15647	13
CT47A3	0.006180	5.397278e+0	15648	13
CCDC190	0.006180	5.396867e+0	15649	20
CT47A10	0.006180	5.396596e+0	15650	13
DTHD1	0.006178	5.395551e+0	15651	21
SMCP	0.006176	5.393512e+0	15652	17
YDJC	0.006176	5.393333e+0	15653	20
ARL16	0.006174	5.391797e+0	15654	17
OR2V2	0.006173	5.390479e+0	15655	14
ARHGEF40	0.006173	5.390473e+0	15656	20
SLC6A17	0.006173	5.390465e+0	15657	18
GBP6	0.006173	5.390426e+0	15658	19
JRK	0.006172	5.390179e+0	15659	19
OR10K2	0.006171	5.389348e+0	15660	14
TMPRSS11D	0.006171	5.389168e+0	15661	19
MIA	0.006171	5.388838e+0	15662	18
C1ORF159	0.006167	5.385422e+0	15663	20
WDR13	0.006166	5.385079e+0	15664	19
ELMOD3	0.006164	5.383160e+0	15665	19
FAM222A	0.006164	5.382729e+0	15666	16
CELF5	0.006163	5.381962e+0	15667	18
PCDHA10	0.006160	5.379631e+0	15668	12
RPS6KC1	0.006160	5.379594e+0	15669	20
GMIP	0.006159	5.379038e+0	15670	18
LGI3	0.006159	5.378692e+0	15671	16
OR2T11	0.006158	5.377400e+0	15672	14
KRTAP19-5	0.006156	5.376313e+0	15673	19
OR6C70	0.006156	5.376032e+0	15674	14
C2ORF42	0.006154	5.374126e+0	15675	19
RNF130	0.006153	5.373161e+0	15676	18
DEDD2	0.006148	5.369425e+0	15677	17
TMEM164	0.006148	5.369299e+0	15678	20
OR9Q1	0.006144	5.365473e+0	15679	14
TSPYL6	0.006144	5.365246e+0	15680	20
ADAM20	0.006142	5.363994e+0	15681	17
C22ORF42	0.006141	5.362775e+0	15682	20
SERPINI2	0.006140	5.361779e+0	15683	16
FAM83B	0.006137	5.359414e+0	15684	18
OR4K5	0.006137	5.359040e+0	15685	15
MTRNR2L6	0.006135	5.358051e+0	15686	12
CBLN4	0.006134	5.357119e+0	15687	19
EDRF1	0.006133	5.355779e+0	15688	19
CLEC19A	0.006131	5.354261e+0	15689	18
ZNF621	0.006131	5.354027e+0	15690	19
PLEKHS1	0.006129	5.352606e+0	15691	19
OR11G2	0.006127	5.350874e+0	15692	14
ODF2L	0.006127	5.350762e+0	15693	21
CCDC51	0.006127	5.350583e+0	15694	19
OR5K2	0.006125	5.348823e+0	15695	14
UBE3B	0.006122	5.346698e+0	15696	17
OR4E1	0.006121	5.345825e+0	15697	14
KCTD16	0.006121	5.345595e+0	15698	18
CCDC33	0.006121	5.345114e+0	15699	19
OR6C75	0.006117	5.342021e+0	15700	14
CPNE5	0.006114	5.339379e+0	15701	21
PAGE1	0.006113	5.338650e+0	15702	19
PANK4	0.006110	5.335601e+0	15703	16
SPRN	0.006109	5.335318e+0	15704	17
OR10K1	0.006107	5.332897e+0	15705	14
HYLS1	0.006106	5.331934e+0	15706	16
PCDHA4	0.006105	5.331474e+0	15707	15
GDF10	0.006105	5.331308e+0	15708	17
SAMD8	0.006105	5.331207e+0	15709	19
ST20-MTHFS	0.006104	5.330256e+0	15710	13
PRR9	0.006103	5.329828e+0	15711	17
OR2AE1	0.006103	5.329310e+0	15712	14
OR2M5	0.006102	5.328674e+0	15713	13
NLRP13	0.006100	5.326803e+0	15714	19
TSSK3	0.006099	5.325844e+0	15715	19
TMEM167A	0.006096	5.323781e+0	15716	20
FAM102A	0.006095	5.322420e+0	15717	17
C20ORF27	0.006095	5.322381e+0	15718	16
NCAM2	0.006095	5.322328e+0	15719	18
DENND5B	0.006095	5.322323e+0	15720	21
RIMS4	0.006094	5.322197e+0	15721	21
ZNF133	0.006093	5.320704e+0	15722	18
PM20D2	0.006092	5.320141e+0	15723	20
MRLN	0.006092	5.319883e+0	15724	14
GIPC2	0.006091	5.319123e+0	15725	17
SPIN2B	0.006090	5.318704e+0	15726	16
EFCC1	0.006089	5.317658e+0	15727	19
HID1	0.006089	5.317544e+0	15728	18
FAM71E2	0.006088	5.316292e+0	15729	20
LY6D	0.006088	5.316192e+0	15730	21
POTEB	0.006086	5.314613e+0	15731	19
TMC4	0.006085	5.314370e+0	15732	18
B3GNTL1	0.006085	5.314269e+0	15733	22
BEX5	0.006084	5.313160e+0	15734	17
OR5AS1	0.006083	5.312535e+0	15735	14
GLRA4	0.006082	5.311532e+0	15736	18
BCL2L12	0.006079	5.308438e+0	15737	16
ARGFX	0.006078	5.308000e+0	15738	17
ZFAT	0.006078	5.307980e+0	15739	18
CHST5	0.006078	5.307719e+0	15740	17
SCGB2A2	0.006077	5.307114e+0	15741	13
EFR3B	0.006077	5.307006e+0	15742	16
SPPL3	0.006076	5.305834e+0	15743	21
LOC100288966	0.006075	5.305499e+0	15744	20
FAM184B	0.006075	5.305306e+0	15745	18
PSKH2	0.006074	5.304272e+0	15746	17
CDRT15	0.006074	5.304142e+0	15747	17
ZNF562	0.006073	5.303654e+0	15748	19
SCAMP3	0.006071	5.302172e+0	15749	18
NPDC1	0.006071	5.302019e+0	15750	18
RESF1	0.006071	5.301775e+0	15751	21
OR5M8	0.006071	5.301439e+0	15752	14
PLEKHA5	0.006070	5.300468e+0	15753	19
KRBOX4	0.006067	5.298664e+0	15754	17
YY1AP1	0.006067	5.298262e+0	15755	16
OR4A5	0.006065	5.296819e+0	15756	14
DENND2C	0.006065	5.296626e+0	15757	20
RAVER2	0.006063	5.294704e+0	15758	16
AFAP1L1	0.006063	5.294512e+0	15759	19
ZNF366	0.006063	5.294420e+0	15760	19
OR9K2	0.006062	5.294244e+0	15761	14
HS1BP3	0.006062	5.294198e+0	15762	18
OR5T2	0.006056	5.289013e+0	15763	14
THAP10	0.006056	5.288991e+0	15764	16
OOSP1	0.006056	5.288590e+0	15765	19
DPCD	0.006053	5.286187e+0	15766	16
MTFP1	0.006053	5.285840e+0	15767	18
FAM122C	0.006052	5.285341e+0	15768	20
OR5B3	0.006052	5.284797e+0	15769	14
OR5V1	0.006051	5.284722e+0	15770	14
SAXO1	0.006051	5.284679e+0	15771	19
NBDY	0.006050	5.283196e+0	15772	18
PDZRN3	0.006049	5.282853e+0	15773	18
POM121L2	0.006046	5.280320e+0	15774	17
ZNF331	0.006046	5.280186e+0	15775	20
THSD7A	0.006046	5.280011e+0	15776	17
RPS6KL1	0.006045	5.278693e+0	15777	18
CYYR1	0.006039	5.273712e+0	15778	19
C5ORF47	0.006037	5.271997e+0	15779	18
FAM155A	0.006036	5.271184e+0	15780	14
DPRX	0.006036	5.270975e+0	15781	17
FNDC1	0.006035	5.270688e+0	15782	18
OR4N2	0.006035	5.270251e+0	15783	14
KCNT2	0.006034	5.269176e+0	15784	20
FOXD4	0.006032	5.267977e+0	15785	16
AVIL	0.006031	5.266413e+0	15786	18
TFAP2D	0.006030	5.266400e+0	15787	16
ZNF3	0.006030	5.265965e+0	15788	18
NOXRED1	0.006030	5.265645e+0	15789	18
RPAIN	0.006025	5.261589e+0	15790	18
OR10R2	0.006024	5.261031e+0	15791	14
ADGRF1	0.006021	5.257957e+0	15792	15
MPV17L	0.006020	5.257166e+0	15793	15
GPR151	0.006015	5.253235e+0	15794	19
TEX29	0.006015	5.252893e+0	15795	20
ZNF559	0.006011	5.249027e+0	15796	20
CARF	0.006010	5.248480e+0	15797	20
MARC2	0.006010	5.248458e+0	15798	15
IRGQ	0.006008	5.246911e+0	15799	19
OR56B4	0.006008	5.246457e+0	15800	14
FAM47B	0.006007	5.246077e+0	15801	19
HMCES	0.006006	5.245237e+0	15802	19
DNASE2B	0.006006	5.244715e+0	15803	19
ADAMTS20	0.006005	5.243966e+0	15804	18
SLC16A11	0.006005	5.243849e+0	15805	20
SALL3	0.006002	5.241938e+0	15806	18
FAM149B1	0.006001	5.240774e+0	15807	17
ITPRID2	0.006000	5.239914e+0	15808	18
OR2A5	0.006000	5.239464e+0	15809	13
OR4C3	0.005999	5.238916e+0	15810	14
ADAM8	0.005997	5.237030e+0	15811	17
C1QTNF2	0.005997	5.236811e+0	15812	18
NME9	0.005997	5.236778e+0	15813	20
FAM49B	0.005997	5.236714e+0	15814	19
CCDC85B	0.005996	5.236319e+0	15815	18
SOX15	0.005995	5.235639e+0	15816	19
SCAI	0.005995	5.235445e+0	15817	18
OR4P4	0.005994	5.234919e+0	15818	14
SLC27A3	0.005994	5.234166e+0	15819	18
BRAT1	0.005993	5.234017e+0	15820	16
SH3BGR	0.005993	5.233789e+0	15821	18
THAP3	0.005990	5.230820e+0	15822	15
OR6K2	0.005989	5.230013e+0	15823	13
ARMCX3	0.005988	5.229275e+0	15824	17
SERPINB7	0.005987	5.228006e+0	15825	20
INSYN1	0.005984	5.225642e+0	15826	17
ABITRAM	0.005983	5.224717e+0	15827	15
NKX2-3	0.005981	5.222905e+0	15828	17
PCMTD1	0.005979	5.221568e+0	15829	18
PRDM7	0.005979	5.221487e+0	15830	18
OR7A17	0.005979	5.221294e+0	15831	13
TTC13	0.005979	5.221044e+0	15832	20
NOSTRIN	0.005975	5.218005e+0	15833	16
CMTM8	0.005973	5.216221e+0	15834	13
PRSS16	0.005973	5.216154e+0	15835	17
TMEM47	0.005971	5.214408e+0	15836	20
GINM1	0.005968	5.212027e+0	15837	20
CDKN2AIP	0.005964	5.208463e+0	15838	16
OCM2	0.005964	5.208347e+0	15839	17
RFPL3	0.005963	5.207600e+0	15840	17
APOL2	0.005963	5.207550e+0	15841	19
CLNK	0.005962	5.206364e+0	15842	19
LRRC3B	0.005961	5.205886e+0	15843	20
OR2A12	0.005961	5.205853e+0	15844	13
SAP25	0.005961	5.205829e+0	15845	17
OR9G4	0.005961	5.205322e+0	15846	13
AMY1A	0.005959	5.204156e+0	15847	16
OR11H12	0.005958	5.202976e+0	15848	13
FXYD6	0.005958	5.202790e+0	15849	14
PBDC1	0.005957	5.202241e+0	15850	17
ZC3H10	0.005955	5.200595e+0	15851	18
ZNF17	0.005953	5.198593e+0	15852	18
ZNF280A	0.005953	5.198533e+0	15853	18
MAB21L2	0.005952	5.198097e+0	15854	16
KCTD18	0.005950	5.196164e+0	15855	19
CAPN8	0.005949	5.195168e+0	15856	17
CLEC1A	0.005949	5.195096e+0	15857	17
ANKRD30BL	0.005947	5.193756e+0	15858	20
SCAPER	0.005947	5.193163e+0	15859	17
TSPY9P	0.005944	5.190721e+0	15860	18
OR5A1	0.005943	5.189961e+0	15861	13
INAVA	0.005942	5.189240e+0	15862	17
SMIM23	0.005942	5.189220e+0	15863	19
LAPTM4A	0.005941	5.188599e+0	15864	17
NYAP1	0.005938	5.185487e+0	15865	19
TMTC4	0.005936	5.183942e+0	15866	20
TMEM74	0.005935	5.183353e+0	15867	18
EPB41L4B	0.005931	5.179801e+0	15868	14
AVL9	0.005931	5.179629e+0	15869	16
C11ORF80	0.005931	5.179140e+0	15870	15
OR2Y1	0.005929	5.178189e+0	15871	13
SPATA2L	0.005929	5.178173e+0	15872	13
PTPDC1	0.005928	5.177299e+0	15873	18
ART5	0.005926	5.175305e+0	15874	19
FAM210B	0.005920	5.169991e+0	15875	19
ENDOU	0.005920	5.169986e+0	15876	17
ZNF780A	0.005917	5.167376e+0	15877	19
FBXO39	0.005916	5.166586e+0	15878	18
OR2AP1	0.005914	5.164718e+0	15879	13
DSEL	0.005913	5.163361e+0	15880	19
ANKRD60	0.005912	5.162519e+0	15881	18
LYPD1	0.005911	5.162150e+0	15882	18
TESC	0.005911	5.162054e+0	15883	18
CCDC117	0.005909	5.160503e+0	15884	18
SPDYE5	0.005909	5.160440e+0	15885	13
YIPF4	0.005909	5.160062e+0	15886	16
CGRRF1	0.005908	5.159301e+0	15887	18
SERTAD2	0.005905	5.156752e+0	15888	18
OCIAD2	0.005903	5.154827e+0	15889	20
MYO15B	0.005899	5.151964e+0	15890	19
GCNT7	0.005897	5.150225e+0	15891	22
OR4C46	0.005895	5.148363e+0	15892	13
CASTOR3	0.005895	5.148346e+0	15893	14
FAM160B1	0.005894	5.147168e+0	15894	17
POTEB2	0.005894	5.147057e+0	15895	18
FAM229B	0.005889	5.142744e+0	15896	18
ABCC10	0.005889	5.142617e+0	15897	18
CCDC175	0.005888	5.142125e+0	15898	17
TENM3	0.005885	5.139403e+0	15899	16
ARL17B	0.005883	5.137382e+0	15900	16
PRR7	0.005883	5.137179e+0	15901	18
RNF186	0.005881	5.136150e+0	15902	18
MEGF11	0.005881	5.135764e+0	15903	18
EPHX3	0.005881	5.135708e+0	15904	19
OR8D4	0.005879	5.134447e+0	15905	13
C1QTNF8	0.005877	5.132430e+0	15906	18
FAM47C	0.005876	5.131718e+0	15907	20
LY6G6E	0.005876	5.131182e+0	15908	18
ZNF250	0.005875	5.130274e+0	15909	18
OR9A2	0.005872	5.127674e+0	15910	13
GCSAML-AS1	0.005868	5.124662e+0	15911	13
KIAA1841	0.005868	5.124519e+0	15912	16
SLC22A23	0.005868	5.124309e+0	15913	20
XXYLT1	0.005865	5.122145e+0	15914	16
CFAP36	0.005865	5.122020e+0	15915	18
LZTS3	0.005864	5.121250e+0	15916	15
UBE3D	0.005863	5.120011e+0	15917	15
MLLT11	0.005861	5.118754e+0	15918	15
OR8G5	0.005861	5.118425e+0	15919	13
ABHD17C	0.005861	5.118254e+0	15920	18
PON2	0.005859	5.117003e+0	15921	16
ZC3H12C	0.005858	5.115902e+0	15922	20
GRID2IP	0.005857	5.114739e+0	15923	15
HACE1	0.005856	5.114283e+0	15924	15
C2ORF83	0.005855	5.113149e+0	15925	17
RAB26	0.005854	5.112156e+0	15926	15
WDR54	0.005853	5.111526e+0	15927	19
HDHD2	0.005850	5.108997e+0	15928	20
BEND2	0.005846	5.105334e+0	15929	19
OR8K5	0.005845	5.104493e+0	15930	13
USP31	0.005842	5.101436e+0	15931	20
PLEKHF1	0.005841	5.101226e+0	15932	16
OR6C6	0.005840	5.099620e+0	15933	13
PAQR9	0.005839	5.099175e+0	15934	17
LRRC14B	0.005839	5.099129e+0	15935	19
ARRDC2	0.005836	5.096476e+0	15936	20
PTGES3L	0.005835	5.095366e+0	15937	16
SDK2	0.005834	5.094966e+0	15938	19
SAPCD1	0.005833	5.093945e+0	15939	17
ZNF676	0.005831	5.092232e+0	15940	16
TLDC2	0.005830	5.091345e+0	15941	15
CEP170B	0.005830	5.090937e+0	15942	19
EGFL6	0.005828	5.089314e+0	15943	19
TMEM82	0.005827	5.089099e+0	15944	18
SHLD3	0.005825	5.087343e+0	15945	12
SPATA45	0.005823	5.084872e+0	15946	18
FSD1	0.005823	5.084867e+0	15947	19
ZBED8	0.005822	5.084711e+0	15948	18
PRR30	0.005822	5.084652e+0	15949	19
TOR3A	0.005822	5.083935e+0	15950	18
OR1S1	0.005821	5.083534e+0	15951	12
ZMYM6	0.005818	5.080560e+0	15952	19
TBC1D2B	0.005816	5.079096e+0	15953	18
PLAC9	0.005816	5.079077e+0	15954	19
XAGE3	0.005815	5.078164e+0	15955	16
OR1S2	0.005815	5.077795e+0	15956	12
STIMATE	0.005814	5.077771e+0	15957	15
OR11H2	0.005813	5.076639e+0	15958	13
SLC35A4	0.005812	5.075629e+0	15959	17
PDZD2	0.005812	5.075558e+0	15960	17
OR10D3	0.005810	5.073691e+0	15961	13
SCCPDH	0.005808	5.072341e+0	15962	19
OR14C36	0.005802	5.067184e+0	15963	13
ADAM28	0.005801	5.065985e+0	15964	15
MMP21	0.005801	5.065941e+0	15965	15
GKN2	0.005800	5.065265e+0	15966	16
OR8I2	0.005800	5.064940e+0	15967	13
OR5B17	0.005797	5.062838e+0	15968	13
TMEM101	0.005794	5.059819e+0	15969	19
RTL4	0.005793	5.058865e+0	15970	16
LGI2	0.005793	5.058852e+0	15971	17
STMN3	0.005792	5.058408e+0	15972	19
OR8H2	0.005791	5.057373e+0	15973	13
HEG1	0.005791	5.057364e+0	15974	14
DEFB105B	0.005790	5.056123e+0	15975	12
OR4C13	0.005789	5.055731e+0	15976	13
MPV17L-2	0.005787	5.053861e+0	15977	17
OR6C74	0.005787	5.053788e+0	15978	13
EI24	0.005786	5.053156e+0	15979	17
LCN6	0.005786	5.053150e+0	15980	16
OR2L2	0.005784	5.051240e+0	15981	13
SCHIP1	0.005783	5.049995e+0	15982	13
FAM124A	0.005779	5.046966e+0	15983	20
POTEG	0.005778	5.045752e+0	15984	19
ZBED6CL	0.005775	5.043465e+0	15985	18
LRRC72	0.005773	5.041714e+0	15986	19
GAREM2	0.005772	5.040556e+0	15987	18
TESK1	0.005766	5.035832e+0	15988	14
KIAA1755	0.005766	5.035319e+0	15989	20
SYAP1	0.005764	5.033747e+0	15990	18
ZNF573	0.005764	5.033722e+0	15991	19
FAM71B	0.005762	5.031767e+0	15992	19
ZMYM1	0.005760	5.030168e+0	15993	18
FOXS1	0.005760	5.030044e+0	15994	18
UQCC3	0.005759	5.029665e+0	15995	16
LANCL2	0.005759	5.029284e+0	15996	16
BSDC1	0.005759	5.029213e+0	15997	19
AJM1	0.005758	5.028659e+0	15998	17
OR2M3	0.005756	5.026994e+0	15999	13
RRNAD1	0.005753	5.024434e+0	16000	19
KCTD8	0.005752	5.023522e+0	16001	18
ARHGAP33	0.005750	5.021106e+0	16002	18
NEXMIF	0.005750	5.021014e+0	16003	18
KLF12	0.005747	5.018579e+0	16004	17
KLHDC8A	0.005747	5.018391e+0	16005	16
STK16	0.005746	5.017986e+0	16006	18
PCDHB5	0.005744	5.016625e+0	16007	19
TSPAN3	0.005742	5.014848e+0	16008	17
SERPINB9	0.005737	5.010494e+0	16009	15
ANKRD12	0.005737	5.010482e+0	16010	19
ZDHHC15	0.005737	5.010196e+0	16011	19
FBXO34	0.005732	5.005398e+0	16012	15
PCDHA11	0.005729	5.003164e+0	16013	13
RSPH10B2	0.005729	5.003047e+0	16014	17
SLC7A14	0.005727	5.001175e+0	16015	19
MS4A5	0.005726	5.000218e+0	16016	16
C1ORF226	0.005725	4.999418e+0	16017	18
CCDC125	0.005722	4.996797e+0	16018	19
TMEM247	0.005720	4.995430e+0	16019	17
SOX21	0.005720	4.994839e+0	16020	17
KLF8	0.005713	4.989344e+0	16021	16
WWC3	0.005708	4.984923e+0	16022	16
SDR39U1	0.005707	4.984051e+0	16023	18
ZNF45	0.005707	4.984007e+0	16024	15
TMEM196	0.005707	4.983528e+0	16025	18
PI16	0.005706	4.982889e+0	16026	16
CCDC154	0.005706	4.982844e+0	16027	18
SCAMP5	0.005704	4.981491e+0	16028	18
C7ORF61	0.005703	4.979981e+0	16029	16
TMEM187	0.005701	4.978866e+0	16030	15
MPPED2	0.005697	4.974798e+0	16031	13
ABCA6	0.005696	4.974678e+0	16032	16
SLITRK6	0.005692	4.970452e+0	16033	19
ZNF224	0.005691	4.969864e+0	16034	14
TSPYL4	0.005688	4.966990e+0	16035	18
BPIFB4	0.005685	4.964672e+0	16036	16
UCN2	0.005685	4.964610e+0	16037	9
PRSS23	0.005684	4.963571e+0	16038	19
MPZL2	0.005683	4.963333e+0	16039	18
TMEM222	0.005683	4.963189e+0	16040	18
OR8J3	0.005683	4.962788e+0	16041	13
LRCH2	0.005682	4.962387e+0	16042	16
HCG_1642624	0.005682	4.961981e+0	16043	16
CCN5	0.005679	4.959706e+0	16044	18
TMEM176A	0.005679	4.959134e+0	16045	17
CT83	0.005678	4.959004e+0	16046	18
TMEM94	0.005676	4.956983e+0	16047	16
ANKRD36C	0.005675	4.956318e+0	16048	17
BEST2	0.005673	4.953831e+0	16049	16
MALL	0.005671	4.952444e+0	16050	14
GKAP1	0.005669	4.950875e+0	16051	17
ZNF775	0.005666	4.947758e+0	16052	19
CCDC24	0.005665	4.947541e+0	16053	19
ZNF253	0.005661	4.943365e+0	16054	19
TMCO4	0.005660	4.942886e+0	16055	17
PPP1R14C	0.005658	4.941238e+0	16056	16
HEBP1	0.005656	4.939738e+0	16057	17
ENSP00000490163	0.005654	4.937611e+0	16058	19
OR5M1	0.005653	4.936904e+0	16059	12
CLEC4F	0.005651	4.934880e+0	16060	17
SYNGR2	0.005645	4.929643e+0	16061	15
OR4D5	0.005643	4.927975e+0	16062	12
OR10AD1	0.005640	4.925473e+0	16063	13
ZNF79	0.005639	4.924459e+0	16064	15
CAPN7	0.005638	4.923728e+0	16065	12
KBTBD3	0.005638	4.923414e+0	16066	18
ZNF684	0.005638	4.923282e+0	16067	16
SH3D21	0.005636	4.922121e+0	16068	19
NKAIN3	0.005635	4.921301e+0	16069	21
ZNF197	0.005635	4.920792e+0	16070	15
SCUBE3	0.005633	4.919289e+0	16071	14
WFDC13	0.005632	4.918505e+0	16072	15
RIPPLY1	0.005632	4.918236e+0	16073	14
GPR108	0.005631	4.917868e+0	16074	17
OR13C2	0.005629	4.916088e+0	16075	12
HSFY2	0.005628	4.915306e+0	16076	18
DEFB103B	0.005627	4.914429e+0	16077	15
MCRIP2	0.005625	4.912222e+0	16078	16
OR13D1	0.005620	4.907707e+0	16079	12
FAM172A	0.005620	4.907639e+0	16080	17
TENT5D	0.005618	4.906211e+0	16081	19
ZNF182	0.005614	4.903049e+0	16082	17
TMEM63A	0.005613	4.902206e+0	16083	19
ZNF77	0.005613	4.901978e+0	16084	15
LRATD2	0.005612	4.901215e+0	16085	17
SP140L	0.005612	4.901149e+0	16086	15
TMEM65	0.005611	4.900016e+0	16087	19
NR2C2AP	0.005608	4.897386e+0	16088	16
CCDC102B	0.005607	4.896858e+0	16089	18
RNF212B	0.005607	4.896834e+0	16090	16
GRAMD1B	0.005604	4.894322e+0	16091	16
FKBP7	0.005604	4.893744e+0	16092	18
L3MBTL4	0.005602	4.891902e+0	16093	19
CABP7	0.005595	4.885883e+0	16094	18
DMRT2	0.005594	4.885103e+0	16095	18
NEK3	0.005594	4.884811e+0	16096	16
C7ORF33	0.005592	4.883792e+0	16097	19
SCGB3A1	0.005592	4.883050e+0	16098	16
PRSS36	0.005591	4.883001e+0	16099	18
RFX4	0.005591	4.882394e+0	16100	17
TSPAN6	0.005589	4.881091e+0	16101	17
NET1	0.005587	4.879136e+0	16102	15
DTWD1	0.005587	4.878788e+0	16103	16
MARC1	0.005586	4.878411e+0	16104	14
C2CD2L	0.005585	4.877687e+0	16105	18
LINS1	0.005585	4.877425e+0	16106	17
FPGT	0.005582	4.874875e+0	16107	13
OVOL2	0.005580	4.873089e+0	16108	17
ADGRG3	0.005579	4.872395e+0	16109	15
CLMP	0.005579	4.871949e+0	16110	15
SIT1	0.005579	4.871837e+0	16111	16
PCDH9	0.005577	4.870580e+0	16112	19
ERICH1	0.005576	4.869522e+0	16113	18
CARD17	0.005575	4.869008e+0	16114	14
CRACR2B	0.005572	4.866079e+0	16115	18
ZNF570	0.005569	4.863610e+0	16116	17
LINC02203-2	0.005569	4.863192e+0	16117	12
CYLC2	0.005568	4.862110e+0	16118	16
DIRAS2	0.005567	4.861372e+0	16119	17
ZNF701	0.005566	4.860814e+0	16120	17
AMIGO2	0.005564	4.858685e+0	16121	17
NIPSNAP3B	0.005562	4.857600e+0	16122	17
TPSB2	0.005559	4.854799e+0	16123	13
KAZN	0.005558	4.853755e+0	16124	17
OLFML3	0.005558	4.853744e+0	16125	16
OR52E6	0.005555	4.850735e+0	16126	12
TLCD3A	0.005554	4.850253e+0	16127	16
VWA3B	0.005553	4.849352e+0	16128	17
VSTM2B	0.005552	4.848938e+0	16129	20
ADAD2	0.005551	4.847905e+0	16130	18
TMEM88B	0.005549	4.845999e+0	16131	20
SPANXB1	0.005546	4.843290e+0	16132	16
LRRIQ4	0.005545	4.842126e+0	16133	16
RNFT1	0.005544	4.841968e+0	16134	18
HARBI1	0.005544	4.841453e+0	16135	16
RTP3	0.005543	4.840979e+0	16136	18
GML	0.005538	4.836407e+0	16137	18
MTSS2	0.005538	4.836074e+0	16138	18
SERINC5	0.005537	4.835628e+0	16139	15
PGAP6	0.005537	4.835561e+0	16140	17
PODNL1	0.005537	4.835363e+0	16141	18
PAQR5	0.005536	4.834845e+0	16142	15
SPANXN1	0.005532	4.831105e+0	16143	20
SOX14	0.005528	4.827310e+0	16144	18
OR52B4	0.005526	4.826229e+0	16145	12
EQTN	0.005523	4.823282e+0	16146	18
OR9I1	0.005522	4.822696e+0	16147	12
SLC44A4	0.005521	4.821822e+0	16148	16
TBC1D3G	0.005520	4.820343e+0	16149	19
ZDHHC11	0.005519	4.819870e+0	16150	15
OR10A7	0.005518	4.818887e+0	16151	12
ADAMTSL5	0.005517	4.817959e+0	16152	15
AKNA	0.005516	4.817171e+0	16153	16
SFXN3	0.005512	4.813666e+0	16154	19
ZNF208	0.005512	4.813609e+0	16155	14
LRRC15	0.005509	4.811140e+0	16156	18
MORN4	0.005508	4.810037e+0	16157	15
MTRNR2L12	0.005508	4.809956e+0	16158	11
NKAIN4	0.005506	4.808012e+0	16159	18
TBC1D12	0.005505	4.807522e+0	16160	17
CBLL2	0.005505	4.807354e+0	16161	15
PRRG2	0.005504	4.806647e+0	16162	15
ZDHHC16	0.005503	4.806100e+0	16163	17
ZNF514	0.005501	4.804303e+0	16164	18
TANGO6	0.005501	4.804170e+0	16165	17
ZFP64	0.005500	4.803515e+0	16166	18
WFDC10B	0.005494	4.797974e+0	16167	16
OR2B6	0.005491	4.795500e+0	16168	12
OR14K1	0.005487	4.791343e+0	16169	12
OR5H15	0.005483	4.788510e+0	16170	12
NAALAD2	0.005476	4.782200e+0	16171	16
DEPDC4	0.005476	4.782015e+0	16172	18
SLC25A10-2	0.005475	4.781013e+0	16173	16
MAGIX	0.005474	4.780343e+0	16174	13
FERD3L	0.005473	4.779627e+0	16175	16
OR2T6	0.005473	4.779448e+0	16176	12
TBC1D3	0.005471	4.777713e+0	16177	15
LRCOL1	0.005470	4.776992e+0	16178	15
ZNF235	0.005469	4.775675e+0	16179	16
RBM4B	0.005468	4.775408e+0	16180	16
SIGLEC11	0.005466	4.773381e+0	16181	16
MEX3D	0.005464	4.772031e+0	16182	15
KIAA1191	0.005464	4.771599e+0	16183	18
MRFAP1L1	0.005464	4.771445e+0	16184	15
TMPRSS11A	0.005460	4.768436e+0	16185	17
ZNF674	0.005460	4.768122e+0	16186	15
GON7	0.005458	4.766867e+0	16187	10
DMRTB1	0.005458	4.766369e+0	16188	18
GSX1	0.005456	4.764525e+0	16189	18
TMEM128	0.005455	4.764075e+0	16190	18
FAM90A10P	0.005455	4.764074e+0	16191	14
MYEOV	0.005455	4.764062e+0	16192	15
ABO	0.005453	4.762012e+0	16193	9
FAM162A	0.005451	4.760734e+0	16194	17
ZNF280B	0.005450	4.759652e+0	16195	17
NBEAL1	0.005445	4.755359e+0	16196	18
CD302	0.005443	4.753219e+0	16197	14
RWDD4	0.005443	4.753203e+0	16198	15
C16ORF96	0.005438	4.748717e+0	16199	18
PROSER3	0.005437	4.748347e+0	16200	17
GTSF1L	0.005436	4.747544e+0	16201	18
RFT1	0.005436	4.747375e+0	16202	14
KRTAP10-10	0.005436	4.747359e+0	16203	13
FAM90A1	0.005436	4.747321e+0	16204	14
MAP7D2	0.005435	4.746546e+0	16205	18
TSBP1	0.005434	4.745279e+0	16206	17
LCN15	0.005434	4.745078e+0	16207	15
SLC37A3	0.005432	4.743321e+0	16208	18
HAND1	0.005430	4.742256e+0	16209	15
TCIM	0.005430	4.741685e+0	16210	15
ITPRIPL1	0.005430	4.741579e+0	16211	18
PRSS53	0.005429	4.740781e+0	16212	18
CCDC88B	0.005426	4.738394e+0	16213	17
NUTM2G	0.005425	4.737299e+0	16214	16
SPHKAP	0.005424	4.736755e+0	16215	17
ASAP3	0.005423	4.736120e+0	16216	14
CST5	0.005423	4.736113e+0	16217	17
TLNRD1	0.005420	4.733380e+0	16218	14
WDR87	0.005420	4.733053e+0	16219	18
FGFBP3	0.005419	4.732717e+0	16220	17
TINAGL1	0.005419	4.732299e+0	16221	17
ZNF157	0.005419	4.732295e+0	16222	16
SASH1	0.005418	4.731585e+0	16223	16
UBTD1	0.005417	4.730676e+0	16224	15
ALG9	0.005412	4.725983e+0	16225	12
CALN1	0.005411	4.725398e+0	16226	16
PCBP3	0.005407	4.722216e+0	16227	18
B3GNT8	0.005406	4.721157e+0	16228	21
SAYSD1	0.005404	4.719240e+0	16229	16
RBBP8NL	0.005404	4.718989e+0	16230	17
C18ORF25	0.005402	4.717513e+0	16231	16
FAM189B	0.005402	4.717413e+0	16232	17
PLEKHB1	0.005400	4.716199e+0	16233	15
FAM81A	0.005399	4.715345e+0	16234	18
REXO5	0.005398	4.713792e+0	16235	15
GUCD1	0.005396	4.712417e+0	16236	15
TTC31	0.005395	4.711110e+0	16237	17
BCAM	0.005394	4.710860e+0	16238	14
MTRNR2L4	0.005393	4.710013e+0	16239	12
IKZF5	0.005393	4.709793e+0	16240	13
FAM118B	0.005390	4.706955e+0	16241	16
GPRIN3	0.005389	4.705965e+0	16242	17
KRTAP10-6	0.005387	4.704172e+0	16243	17
FAM9A	0.005386	4.703557e+0	16244	16
THEG	0.005385	4.702894e+0	16245	17
OR8S1	0.005384	4.702096e+0	16246	11
C2CD2	0.005384	4.701675e+0	16247	16
OSBPL1A	0.005384	4.701547e+0	16248	11
ANKRD34C	0.005381	4.699016e+0	16249	19
OR9A4	0.005380	4.698378e+0	16250	11
TTC9	0.005378	4.696912e+0	16251	18
ANTXRL	0.005378	4.696235e+0	16252	18
KRTAP10-12	0.005376	4.694941e+0	16253	12
LRRN1	0.005376	4.694864e+0	16254	18
GSG1L2	0.005375	4.693867e+0	16255	15
SNX19	0.005375	4.693573e+0	16256	18
KHDC4	0.005374	4.693217e+0	16257	16
C19ORF57	0.005373	4.692304e+0	16258	15
KRBA2	0.005372	4.690971e+0	16259	17
ZFYVE21	0.005371	4.690117e+0	16260	17
SLC7A3	0.005370	4.689879e+0	16261	17
SLC9C2	0.005368	4.688229e+0	16262	16
CSNK1G1	0.005366	4.686303e+0	16263	15
OR6B2	0.005366	4.686081e+0	16264	12
CENPBD1	0.005365	4.685554e+0	16265	17
TSPAN17	0.005363	4.683427e+0	16266	16
METTL26	0.005363	4.683096e+0	16267	18
PRR13	0.005362	4.682816e+0	16268	15
HYAL4	0.005362	4.682571e+0	16269	13
GIMAP1	0.005360	4.680741e+0	16270	13
NRSN2	0.005359	4.679869e+0	16271	18
TMEFF1	0.005359	4.679562e+0	16272	16
FAM160B2	0.005358	4.679106e+0	16273	16
XAGE2	0.005356	4.677396e+0	16274	15
KLHL36	0.005356	4.677239e+0	16275	16
OR4K13	0.005354	4.675559e+0	16276	12
HNRNPA1P48	0.005350	4.671921e+0	16277	16
SIMC1	0.005344	4.666757e+0	16278	17
CCDC169	0.005341	4.664372e+0	16279	19
GJA10	0.005341	4.664319e+0	16280	19
PCDHGB2	0.005340	4.663661e+0	16281	14
CALHM6	0.005340	4.663564e+0	16282	18
SP9	0.005337	4.661166e+0	16283	15
NKIRAS2	0.005336	4.659982e+0	16284	11
OR4C15	0.005335	4.659213e+0	16285	12
ZNF557	0.005334	4.658314e+0	16286	17
C17ORF50	0.005333	4.657699e+0	16287	17
GGTLC3	0.005332	4.656333e+0	16288	14
ATP9A	0.005332	4.656052e+0	16289	16
ZNF22	0.005330	4.654684e+0	16290	14
GOLGA8F	0.005330	4.654230e+0	16291	16
TPTE2	0.005327	4.652196e+0	16292	16
CCDC158	0.005326	4.651273e+0	16293	18
ZFP37	0.005325	4.650269e+0	16294	16
OBP2B	0.005323	4.648782e+0	16295	15
BEND3	0.005322	4.647567e+0	16296	17
DMAC1	0.005321	4.646781e+0	16297	17
PODN	0.005319	4.645380e+0	16298	17
ZDHHC4	0.005316	4.642800e+0	16299	16
ARHGAP8	0.005313	4.639641e+0	16300	10
PGBD2	0.005310	4.637408e+0	16301	16
KLF16	0.005309	4.636382e+0	16302	15
PCDHGB1	0.005308	4.635853e+0	16303	14
ZNF165	0.005308	4.635522e+0	16304	16
MYBPHL	0.005308	4.635123e+0	16305	16
ARHGEF26	0.005307	4.634861e+0	16306	14
VSIG10	0.005306	4.633820e+0	16307	18
PGBD4	0.005303	4.630944e+0	16308	16
ZNF324B	0.005301	4.629653e+0	16309	16
FAXC	0.005301	4.629291e+0	16310	16
PLPPR3	0.005301	4.629114e+0	16311	16
PDZRN4	0.005297	4.626074e+0	16312	18
LRRC37B	0.005295	4.623836e+0	16313	13
FAM122B	0.005294	4.623619e+0	16314	17
CDRT4	0.005294	4.623061e+0	16315	15
OR2V1	0.005291	4.620926e+0	16316	11
RNF183	0.005291	4.620452e+0	16317	17
FAM174B	0.005290	4.620150e+0	16318	18
ZNF507	0.005288	4.617720e+0	16319	18
PANX2	0.005285	4.614969e+0	16320	16
CBWD3	0.005284	4.614514e+0	16321	17
ASTE1	0.005279	4.609715e+0	16322	17
OR52I1	0.005270	4.602238e+0	16323	11
OR2AG2	0.005270	4.602209e+0	16324	11
OR4A16	0.005267	4.599931e+0	16325	11
SMIM31	0.005266	4.599186e+0	16326	15
RAI2	0.005266	4.598920e+0	16327	14
ISM2	0.005266	4.598511e+0	16328	14
ANO4	0.005265	4.598180e+0	16329	17
ITPRIP	0.005265	4.597936e+0	16330	16
CSRP2	0.005262	4.595458e+0	16331	17
GPRC5D	0.005261	4.594808e+0	16332	15
CCDC121	0.005260	4.593886e+0	16333	13
GDPD2	0.005259	4.592759e+0	16334	17
GPR61	0.005257	4.590629e+0	16335	17
STAC2	0.005255	4.589253e+0	16336	16
RASL11B	0.005255	4.589029e+0	16337	17
ANGPTL1	0.005255	4.588795e+0	16338	14
LMNTD1	0.005253	4.587394e+0	16339	17
RNF220	0.005253	4.587252e+0	16340	15
PRSS21	0.005253	4.587034e+0	16341	18
OR6Y1	0.005246	4.581234e+0	16342	11
GDAP1L1	0.005245	4.580677e+0	16343	18
SFT2D1	0.005245	4.580424e+0	16344	17
MMP28	0.005245	4.580198e+0	16345	15
OR4D11	0.005244	4.579775e+0	16346	11
TMEM117	0.005242	4.578174e+0	16347	17
LEKR1	0.005241	4.577268e+0	16348	19
TMEM50B	0.005241	4.576832e+0	16349	14
FSCN3	0.005241	4.576638e+0	16350	17
UBE2QL1	0.005240	4.576098e+0	16351	15
SLC26A11	0.005240	4.575791e+0	16352	16
LOC102723532	0.005238	4.573997e+0	16353	11
OR6C76	0.005238	4.573997e+0	16354	11
SPDYE1	0.005237	4.573791e+0	16355	10
OR2T3	0.005237	4.573274e+0	16356	11
PHACTR4	0.005236	4.572857e+0	16357	15
ADAM21	0.005234	4.571227e+0	16358	14
PAGE4	0.005234	4.570714e+0	16359	16
OR6V1	0.005233	4.570380e+0	16360	11
OR5AC2	0.005233	4.570380e+0	16361	11
OR2AJ1	0.005233	4.570380e+0	16362	11
OR6Q1	0.005233	4.570380e+0	16363	11
OR5T3	0.005233	4.570380e+0	16364	11
ANKRD35	0.005233	4.569672e+0	16365	17
ANKRD34A	0.005231	4.568486e+0	16366	18
TCEAL3	0.005228	4.566014e+0	16367	14
USP17L7	0.005224	4.562445e+0	16368	15
EVI5L	0.005224	4.561800e+0	16369	16
CALHM3	0.005223	4.561417e+0	16370	15
EBF4	0.005223	4.560910e+0	16371	15
SLC5A10	0.005223	4.560903e+0	16372	18
KLHL33	0.005220	4.558898e+0	16373	18
ZNF28	0.005220	4.558371e+0	16374	16
ZCCHC12	0.005217	4.556076e+0	16375	14
GLIPR2	0.005217	4.555746e+0	16376	14
MFSD4B	0.005215	4.554494e+0	16377	16
CTXN1	0.005215	4.553901e+0	16378	17
PRXL2A	0.005213	4.552627e+0	16379	16
CCDC25	0.005211	4.550594e+0	16380	17
LTK	0.005209	4.549058e+0	16381	13
FAM133B	0.005206	4.546662e+0	16382	16
PRSS54	0.005206	4.546094e+0	16383	16
MAGEE1	0.005205	4.545713e+0	16384	15
TOX2	0.005204	4.544556e+0	16385	15
ZNF341	0.005203	4.543722e+0	16386	16
ZNF774	0.005201	4.541682e+0	16387	17
ZBTB45	0.005200	4.541230e+0	16388	16
KRTAP10-2	0.005200	4.540736e+0	16389	14
ZNF841	0.005199	4.540551e+0	16390	17
NAV2	0.005199	4.540103e+0	16391	15
CLRN2	0.005197	4.538927e+0	16392	16
MBD3L5	0.005197	4.538286e+0	16393	14
SMIM4	0.005194	4.535574e+0	16394	17
VWA5A	0.005193	4.534842e+0	16395	17
TMEM60	0.005192	4.534571e+0	16396	17
STRIT1	0.005190	4.532765e+0	16397	13
NRBP2	0.005190	4.532733e+0	16398	15
CCDC102A	0.005189	4.531605e+0	16399	17
CDIP1	0.005185	4.528347e+0	16400	16
PLPPR4	0.005185	4.527850e+0	16401	17
RNF175	0.005184	4.527257e+0	16402	17
CDKL1	0.005183	4.526451e+0	16403	16
TLE7	0.005183	4.526305e+0	16404	13
LHFPL6	0.005183	4.525903e+0	16405	14
FAM163A	0.005182	4.525115e+0	16406	17
ADAMTSL1	0.005180	4.523941e+0	16407	16
LRRN3	0.005179	4.523041e+0	16408	16
IFFO1	0.005177	4.521165e+0	16409	14
ZNF134	0.005177	4.520868e+0	16410	17
MAST4	0.005176	4.520007e+0	16411	18
ZNF19	0.005172	4.516919e+0	16412	16
HILPDA	0.005171	4.515567e+0	16413	15
RAP1GAP2	0.005169	4.513985e+0	16414	14
CCER1	0.005167	4.512516e+0	16415	17
PCDHGB3	0.005163	4.508598e+0	16416	12
ERICH3	0.005163	4.508413e+0	16417	16
SULT6B1	0.005162	4.508333e+0	16418	14
ATRAID	0.005161	4.507241e+0	16419	15
SPATA48	0.005158	4.504188e+0	16420	16
CEMIP2	0.005154	4.501325e+0	16421	14
GLT6D1	0.005154	4.500685e+0	16422	14
PCDHA7	0.005153	4.499705e+0	16423	11
ARHGEF39	0.005152	4.498909e+0	16424	17
CIPC	0.005148	4.495931e+0	16425	13
BCL2L15	0.005148	4.495316e+0	16426	16
NLRP11	0.005148	4.495300e+0	16427	15
ZNF579	0.005147	4.494865e+0	16428	15
REX1BD	0.005145	4.493537e+0	16429	14
TMEM220	0.005144	4.491955e+0	16430	17
FUNDC2	0.005141	4.489593e+0	16431	17
SCGB1C1	0.005137	4.486166e+0	16432	17
CLDND1	0.005137	4.485983e+0	16433	15
TMEM131	0.005136	4.484925e+0	16434	16
GGTLC2	0.005135	4.484127e+0	16435	14
PCDHB4	0.005133	4.482862e+0	16436	18
ZNF185	0.005131	4.480852e+0	16437	15
PLXDC1	0.005130	4.479819e+0	16438	15
SLC38A6	0.005130	4.479638e+0	16439	17
MISP	0.005129	4.479336e+0	16440	14
TTC38	0.005129	4.478972e+0	16441	16
TMEM86A	0.005127	4.476951e+0	16442	18
C1QTNF12	0.005126	4.476918e+0	16443	16
TMEM14B	0.005126	4.476443e+0	16444	16
RNF208	0.005125	4.475919e+0	16445	16
ST8SIA6	0.005123	4.473752e+0	16446	15
C2ORF80	0.005120	4.471431e+0	16447	17
ARHGAP23	0.005119	4.470622e+0	16448	14
DIPK2B	0.005118	4.469790e+0	16449	16
GLMP	0.005118	4.469503e+0	16450	17
TGM6	0.005118	4.469432e+0	16451	15
FAM83E	0.005116	4.468062e+0	16452	18
POTEI	0.005116	4.468008e+0	16453	17
C6ORF226	0.005116	4.467596e+0	16454	14
MRGPRX1	0.005115	4.466702e+0	16455	11
FRMD4B	0.005111	4.463566e+0	16456	14
TMEM106A	0.005110	4.462116e+0	16457	13
FLACC1	0.005107	4.459915e+0	16458	15
TAAR2	0.005107	4.459561e+0	16459	15
TMEM92	0.005106	4.459419e+0	16460	17
STK17B	0.005106	4.459356e+0	16461	16
MARCHF11	0.005101	4.454284e+0	16462	13
THAP8	0.005099	4.453131e+0	16463	14
ECHDC3	0.005099	4.452984e+0	16464	17
SLC25A26	0.005097	4.451616e+0	16465	15
NKX6-3	0.005096	4.450577e+0	16466	17
ANXA10	0.005096	4.449913e+0	16467	14
MARCHF4	0.005095	4.449462e+0	16468	15
INCA1	0.005095	4.449138e+0	16469	16
ANKRD30A	0.005094	4.448659e+0	16470	17
TEDDM1	0.005094	4.448466e+0	16471	15
TMEM244	0.005094	4.448172e+0	16472	16
PHF21B	0.005092	4.446819e+0	16473	13
SHISAL2B	0.005092	4.446448e+0	16474	18
GPR157	0.005091	4.446242e+0	16475	17
ZFAND1	0.005090	4.445412e+0	16476	16
FBXO24	0.005090	4.445242e+0	16477	14
RBAK	0.005088	4.443591e+0	16478	14
C11ORF95	0.005087	4.442563e+0	16479	13
FAM217B	0.005087	4.442074e+0	16480	14
C1QL1	0.005084	4.439886e+0	16481	16
RASSF10	0.005083	4.439205e+0	16482	12
ZNF114	0.005082	4.438450e+0	16483	13
GPR160	0.005081	4.437438e+0	16484	17
TMEM183A	0.005081	4.437377e+0	16485	16
ARMH3	0.005080	4.436325e+0	16486	14
MATN2	0.005079	4.435509e+0	16487	17
SLC35F4	0.005079	4.435296e+0	16488	14
MOB3B	0.005077	4.433616e+0	16489	15
PHLDA3	0.005077	4.433371e+0	16490	15
BTBD7	0.005076	4.432613e+0	16491	15
HNRNPCL2	0.005075	4.432226e+0	16492	15
FAM104B	0.005075	4.432028e+0	16493	17
KCTD21	0.005074	4.431103e+0	16494	15
DACT3	0.005071	4.428845e+0	16495	15
LRRC70	0.005071	4.428616e+0	16496	13
PRM3	0.005069	4.426413e+0	16497	15
PRXL2C	0.005067	4.425408e+0	16498	17
ENSP00000480527	0.005067	4.424770e+0	16499	13
SLC52A2	0.005065	4.423611e+0	16500	15
STOX2	0.005062	4.420561e+0	16501	17
CXORF40A	0.005061	4.419961e+0	16502	15
LRRC17	0.005061	4.419634e+0	16503	17
OR4C11	0.005059	4.418313e+0	16504	11
TSPY3	0.005058	4.417151e+0	16505	18
SMCO3	0.005058	4.416732e+0	16506	15
GPR135	0.005054	4.413741e+0	16507	15
OR10Q1	0.005053	4.412565e+0	16508	11
ZNF611	0.005052	4.411934e+0	16509	17
CEACAM21	0.005050	4.410380e+0	16510	16
SAMD5	0.005049	4.409266e+0	16511	14
SMIM6	0.005044	4.405206e+0	16512	15
CHURC1	0.005043	4.403696e+0	16513	12
PDZD9	0.005042	4.402806e+0	16514	14
DEFB107B	0.005041	4.402586e+0	16515	14
FAM83C	0.005039	4.400876e+0	16516	17
SLC44A1	0.005038	4.399549e+0	16517	17
ZNF714	0.005038	4.399421e+0	16518	16
LRRC19	0.005035	4.397348e+0	16519	16
ZCCHC24	0.005033	4.395014e+0	16520	17
TM4SF20	0.005030	4.392682e+0	16521	17
FBLN7	0.005029	4.391520e+0	16522	15
NPL	0.005029	4.391400e+0	16523	13
ZNF10	0.005028	4.390993e+0	16524	13
ABCA10	0.005025	4.388393e+0	16525	16
OLFML2B	0.005025	4.388043e+0	16526	18
SPATA33	0.005022	4.385860e+0	16527	16
SCARF2	0.005019	4.383372e+0	16528	16
ZNF793	0.005016	4.380860e+0	16529	16
GPR19	0.005014	4.378519e+0	16530	15
FAM171B	0.005013	4.377870e+0	16531	18
ADO	0.005013	4.377576e+0	16532	10
ANKFN1	0.005012	4.377190e+0	16533	16
SLC16A5	0.005011	4.375873e+0	16534	17
PPP1R14D	0.005011	4.375868e+0	16535	13
MTRNR2L5	0.005010	4.375141e+0	16536	12
TMEM202	0.005010	4.374896e+0	16537	16
NUTM2A	0.005008	4.373726e+0	16538	13
TMEM108	0.005006	4.371854e+0	16539	14
ZBTB39	0.005005	4.371228e+0	16540	16
RNF32	0.005005	4.371043e+0	16541	14
GLIPR1L1	0.005004	4.369767e+0	16542	16
CASKIN2	0.005001	4.366993e+0	16543	14
C1ORF105	0.004999	4.366018e+0	16544	15
NBPF12	0.004998	4.364391e+0	16545	10
XAGE1B	0.004996	4.362749e+0	16546	13
TSGA10IP	0.004995	4.362388e+0	16547	14
C1QL4	0.004994	4.361215e+0	16548	17
PALM3	0.004992	4.359429e+0	16549	17
TIGD7	0.004991	4.358518e+0	16550	16
PPM1M	0.004989	4.357292e+0	16551	16
EFCAB10	0.004989	4.357216e+0	16552	16
PLXDC2	0.004987	4.355506e+0	16553	15
ZNF16	0.004987	4.355047e+0	16554	15
ZNF773	0.004986	4.354406e+0	16555	15
MPC1	0.004985	4.353256e+0	16556	15
TLCD4	0.004981	4.350310e+0	16557	16
CREBRF	0.004981	4.350058e+0	16558	13
HECTD4	0.004981	4.349842e+0	16559	15
TCEAL2	0.004981	4.349700e+0	16560	13
C11ORF54	0.004980	4.349397e+0	16561	16
ARMCX1	0.004980	4.349261e+0	16562	15
TINAG	0.004980	4.349204e+0	16563	15
TREML4	0.004980	4.348839e+0	16564	13
C16ORF71	0.004978	4.347682e+0	16565	17
TMEM223	0.004978	4.347627e+0	16566	15
ZNF205	0.004978	4.347087e+0	16567	14
FAM204A	0.004976	4.345697e+0	16568	16
GSKIP	0.004976	4.345381e+0	16569	11
POU5F1B	0.004974	4.344119e+0	16570	13
ENSP00000499503	0.004973	4.343263e+0	16571	16
KIAA0825	0.004972	4.342035e+0	16572	15
PRR5-ARHGAP8	0.004972	4.341696e+0	16573	14
MGAT4C	0.004970	4.340136e+0	16574	15
RNASE10	0.004970	4.340118e+0	16575	15
DLEU7	0.004962	4.332989e+0	16576	17
MEIS3	0.004961	4.332027e+0	16577	14
MAGEA8	0.004960	4.331371e+0	16578	16
LIMD2	0.004956	4.327762e+0	16579	16
ADAMTS18	0.004954	4.326631e+0	16580	16
UFSP1	0.004953	4.325194e+0	16581	11
NOL4L	0.004952	4.324678e+0	16582	14
RAI1	0.004952	4.324218e+0	16583	14
SLC25A21	0.004951	4.323921e+0	16584	14
EBLN2	0.004950	4.322733e+0	16585	15
XKR4	0.004949	4.322043e+0	16586	14
PPM1N	0.004949	4.321909e+0	16587	16
FBXO41	0.004949	4.321881e+0	16588	14
TEX30	0.004945	4.318263e+0	16589	17
KCTD14	0.004943	4.316478e+0	16590	16
CABLES2	0.004942	4.315968e+0	16591	12
SPAG11A	0.004941	4.315031e+0	16592	17
GCA	0.004941	4.314822e+0	16593	13
TRIL	0.004940	4.314257e+0	16594	11
SCYL2	0.004940	4.313742e+0	16595	16
FAM92A	0.004939	4.313348e+0	16596	13
TEX44	0.004938	4.312649e+0	16597	15
ZG16B	0.004938	4.311894e+0	16598	17
GPR12	0.004937	4.311874e+0	16599	16
ALG9-2	0.004937	4.311206e+0	16600	12
RUNDC3B	0.004937	4.311142e+0	16601	14
ANHX	0.004935	4.309783e+0	16602	16
C18ORF32	0.004933	4.308077e+0	16603	16
TMEM89	0.004933	4.307651e+0	16604	14
FAM200A	0.004931	4.306373e+0	16605	16
GMCL1	0.004931	4.306259e+0	16606	15
ATPSCKMT	0.004930	4.304981e+0	16607	14
VWA2	0.004928	4.303809e+0	16608	16
ZNF316	0.004928	4.303419e+0	16609	16
WFDC6	0.004924	4.300124e+0	16610	15
MARVELD1	0.004923	4.299481e+0	16611	14
TIFAB	0.004923	4.298836e+0	16612	15
LYG1	0.004922	4.298651e+0	16613	16
ZBTB37	0.004919	4.296113e+0	16614	15
MTRNR2L1	0.004919	4.296028e+0	16615	10
LYPD8	0.004918	4.294654e+0	16616	17
TOX	0.004917	4.293981e+0	16617	16
PROSER1	0.004916	4.293524e+0	16618	16
PADI3	0.004914	4.291749e+0	16619	12
CITED4	0.004911	4.288750e+0	16620	11
CWH43	0.004909	4.287384e+0	16621	16
MOSMO	0.004909	4.287197e+0	16622	14
SLC12A9	0.004909	4.286579e+0	16623	16
THAP5	0.004908	4.286027e+0	16624	14
TTLL3	0.004907	4.285645e+0	16625	15
ZMYM5	0.004905	4.283691e+0	16626	17
ZFP90	0.004898	4.277638e+0	16627	16
SMCO2	0.004898	4.277143e+0	16628	15
PITPNM2	0.004895	4.274839e+0	16629	14
SPACA7	0.004895	4.274451e+0	16630	16
CYB561D2	0.004894	4.274314e+0	16631	14
SLC6A18	0.004894	4.273730e+0	16632	15
C1ORF87	0.004892	4.272374e+0	16633	16
SLC22A15	0.004887	4.268159e+0	16634	16
RBM44	0.004887	4.267397e+0	16635	15
HDGFL1	0.004886	4.267323e+0	16636	15
ECE2-2	0.004886	4.266761e+0	16637	12
TVP23A	0.004885	4.266236e+0	16638	16
ZNF675	0.004884	4.264837e+0	16639	15
CRIPAK	0.004883	4.264157e+0	16640	15
ETDC	0.004882	4.263049e+0	16641	13
AGAP6	0.004881	4.262321e+0	16642	16
AFAP1L2	0.004879	4.260643e+0	16643	15
RAB20	0.004874	4.256806e+0	16644	14
RAD51AP2	0.004870	4.253253e+0	16645	17
ZSCAN2	0.004867	4.250411e+0	16646	16
LRP3	0.004867	4.250139e+0	16647	15
FAM86C1	0.004867	4.249934e+0	16648	16
SLC2A14	0.004866	4.249289e+0	16649	16
MFSD14B	0.004865	4.248347e+0	16650	16
KAAG1	0.004862	4.245593e+0	16651	14
HSBP1L1	0.004860	4.244638e+0	16652	15
TLCD5	0.004857	4.241883e+0	16653	15
ZNF432	0.004856	4.240324e+0	16654	15
TEX28	0.004854	4.239392e+0	16655	12
PLEKHJ1	0.004854	4.238808e+0	16656	13
NPIPB6	0.004853	4.237945e+0	16657	16
AKIP1	0.004851	4.236503e+0	16658	11
ARMC9	0.004850	4.235331e+0	16659	16
UBL3	0.004847	4.233087e+0	16660	13
CES5A	0.004847	4.232932e+0	16661	14
KRTAP19-2	0.004847	4.232521e+0	16662	15
SEMA6C	0.004847	4.232496e+0	16663	11
ABR	0.004847	4.232442e+0	16664	14
ZNF227	0.004844	4.229985e+0	16665	15
ZNF311	0.004843	4.229592e+0	16666	15
KRTAP19-7	0.004843	4.229111e+0	16667	16
WFDC10A	0.004841	4.227928e+0	16668	13
OTULINL	0.004840	4.226778e+0	16669	16
TMCC1	0.004839	4.226181e+0	16670	11
KRTAP5-1	0.004836	4.223018e+0	16671	15
IGSF23	0.004835	4.221946e+0	16672	17
SLC35E2A	0.004826	4.214224e+0	16673	17
FAM124B	0.004825	4.213761e+0	16674	16
ZNF524	0.004825	4.213541e+0	16675	14
CST9L	0.004825	4.213462e+0	16676	16
PHOSPHO2	0.004824	4.212839e+0	16677	10
ZNF582	0.004824	4.212685e+0	16678	14
GPRC5C	0.004824	4.212586e+0	16679	16
OXR1	0.004824	4.212393e+0	16680	13
C4ORF19	0.004823	4.211521e+0	16681	12
AIG1	0.004821	4.210104e+0	16682	15
PLBD1	0.004821	4.209939e+0	16683	17
C7ORF57	0.004817	4.206566e+0	16684	15
TMX2	0.004816	4.205942e+0	16685	14
DOP1A	0.004813	4.203309e+0	16686	15
LIMCH1	0.004812	4.201865e+0	16687	17
SBNO2	0.004809	4.199957e+0	16688	15
CNPY4	0.004809	4.199845e+0	16689	13
C11ORF74	0.004806	4.197260e+0	16690	10
TM7SF3	0.004804	4.194932e+0	16691	16
CREG2	0.004800	4.191645e+0	16692	17
PNPLA5	0.004797	4.189191e+0	16693	14
MORN1	0.004797	4.189062e+0	16694	14
ITM2C	0.004796	4.187987e+0	16695	14
TRIML1	0.004794	4.186830e+0	16696	15
DCHS2	0.004794	4.186423e+0	16697	14
LGI4	0.004792	4.184976e+0	16698	14
SLC1A7	0.004791	4.184258e+0	16699	16
SSC4D	0.004790	4.182786e+0	16700	15
FER1L5	0.004789	4.182300e+0	16701	15
C6ORF58	0.004788	4.181719e+0	16702	15
HYAL3	0.004787	4.180390e+0	16703	11
HCN2	0.004787	4.180245e+0	16704	10
GPR148	0.004785	4.178793e+0	16705	15
SLC38A8	0.004783	4.177357e+0	16706	15
SLC6A15	0.004781	4.175519e+0	16707	17
C3ORF62	0.004780	4.174474e+0	16708	16
PGLYRP4	0.004780	4.174289e+0	16709	12
PCDHB14	0.004779	4.173309e+0	16710	13
LINGO4	0.004778	4.172779e+0	16711	16
NLRP14	0.004776	4.170816e+0	16712	12
TP53INP2	0.004774	4.169347e+0	16713	9
CCDC172	0.004773	4.168408e+0	16714	15
WWC2	0.004772	4.167557e+0	16715	14
RHBG	0.004772	4.166984e+0	16716	15
KLHL23	0.004770	4.165280e+0	16717	14
ZNF7	0.004768	4.164300e+0	16718	15
CLEC3A	0.004765	4.161215e+0	16719	14
PROM2	0.004764	4.160226e+0	16720	17
JAKMIP1	0.004762	4.158725e+0	16721	13
DUSP21	0.004761	4.157885e+0	16722	16
GLI4	0.004759	4.155820e+0	16723	16
PLEKHH3	0.004758	4.154946e+0	16724	15
PPP1R14B	0.004758	4.154882e+0	16725	13
TMEM151A	0.004757	4.154671e+0	16726	16
ZCCHC2	0.004757	4.153937e+0	16727	15
ZNF829	0.004755	4.152922e+0	16728	14
IFI27L1	0.004754	4.151465e+0	16729	15
RHBDL3	0.004754	4.151251e+0	16730	16
TMEM154	0.004754	4.151229e+0	16731	15
CXORF58	0.004753	4.151094e+0	16732	12
NACC2	0.004752	4.150285e+0	16733	16
PLEKHN1	0.004752	4.149465e+0	16734	16
VWA5B2	0.004751	4.149361e+0	16735	16
DDIT4L	0.004749	4.147706e+0	16736	12
SLC35F5	0.004749	4.146933e+0	16737	17
MMP23B	0.004748	4.146266e+0	16738	10
LRRC74A	0.004747	4.145672e+0	16739	14
PRR12	0.004746	4.144885e+0	16740	14
ADAMTS6	0.004745	4.143728e+0	16741	14
JPT2	0.004745	4.143641e+0	16742	14
IGHV3OR16-9	0.004743	4.142131e+0	16743	9
FAM161B	0.004743	4.142088e+0	16744	13
CCSER2	0.004743	4.141995e+0	16745	15
CYB561	0.004743	4.141873e+0	16746	12
MMD2	0.004742	4.141456e+0	16747	14
DENND6B	0.004742	4.141129e+0	16748	17
ARHGAP28	0.004739	4.138267e+0	16749	16
ZNF708	0.004739	4.138213e+0	16750	16
PROX2	0.004736	4.136320e+0	16751	15
ADGRG5	0.004731	4.131695e+0	16752	13
CAAP1	0.004730	4.131112e+0	16753	15
UMODL1	0.004730	4.130499e+0	16754	16
CDV3	0.004727	4.128474e+0	16755	14
PLBD2	0.004727	4.128254e+0	16756	16
CROCC2	0.004726	4.126889e+0	16757	15
HINT3	0.004725	4.126140e+0	16758	13
FAM102B	0.004722	4.124131e+0	16759	15
FAM227B	0.004722	4.123775e+0	16760	14
NFAM1	0.004721	4.122953e+0	16761	14
ZNF317	0.004721	4.122692e+0	16762	14
TMEM120B	0.004721	4.122494e+0	16763	15
MAGEB5	0.004721	4.122420e+0	16764	16
GLCCI1	0.004720	4.122244e+0	16765	15
ZCCHC18	0.004719	4.120934e+0	16766	15
HINT2	0.004717	4.119645e+0	16767	15
SPOCK2	0.004717	4.118932e+0	16768	13
IKBIP	0.004716	4.118665e+0	16769	12
TMEM266	0.004715	4.117898e+0	16770	15
THAP2	0.004714	4.116468e+0	16771	12
R3HDM2	0.004712	4.115196e+0	16772	16
NOL4	0.004712	4.114861e+0	16773	14
KLHL35	0.004711	4.114338e+0	16774	15
ANKIB1	0.004710	4.113263e+0	16775	13
RNF19B	0.004707	4.110842e+0	16776	13
PRRT3	0.004702	4.105910e+0	16777	15
SLC24A3	0.004702	4.105802e+0	16778	16
SWT1	0.004698	4.102856e+0	16779	15
NBPF4	0.004697	4.101977e+0	16780	15
GOLGA6L1	0.004697	4.101712e+0	16781	16
FAM217A	0.004694	4.099634e+0	16782	15
FRRS1	0.004691	4.096589e+0	16783	13
FSTL5	0.004689	4.095215e+0	16784	16
C10ORF62	0.004687	4.093064e+0	16785	14
KLHL14	0.004687	4.092912e+0	16786	14
CPXM1	0.004684	4.090271e+0	16787	15
MAPK1IP1L	0.004683	4.089320e+0	16788	15
TASOR2	0.004680	4.087252e+0	16789	14
EMP3	0.004680	4.086618e+0	16790	14
A3GALT2	0.004679	4.086273e+0	16791	12
SLC6A7	0.004679	4.085733e+0	16792	15
STYXL1	0.004678	4.085021e+0	16793	14
LIMS3	0.004677	4.084013e+0	16794	10
RNF157	0.004676	4.083734e+0	16795	13
FAM174A	0.004676	4.083261e+0	16796	16
FOXB1	0.004673	4.081207e+0	16797	16
TEKT5	0.004671	4.078970e+0	16798	16
C19ORF47	0.004668	4.076786e+0	16799	16
ZNF529	0.004662	4.071446e+0	16800	15
UNC5CL	0.004661	4.070662e+0	16801	11
DCBLD2	0.004661	4.069994e+0	16802	14
EGFL8	0.004660	4.069149e+0	16803	13
TMEM37	0.004658	4.068004e+0	16804	14
RNF144B	0.004655	4.065419e+0	16805	14
VCX	0.004655	4.065157e+0	16806	12
NOTCH2NLC	0.004654	4.064169e+0	16807	12
PCDHB7	0.004654	4.064106e+0	16808	14
C3ORF14	0.004652	4.062719e+0	16809	14
MFSD1	0.004651	4.061989e+0	16810	15
DCLK2	0.004651	4.061939e+0	16811	15
ZBTB44	0.004648	4.059167e+0	16812	15
PCDHB3	0.004647	4.058586e+0	16813	15
BPIFB6	0.004647	4.058335e+0	16814	12
RANBP3L	0.004646	4.057512e+0	16815	16
IRF2BPL	0.004644	4.055535e+0	16816	10
ZNF805	0.004643	4.054884e+0	16817	15
UBALD1	0.004643	4.054591e+0	16818	14
DZANK1	0.004640	4.051919e+0	16819	16
CEP68	0.004639	4.051566e+0	16820	16
PRR11	0.004639	4.051413e+0	16821	15
ZNF710	0.004637	4.049544e+0	16822	14
C2ORF69	0.004637	4.049476e+0	16823	15
ARL9	0.004634	4.046869e+0	16824	12
C8ORF82	0.004630	4.043236e+0	16825	14
ZNF850	0.004629	4.042672e+0	16826	15
TTC9B	0.004629	4.042194e+0	16827	14
ARMC12	0.004627	4.041073e+0	16828	15
SSX5	0.004626	4.039729e+0	16829	14
TREX2	0.004624	4.038503e+0	16830	15
PCDHA3	0.004624	4.037742e+0	16831	9
CCDC83	0.004622	4.036335e+0	16832	14
MBLAC1	0.004621	4.035264e+0	16833	14
ZNF330	0.004620	4.034711e+0	16834	13
FAM221A	0.004617	4.032034e+0	16835	14
SAMD10	0.004617	4.031795e+0	16836	15
TCAIM	0.004615	4.030557e+0	16837	15
VEZF1	0.004615	4.030531e+0	16838	14
KHNYN	0.004614	4.029073e+0	16839	12
TSPY10	0.004611	4.027077e+0	16840	16
MIIP	0.004610	4.025939e+0	16841	13
ANXA13	0.004610	4.025794e+0	16842	13
CHN2-2	0.004608	4.024483e+0	16843	14
UBTD2	0.004608	4.024233e+0	16844	14
MDM1	0.004608	4.023865e+0	16845	12
KIAA1210	0.004606	4.021966e+0	16846	16
RALGPS1	0.004605	4.021129e+0	16847	13
KIAA1958	0.004604	4.020985e+0	16848	15
ZNF764	0.004601	4.017976e+0	16849	14
ZNF567	0.004601	4.017872e+0	16850	14
GIMAP2	0.004599	4.015849e+0	16851	13
LHFPL3	0.004598	4.015419e+0	16852	13
FGD2	0.004598	4.015248e+0	16853	15
PNMA6A	0.004596	4.013262e+0	16854	13
MAP6	0.004595	4.012790e+0	16855	11
ZNF12	0.004594	4.012086e+0	16856	14
SP2	0.004593	4.010872e+0	16857	12
ZNF487	0.004592	4.010576e+0	16858	15
ZNF285	0.004591	4.008873e+0	16859	15
FMO2	0.004590	4.008842e+0	16860	12
C9ORF85	0.004589	4.007514e+0	16861	12
SLC2A11-2	0.004589	4.007310e+0	16862	11
BPIFB3	0.004588	4.006548e+0	16863	14
ZFP30	0.004587	4.006041e+0	16864	13
ZCCHC13	0.004586	4.005031e+0	16865	15
TTYH2	0.004586	4.004892e+0	16866	13
TBC1D3B	0.004585	4.004142e+0	16867	15
SLC48A1	0.004585	4.003975e+0	16868	14
SOX30	0.004584	4.002931e+0	16869	15
ANKRD33B	0.004579	3.998884e+0	16870	15
ZNF664	0.004577	3.997228e+0	16871	14
CFAP73	0.004577	3.997081e+0	16872	15
TBC1D16	0.004576	3.996391e+0	16873	14
ENSP00000490530	0.004575	3.995412e+0	16874	9
RALGAPA2	0.004574	3.994461e+0	16875	11
GGACT	0.004574	3.994386e+0	16876	13
TMEM88	0.004574	3.994217e+0	16877	14
CFAP157	0.004568	3.989081e+0	16878	15
F8A2	0.004566	3.987726e+0	16879	10
GRAMD2A	0.004564	3.985737e+0	16880	15
INSYN2B	0.004564	3.985509e+0	16881	15
POU6F2	0.004561	3.982870e+0	16882	13
ELMOD1	0.004561	3.982711e+0	16883	13
SPDYE6	0.004555	3.977748e+0	16884	10
SH3BP1	0.004554	3.976849e+0	16885	12
PRSS33	0.004552	3.975359e+0	16886	13
TMEM190	0.004548	3.971892e+0	16887	14
MUCL3	0.004546	3.970359e+0	16888	15
MSANTD1	0.004546	3.969918e+0	16889	14
OVCA2	0.004546	3.969824e+0	16890	13
MAP3K9	0.004545	3.969314e+0	16891	14
ALKAL2	0.004545	3.969233e+0	16892	12
MYORG	0.004545	3.969054e+0	16893	12
TTLL6	0.004544	3.968572e+0	16894	12
ZMYND12	0.004542	3.966777e+0	16895	15
LNP1	0.004542	3.966580e+0	16896	13
FLYWCH1	0.004541	3.965218e+0	16897	15
ZNF492	0.004540	3.964798e+0	16898	15
PAQR6	0.004537	3.962087e+0	16899	12
POPDC2	0.004537	3.962047e+0	16900	14
MCRIP1	0.004534	3.959142e+0	16901	14
TRIM35	0.004534	3.959130e+0	16902	13
ZNF605	0.004532	3.957764e+0	16903	14
ZBTB22	0.004531	3.956936e+0	16904	11
C7ORF25	0.004531	3.956674e+0	16905	14
FOXJ3	0.004529	3.955518e+0	16906	15
TMEM229B	0.004527	3.953436e+0	16907	15
LRRC75B	0.004525	3.951520e+0	16908	13
ZNF616	0.004521	3.947993e+0	16909	15
FAM189A1	0.004520	3.947563e+0	16910	16
MARCHF3	0.004520	3.947308e+0	16911	12
LRRC69	0.004520	3.946946e+0	16912	14
GJA9	0.004518	3.945475e+0	16913	16
TMEM134	0.004513	3.941425e+0	16914	15
TMEM61	0.004512	3.940093e+0	16915	15
FGD5	0.004512	3.939980e+0	16916	15
RNF121	0.004510	3.938503e+0	16917	14
FAM221B	0.004508	3.937040e+0	16918	13
GPR146	0.004508	3.936648e+0	16919	15
ZNF518A	0.004507	3.936140e+0	16920	15
KLK12	0.004506	3.935347e+0	16921	14
EFCAB5	0.004506	3.934661e+0	16922	15
MAGEB6	0.004503	3.932283e+0	16923	14
C22ORF15	0.004500	3.929880e+0	16924	14
C1QTNF3	0.004499	3.929326e+0	16925	13
SVEP1	0.004498	3.928418e+0	16926	14
RTBDN	0.004497	3.927471e+0	16927	15
FAM110A	0.004495	3.925550e+0	16928	14
GASK1A	0.004493	3.923984e+0	16929	12
C1ORF35	0.004493	3.923819e+0	16930	15
CASC4	0.004493	3.923746e+0	16931	15
FAM210A	0.004491	3.921739e+0	16932	13
KLHL4	0.004491	3.921608e+0	16933	14
SPRYD4	0.004490	3.921384e+0	16934	14
AVEN	0.004486	3.917917e+0	16935	11
PRIMA1	0.004484	3.915658e+0	16936	11
SPATA12	0.004484	3.915630e+0	16937	16
ZNF541	0.004484	3.915585e+0	16938	13
BBOF1	0.004483	3.915232e+0	16939	15
AGTPBP1	0.004483	3.914823e+0	16940	13
BPHL	0.004481	3.913159e+0	16941	15
SYNJ2BP-COX16	0.004480	3.912793e+0	16942	14
RBPMS2	0.004479	3.911825e+0	16943	12
IGFLR1	0.004475	3.908133e+0	16944	14
VWA1	0.004473	3.906490e+0	16945	14
LGALS12	0.004473	3.906304e+0	16946	14
SERINC2	0.004472	3.905558e+0	16947	15
CAPN13	0.004472	3.905123e+0	16948	12
SYT16	0.004471	3.904605e+0	16949	15
CCDC141	0.004470	3.904022e+0	16950	13
SLC25A52	0.004469	3.902925e+0	16951	15
ZNF211	0.004468	3.901644e+0	16952	14
MAGEB4	0.004467	3.900940e+0	16953	15
KIAA1549L	0.004467	3.900600e+0	16954	11
TAFA5	0.004466	3.900086e+0	16955	15
TRO	0.004465	3.899326e+0	16956	11
SLC10A4	0.004464	3.898736e+0	16957	14
ZNF225	0.004463	3.897089e+0	16958	13
ANKRD13B	0.004462	3.896537e+0	16959	14
OTOS	0.004459	3.893871e+0	16960	14
CCDC142	0.004454	3.889745e+0	16961	14
EPS8L1	0.004454	3.889655e+0	16962	13
ZNF75D	0.004452	3.887990e+0	16963	13
PRR32	0.004451	3.886672e+0	16964	15
TP53I11	0.004450	3.885968e+0	16965	15
LETMD1	0.004449	3.885632e+0	16966	14
RAB42	0.004449	3.884923e+0	16967	13
FNDC11	0.004447	3.883763e+0	16968	14
CA11	0.004446	3.882510e+0	16969	15
RHEX	0.004445	3.881783e+0	16970	16
ZNF101	0.004441	3.878405e+0	16971	15
DGLUCY	0.004441	3.878282e+0	16972	13
RWDD2A	0.004440	3.877827e+0	16973	14
SLC2A7	0.004438	3.875870e+0	16974	15
PRDM12	0.004428	3.867010e+0	16975	14
TBC1D8	0.004427	3.865828e+0	16976	15
ZNF706	0.004425	3.864025e+0	16977	14
TMPRSS11B	0.004425	3.864018e+0	16978	13
TMEM63B	0.004422	3.861283e+0	16979	15
TFAP2E	0.004421	3.861160e+0	16980	13
ZNF783	0.004421	3.860947e+0	16981	13
CEP112	0.004420	3.859829e+0	16982	13
ANKRD7	0.004420	3.859796e+0	16983	15
MANSC4	0.004419	3.858984e+0	16984	13
FITM1	0.004418	3.858126e+0	16985	15
ADAMTS8	0.004411	3.852366e+0	16986	13
PCDHB6	0.004411	3.851909e+0	16987	14
ZNF154	0.004411	3.851795e+0	16988	14
SIRPD	0.004410	3.851036e+0	16989	14
TBC1D3K	0.004409	3.850198e+0	16990	14
FSTL4	0.004407	3.848299e+0	16991	15
PHACTR3	0.004406	3.847988e+0	16992	13
TMPRSS12	0.004405	3.846744e+0	16993	14
SERPINB8	0.004405	3.846565e+0	16994	13
GBGT1	0.004405	3.846446e+0	16995	8
RARRES1	0.004403	3.845071e+0	16996	12
NANOGNB	0.004402	3.844112e+0	16997	11
ZNF596	0.004401	3.843667e+0	16998	14
GPR141	0.004401	3.843537e+0	16999	14
TM6SF1	0.004401	3.843297e+0	17000	13
IQCJ	0.004401	3.843281e+0	17001	12
SYCP2L	0.004397	3.839995e+0	17002	13
S100A7L2	0.004396	3.839399e+0	17003	13
MS4A10	0.004396	3.839207e+0	17004	11
CZIB	0.004393	3.836325e+0	17005	14
SOWAHA	0.004391	3.834548e+0	17006	14
SYNGR4	0.004391	3.834371e+0	17007	14
C16ORF72	0.004388	3.832124e+0	17008	14
PLEKHH2	0.004384	3.828333e+0	17009	13
GOLGA6B	0.004377	3.822649e+0	17010	14
C6ORF136	0.004374	3.820047e+0	17011	14
ODR4	0.004372	3.817943e+0	17012	14
CPED1	0.004372	3.817736e+0	17013	13
ZNF766	0.004370	3.816391e+0	17014	12
FAM216A	0.004368	3.814457e+0	17015	14
C2ORF68	0.004367	3.813936e+0	17016	14
ZNF414	0.004367	3.813892e+0	17017	15
TRIM39-RPP21	0.004366	3.813122e+0	17018	12
CCDC112	0.004365	3.811660e+0	17019	12
SHROOM1	0.004363	3.810066e+0	17020	15
CNEP1R1	0.004362	3.809261e+0	17021	11
LCN10	0.004362	3.808878e+0	17022	12
TMED8	0.004361	3.808104e+0	17023	13
RSBN1L	0.004360	3.807290e+0	17024	14
CEND1	0.004357	3.805078e+0	17025	15
ANKRD37	0.004356	3.803827e+0	17026	14
TMEM141	0.004353	3.801770e+0	17027	13
PALM	0.004353	3.801561e+0	17028	10
GOLGA6L7	0.004352	3.800389e+0	17029	13
PHETA2	0.004351	3.799752e+0	17030	10
GPA33	0.004350	3.799096e+0	17031	13
BEND6	0.004349	3.797692e+0	17032	12
TMEM191B	0.004347	3.796591e+0	17033	14
ZXDC	0.004346	3.795078e+0	17034	11
ZNF419	0.004340	3.789884e+0	17035	13
CCDC89	0.004339	3.789257e+0	17036	14
PITPNC1	0.004339	3.789168e+0	17037	11
APOL4	0.004338	3.788661e+0	17038	14
MT1M	0.004338	3.788282e+0	17039	8
TEX36	0.004337	3.787335e+0	17040	12
C15ORF62	0.004336	3.786406e+0	17041	13
HEATR5A	0.004335	3.786132e+0	17042	14
P3H4	0.004334	3.784969e+0	17043	12
SLC22A31	0.004332	3.782758e+0	17044	14
SFXN2	0.004329	3.780865e+0	17045	14
MAMDC4	0.004328	3.780006e+0	17046	14
RNFT2	0.004328	3.779433e+0	17047	15
C6ORF163	0.004326	3.778260e+0	17048	14
CCDC168	0.004323	3.775379e+0	17049	15
CHODL	0.004321	3.773269e+0	17050	15
PGLYRP2	0.004320	3.772841e+0	17051	14
ZNF716	0.004317	3.770288e+0	17052	13
PIRT	0.004316	3.769140e+0	17053	12
CSRNP2	0.004315	3.768497e+0	17054	12
SEMA4G	0.004313	3.766587e+0	17055	10
HROB	0.004312	3.765226e+0	17056	13
ELMSAN1	0.004311	3.765129e+0	17057	9
SMIM9	0.004310	3.764253e+0	17058	12
TMEM178A	0.004308	3.762488e+0	17059	14
GOLGA8B	0.004308	3.762243e+0	17060	12
UROC1	0.004308	3.762212e+0	17061	11
ADAMTS17	0.004308	3.761881e+0	17062	11
TTC23	0.004307	3.761524e+0	17063	13
GHDC	0.004305	3.759836e+0	17064	10
SPAAR	0.004303	3.757889e+0	17065	12
ZNF416	0.004301	3.755631e+0	17066	13
OSCP1	0.004300	3.755594e+0	17067	14
MAGEB10	0.004300	3.755397e+0	17068	14
UBTFL1	0.004299	3.754413e+0	17069	12
PRAG1	0.004298	3.753104e+0	17070	13
SLC66A1	0.004296	3.751249e+0	17071	12
ZNF536	0.004292	3.748263e+0	17072	15
NEK11	0.004290	3.746320e+0	17073	13
PYDC2	0.004288	3.744730e+0	17074	12
FAM180A	0.004285	3.741691e+0	17075	14
SLC2A11	0.004283	3.740100e+0	17076	14
DUSP26	0.004280	3.737871e+0	17077	14
NWD1	0.004279	3.736741e+0	17078	14
SMIM29	0.004275	3.733697e+0	17079	13
TEX26	0.004273	3.731826e+0	17080	14
FMO4	0.004269	3.728059e+0	17081	11
VSIG8	0.004267	3.726349e+0	17082	15
TNFAIP8	0.004267	3.726181e+0	17083	13
JKAMP	0.004266	3.725826e+0	17084	11
LDOC1	0.004263	3.723264e+0	17085	12
C4ORF3	0.004261	3.721125e+0	17086	12
TMEM255A	0.004261	3.721024e+0	17087	14
ADAM11	0.004260	3.720453e+0	17088	12
NBPF3	0.004256	3.717134e+0	17089	13
CEMIP	0.004256	3.716909e+0	17090	12
C5ORF24	0.004255	3.715814e+0	17091	14
CPA5	0.004253	3.714197e+0	17092	13
PLEKHA6	0.004253	3.714147e+0	17093	12
POGLUT3	0.004252	3.712850e+0	17094	12
SPZ1	0.004248	3.710072e+0	17095	13
MAST3	0.004247	3.708511e+0	17096	12
HCFC1R1	0.004244	3.706232e+0	17097	14
IQCC	0.004242	3.704462e+0	17098	12
PCDH18	0.004241	3.703391e+0	17099	14
SLC35G2	0.004240	3.702650e+0	17100	15
RGL4	0.004240	3.702443e+0	17101	12
ZNF420	0.004238	3.700724e+0	17102	10
DRGX	0.004237	3.700197e+0	17103	11
CHIC1	0.004236	3.699322e+0	17104	13
DHRS7	0.004236	3.699171e+0	17105	14
BAHCC1	0.004234	3.697788e+0	17106	10
SMLR1	0.004226	3.690604e+0	17107	12
USF3	0.004226	3.690558e+0	17108	14
DENND4B	0.004225	3.689927e+0	17109	14
UHRF1BP1L	0.004224	3.688713e+0	17110	13
KRTAP19-6	0.004221	3.686246e+0	17111	13
SKOR2	0.004219	3.684079e+0	17112	14
CCDC15	0.004218	3.683454e+0	17113	14
K7ERQ8_HUMAN	0.004218	3.683370e+0	17114	13
FAM136A	0.004216	3.682083e+0	17115	13
TCEAL7	0.004215	3.680881e+0	17116	10
LITAFD	0.004215	3.680860e+0	17117	12
TSPYL5	0.004212	3.678510e+0	17118	14
ZNF234	0.004211	3.677837e+0	17119	12
GARNL3	0.004211	3.677222e+0	17120	13
ILDR2	0.004210	3.676759e+0	17121	12
ZSCAN16	0.004210	3.676453e+0	17122	13
THSD1	0.004210	3.676200e+0	17123	14
C11ORF71	0.004208	3.674453e+0	17124	15
WSCD1	0.004207	3.674294e+0	17125	14
PCDHGA12	0.004207	3.674230e+0	17126	11
OXER1	0.004207	3.673689e+0	17127	13
EDDM3B	0.004204	3.671721e+0	17128	14
PDAP1	0.004203	3.670397e+0	17129	13
NKAIN1	0.004200	3.667486e+0	17130	11
ARL6IP6	0.004198	3.666353e+0	17131	13
SCGB1D4	0.004197	3.665263e+0	17132	13
ZNF248	0.004195	3.663423e+0	17133	14
C14ORF180	0.004193	3.661725e+0	17134	13
TYW1B	0.004193	3.661409e+0	17135	13
OOSP2	0.004190	3.659257e+0	17136	12
ZNF354C	0.004190	3.659048e+0	17137	12
TEX19	0.004190	3.658835e+0	17138	15
MTURN	0.004189	3.658148e+0	17139	13
ZNF239	0.004182	3.652235e+0	17140	11
ZDHHC1	0.004181	3.651085e+0	17141	13
ZDHHC23	0.004179	3.649728e+0	17142	13
TEX22	0.004178	3.648295e+0	17143	14
MAS1L	0.004178	3.648248e+0	17144	9
BZW2	0.004178	3.648242e+0	17145	11
ACOT6	0.004177	3.647821e+0	17146	13
MIER3	0.004174	3.644761e+0	17147	9
CREBL2	0.004172	3.643503e+0	17148	12
SPINK13	0.004171	3.642602e+0	17149	12
GAL3ST2	0.004170	3.642063e+0	17150	9
NCKAP5L	0.004167	3.639308e+0	17151	12
PPP1R32	0.004167	3.638730e+0	17152	13
HSFX2	0.004166	3.637714e+0	17153	14
CAPN12	0.004165	3.636927e+0	17154	12
TC2N	0.004164	3.636325e+0	17155	12
SPON2	0.004163	3.635401e+0	17156	13
STPG4	0.004161	3.633501e+0	17157	14
FAM111B	0.004160	3.632864e+0	17158	14
ZNF563	0.004158	3.631251e+0	17159	13
JAKMIP3	0.004154	3.627836e+0	17160	14
SAAL1	0.004154	3.627543e+0	17161	14
C8ORF86	0.004153	3.627220e+0	17162	13
R3HDM1	0.004153	3.626680e+0	17163	14
CDH16	0.004152	3.625644e+0	17164	13
EML5	0.004151	3.624786e+0	17165	14
C15ORF61	0.004150	3.624530e+0	17166	13
CLEC2A	0.004147	3.621236e+0	17167	10
PCDHGA3	0.004145	3.620039e+0	17168	11
GAL3ST4	0.004144	3.619190e+0	17169	14
C1ORF50	0.004144	3.619093e+0	17170	13
PCDH12	0.004144	3.618999e+0	17171	12
ZNF304	0.004144	3.618908e+0	17172	12
STMND1	0.004143	3.618238e+0	17173	12
ZNF264	0.004142	3.617595e+0	17174	12
SPEM3	0.004142	3.617436e+0	17175	13
PCDHB10	0.004138	3.613469e+0	17176	14
EML2	0.004133	3.609638e+0	17177	12
ZGLP1	0.004133	3.609041e+0	17178	13
TMEM52B	0.004131	3.607897e+0	17179	13
RASGEF1C	0.004131	3.607494e+0	17180	14
CREG1	0.004130	3.606561e+0	17181	13
IGSF9B	0.004128	3.605349e+0	17182	13
CNK3/IPCEF1	0.004127	3.603911e+0	17183	11
MYZAP	0.004122	3.599659e+0	17184	12
FAM177A1	0.004118	3.596291e+0	17185	14
SLC12A8	0.004117	3.595654e+0	17186	11
PRR20E	0.004117	3.595350e+0	17187	7
STPG3	0.004114	3.593027e+0	17188	11
C11ORF94	0.004112	3.591249e+0	17189	13
TESK2	0.004111	3.590014e+0	17190	13
GDPD4	0.004110	3.589358e+0	17191	13
ZNF2	0.004110	3.589333e+0	17192	11
RNF187	0.004110	3.588909e+0	17193	13
CCDC177	0.004107	3.586596e+0	17194	14
FAM151B	0.004107	3.586473e+0	17195	13
RCCD1	0.004105	3.584616e+0	17196	13
TIAF1	0.004105	3.584554e+0	17197	11
PAMR1	0.004104	3.583778e+0	17198	14
FNDC8	0.004104	3.583675e+0	17199	12
SPAG16	0.004103	3.582861e+0	17200	10
ZC3H11B	0.004100	3.580300e+0	17201	12
CTXN3	0.004098	3.579134e+0	17202	12
RUFY3	0.004098	3.578908e+0	17203	10
LRP11	0.004098	3.578557e+0	17204	14
GPR78	0.004094	3.575336e+0	17205	11
TPRG1L	0.004094	3.575110e+0	17206	13
DCST1	0.004093	3.574513e+0	17207	12
SEZ6	0.004092	3.573759e+0	17208	14
BTBD3	0.004092	3.573114e+0	17209	14
LRRC9	0.004090	3.571432e+0	17210	12
NOL3	0.004089	3.570674e+0	17211	12
AMIGO3	0.004086	3.568662e+0	17212	13
KCP	0.004083	3.565789e+0	17213	12
JTB	0.004083	3.565786e+0	17214	13
VAX2	0.004079	3.561894e+0	17215	12
MT1HL1	0.004075	3.558653e+0	17216	8
LHFPL1	0.004074	3.558111e+0	17217	12
C6ORF47	0.004074	3.557470e+0	17218	13
GLT8D2	0.004068	3.552453e+0	17219	14
METTL24	0.004066	3.550923e+0	17220	12
MAMSTR	0.004064	3.549310e+0	17221	13
KIAA0895L	0.004063	3.548155e+0	17222	11
PTPRH	0.004063	3.547933e+0	17223	13
FAM241B	0.004061	3.546831e+0	17224	14
ODF3L1	0.004060	3.545495e+0	17225	13
FAM222B	0.004057	3.542678e+0	17226	13
PIGBOS1	0.004057	3.542629e+0	17227	13
YPEL1	0.004056	3.541999e+0	17228	12
LYZL6	0.004056	3.541866e+0	17229	14
F8A1	0.004052	3.538960e+0	17230	9
ZNF461	0.004051	3.537852e+0	17231	10
PEAK3	0.004049	3.535943e+0	17232	13
RASSF9	0.004049	3.535689e+0	17233	11
OR2I1P	0.004047	3.533905e+0	17234	14
SLC15A5	0.004047	3.533806e+0	17235	11
SPOCK3	0.004046	3.532955e+0	17236	11
CEP85L	0.004044	3.531478e+0	17237	13
SPATA32	0.004041	3.529072e+0	17238	12
PLET1	0.004040	3.528280e+0	17239	14
NXPH4	0.004040	3.527715e+0	17240	12
WDSUB1	0.004038	3.526472e+0	17241	12
FAM135B	0.004038	3.526358e+0	17242	13
FAM220A	0.004032	3.521370e+0	17243	13
MYMX	0.004031	3.520242e+0	17244	12
ZNF438	0.004031	3.520066e+0	17245	14
LDLRAD3	0.004031	3.519824e+0	17246	13
CCDC167	0.004030	3.519462e+0	17247	14
HCN1	0.004029	3.518505e+0	17248	8
SLC25A36	0.004026	3.515494e+0	17249	14
FDCSP	0.004025	3.515337e+0	17250	12
RBP5	0.004025	3.515008e+0	17251	12
PSD2	0.004025	3.514822e+0	17252	13
LEPROT	0.004023	3.513317e+0	17253	9
MINDY4	0.004021	3.511602e+0	17254	13
ZIM3	0.004021	3.511523e+0	17255	12
PBXIP1	0.004020	3.510887e+0	17256	13
RAB44	0.004017	3.508068e+0	17257	12
RFPL4A	0.004015	3.506128e+0	17258	10
PRRG1	0.004014	3.505770e+0	17259	12
ADAMDEC1	0.004014	3.505541e+0	17260	13
MSLNL	0.004013	3.504724e+0	17261	14
ANKRD40CL	0.004012	3.503591e+0	17262	10
ITIH6	0.004011	3.502711e+0	17263	13
PCDHGA9	0.004005	3.497297e+0	17264	10
TAAR9	0.004005	3.497136e+0	17265	12
ST7	0.004001	3.494036e+0	17266	12
MALRD1	0.004001	3.493885e+0	17267	14
EPHX4	0.003997	3.490694e+0	17268	13
IQCJ-SCHIP1	0.003997	3.490167e+0	17269	10
CEACAM19	0.003996	3.489929e+0	17270	11
ST8SIA3	0.003996	3.489342e+0	17271	14
PRR23A	0.003995	3.488900e+0	17272	12
ZNF791	0.003994	3.487856e+0	17273	12
FAM107A	0.003991	3.485190e+0	17274	13
GMCL2	0.003990	3.484177e+0	17275	13
OTOP2	0.003990	3.484024e+0	17276	12
JAKMIP2	0.003990	3.484021e+0	17277	13
LRP2BP	0.003983	3.478627e+0	17278	12
TBATA	0.003981	3.476431e+0	17279	12
PKHD1L1	0.003979	3.475121e+0	17280	14
HHLA1	0.003979	3.474600e+0	17281	11
ZNF595	0.003974	3.470575e+0	17282	12
TMEM9	0.003974	3.470528e+0	17283	11
AKAIN1	0.003972	3.468897e+0	17284	13
KY	0.003972	3.468488e+0	17285	12
TINCR	0.003971	3.468181e+0	17286	10
ZNF778	0.003969	3.465835e+0	17287	12
TEX261	0.003969	3.465764e+0	17288	14
NECAB1	0.003968	3.465552e+0	17289	12
RWDD3	0.003966	3.463637e+0	17290	9
ZNF280C	0.003965	3.462271e+0	17291	13
C17ORF67	0.003965	3.462225e+0	17292	13
ZSCAN26	0.003962	3.460407e+0	17293	13
HERC4	0.003961	3.458866e+0	17294	13
NKAIN2	0.003961	3.458827e+0	17295	10
MCF2L2	0.003960	3.458542e+0	17296	13
DIPK1A	0.003959	3.457060e+0	17297	12
MYO16	0.003958	3.456152e+0	17298	13
TMEM167B	0.003957	3.455853e+0	17299	13
TSPAN19	0.003957	3.455321e+0	17300	13
POGLUT2	0.003956	3.454823e+0	17301	10
SCML1	0.003954	3.453108e+0	17302	12
SAMD7	0.003953	3.452392e+0	17303	12
PNMA5	0.003952	3.451163e+0	17304	12
FSD2	0.003951	3.450157e+0	17305	12
KIAA2026	0.003949	3.448768e+0	17306	12
SH2D4B	0.003948	3.447414e+0	17307	12
C9ORF16	0.003946	3.446074e+0	17308	11
ADAM32	0.003946	3.445639e+0	17309	13
CPTP	0.003945	3.445494e+0	17310	12
C2ORF88	0.003943	3.443281e+0	17311	11
PLAC8	0.003942	3.442753e+0	17312	11
ADGRE3	0.003937	3.438219e+0	17313	12
TCEAL8	0.003937	3.438206e+0	17314	11
CCDC144NL	0.003933	3.434323e+0	17315	13
SPDYE3	0.003932	3.433522e+0	17316	10
CELF6	0.003931	3.433301e+0	17317	10
TBCEL	0.003931	3.433241e+0	17318	11
FAM241A	0.003930	3.432327e+0	17319	12
CCIN	0.003930	3.432319e+0	17320	11
ADGRG4	0.003930	3.432260e+0	17321	10
TMEM210	0.003930	3.432227e+0	17322	11
LVRN	0.003930	3.432138e+0	17323	13
ZNF639	0.003930	3.432008e+0	17324	11
PCDHB15	0.003930	3.431724e+0	17325	13
RUNDC1	0.003928	3.429931e+0	17326	13
EDDM3A	0.003926	3.428893e+0	17327	13
TMEM132C	0.003926	3.428688e+0	17328	13
TRIM60	0.003924	3.426449e+0	17329	12
SCYL3	0.003922	3.425380e+0	17330	11
ZNF558	0.003919	3.422824e+0	17331	12
C8ORF76	0.003919	3.422749e+0	17332	13
DMKN	0.003919	3.422590e+0	17333	12
CLEC17A	0.003918	3.421381e+0	17334	13
AVPI1	0.003916	3.420176e+0	17335	13
ENSP00000398526	0.003916	3.419580e+0	17336	12
TMEM104	0.003916	3.419414e+0	17337	13
KCNE1B	0.003915	3.419335e+0	17338	7
SLAMF9	0.003914	3.418313e+0	17339	11
ZC2HC1A	0.003913	3.417458e+0	17340	12
ZNF821	0.003913	3.417049e+0	17341	12
ACP7	0.003909	3.413365e+0	17342	11
R3HCC1	0.003906	3.411289e+0	17343	13
FAM133A	0.003905	3.410553e+0	17344	12
NHSL1	0.003905	3.410171e+0	17345	10
FAM43A	0.003905	3.409864e+0	17346	12
C6ORF132	0.003898	3.404241e+0	17347	13
PCDHB12	0.003898	3.403712e+0	17348	11
MLC1	0.003896	3.402386e+0	17349	9
NT5DC1	0.003893	3.399929e+0	17350	13
CUEDC1	0.003892	3.398450e+0	17351	13
CCNJ	0.003890	3.396736e+0	17352	12
BEND4	0.003888	3.395539e+0	17353	13
LRTM2	0.003888	3.395319e+0	17354	12
LRP5L	0.003885	3.392684e+0	17355	13
ALX1	0.003884	3.392077e+0	17356	12
ZNF799	0.003884	3.391781e+0	17357	11
CCN6	0.003884	3.391763e+0	17358	11
PHLDB1	0.003884	3.391633e+0	17359	11
DPEP1	0.003882	3.389928e+0	17360	13
CHP2	0.003878	3.386508e+0	17361	11
TMEM170A	0.003877	3.385675e+0	17362	11
SFTA2	0.003877	3.385360e+0	17363	12
HTRA3	0.003876	3.385132e+0	17364	12
C16ORF86	0.003876	3.384515e+0	17365	13
SOGA1	0.003869	3.378347e+0	17366	12
ANKRD66	0.003868	3.377975e+0	17367	13
TMPRSS13	0.003868	3.377897e+0	17368	11
NUDT16L1	0.003866	3.376299e+0	17369	10
SERTM1	0.003863	3.373474e+0	17370	13
SYT14	0.003862	3.372746e+0	17371	12
C18ORF54	0.003858	3.369257e+0	17372	11
ENSP00000498524	0.003858	3.369195e+0	17373	12
GOLGA8A	0.003858	3.369151e+0	17374	11
GOLGA6A	0.003857	3.368728e+0	17375	13
EFCAB8	0.003857	3.368576e+0	17376	13
RFLNA	0.003857	3.368419e+0	17377	12
GFRAL	0.003856	3.367422e+0	17378	7
GJB7	0.003853	3.365205e+0	17379	13
VSIG1	0.003853	3.364632e+0	17380	13
LRATD1	0.003851	3.363438e+0	17381	13
CEMP1	0.003851	3.363303e+0	17382	11
MTRNR2L13	0.003850	3.362484e+0	17383	10
DMRTC2	0.003849	3.361192e+0	17384	12
MRGPRX4	0.003848	3.360547e+0	17385	9
SLC10A3	0.003846	3.358308e+0	17386	10
ZNF425	0.003846	3.358259e+0	17387	13
ZNF471	0.003845	3.357527e+0	17388	13
ADPRH	0.003841	3.354207e+0	17389	12
NDRG2	0.003840	3.353291e+0	17390	10
ZNF146	0.003837	3.350897e+0	17391	11
SYT17	0.003837	3.350517e+0	17392	11
ZNF189	0.003836	3.350338e+0	17393	11
SUSD3	0.003836	3.350060e+0	17394	13
ANKMY1	0.003836	3.349897e+0	17395	13
NFE4	0.003834	3.347892e+0	17396	10
RNF225	0.003831	3.345224e+0	17397	12
BAIAP3	0.003830	3.345131e+0	17398	10
PPM1J	0.003829	3.343464e+0	17399	12
TMEM240	0.003827	3.342347e+0	17400	12
AMIGO1	0.003826	3.341269e+0	17401	11
FIGN	0.003826	3.340970e+0	17402	12
SERPINE3	0.003824	3.339840e+0	17403	12
ISX	0.003822	3.337578e+0	17404	10
PADI1	0.003819	3.335004e+0	17405	11
TUSC2	0.003818	3.334517e+0	17406	11
ZACN	0.003817	3.333633e+0	17407	11
VSTM5	0.003817	3.333231e+0	17408	12
ATCAY	0.003815	3.331675e+0	17409	9
RABGAP1L	0.003814	3.330736e+0	17410	12
PRR20D	0.003814	3.330677e+0	17411	6
SSX7	0.003813	3.329918e+0	17412	12
NBPF19-2	0.003813	3.329659e+0	17413	11
SPDYE2B	0.003810	3.327513e+0	17414	7
G3V2T6_HUMAN	0.003810	3.326862e+0	17415	9
SLC66A3	0.003809	3.326768e+0	17416	12
FLYWCH2	0.003809	3.326481e+0	17417	12
ZNF789	0.003809	3.326199e+0	17418	13
OVOL3	0.003804	3.322007e+0	17419	13
C5ORF34	0.003804	3.321831e+0	17420	11
SHISA3	0.003803	3.320901e+0	17421	13
VKORC1L1	0.003799	3.317731e+0	17422	8
DPY19L1	0.003797	3.315964e+0	17423	12
PVALEF	0.003796	3.315116e+0	17424	10
C19ORF48	0.003795	3.314589e+0	17425	11
LEAP2	0.003795	3.314150e+0	17426	10
TMEM100	0.003795	3.314127e+0	17427	13
ZNF671	0.003793	3.312183e+0	17428	12
SLC22A25	0.003792	3.311727e+0	17429	12
R3HCC1L	0.003785	3.305536e+0	17430	10
FXYD6-FXYD2	0.003784	3.304429e+0	17431	11
TTC39B	0.003784	3.304214e+0	17432	12
ZBTB3	0.003783	3.304065e+0	17433	13
OTOR	0.003783	3.303857e+0	17434	13
GMFB	0.003776	3.297768e+0	17435	12
ERVMER34-1	0.003773	3.295222e+0	17436	12
MB21D2	0.003773	3.294553e+0	17437	13
MTFR1L	0.003772	3.294199e+0	17438	12
DDX19B-2	0.003768	3.290739e+0	17439	7
RNF182	0.003767	3.289685e+0	17440	12
ZNF474	0.003767	3.289449e+0	17441	12
TAAR8	0.003766	3.289175e+0	17442	11
H2AP	0.003766	3.288559e+0	17443	12
KRTAP19-4	0.003764	3.286766e+0	17444	12
TMEM205	0.003761	3.284583e+0	17445	13
HIC2	0.003760	3.283862e+0	17446	10
ISM1	0.003760	3.283824e+0	17447	10
BRINP2	0.003759	3.282331e+0	17448	12
C1ORF74	0.003758	3.281909e+0	17449	12
ARMH2	0.003758	3.281470e+0	17450	10
SERPINA9	0.003757	3.281273e+0	17451	11
GCOM1	0.003757	3.281122e+0	17452	12
CD164L2	0.003757	3.280572e+0	17453	12
ENHO	0.003756	3.280096e+0	17454	11
ZNF823	0.003752	3.276390e+0	17455	12
ZNF546	0.003751	3.275889e+0	17456	13
RAPGEFL1	0.003750	3.274639e+0	17457	13
AOAH	0.003749	3.274350e+0	17458	13
FRMD5	0.003749	3.274139e+0	17459	11
PRSS48	0.003748	3.272954e+0	17460	12
NUTM2F	0.003748	3.272842e+0	17461	11
ZNF365	0.003748	3.272673e+0	17462	9
BRICD5	0.003746	3.271460e+0	17463	12
ZNF8	0.003745	3.270429e+0	17464	12
ASAH2B	0.003742	3.267941e+0	17465	11
OSGIN1	0.003739	3.265477e+0	17466	11
ANKRD13A	0.003739	3.265392e+0	17467	11
CCSER1	0.003737	3.263871e+0	17468	12
CAPS	0.003737	3.263660e+0	17469	11
TMEM159	0.003736	3.262813e+0	17470	11
ABI3BP	0.003732	3.259293e+0	17471	11
RIPPLY3	0.003730	3.257602e+0	17472	12
SPEM2	0.003726	3.253881e+0	17473	11
EID2B	0.003725	3.253260e+0	17474	11
ENOX2	0.003724	3.251920e+0	17475	11
C1ORF94	0.003722	3.250523e+0	17476	11
GAPT	0.003721	3.249201e+0	17477	12
NBPF15	0.003720	3.248604e+0	17478	13
PGAP4	0.003716	3.245313e+0	17479	12
PRAMEF18	0.003715	3.244572e+0	17480	12
CCDC110	0.003711	3.241097e+0	17481	12
TEDC1	0.003710	3.239774e+0	17482	10
H2AL1RP	0.003709	3.239065e+0	17483	13
ARFGEF3	0.003709	3.238765e+0	17484	11
PRAMEF10	0.003709	3.238672e+0	17485	10
DBX2	0.003709	3.238669e+0	17486	12
ZBTB10	0.003708	3.237960e+0	17487	13
LIMS4	0.003707	3.236984e+0	17488	11
GABPB2	0.003706	3.236410e+0	17489	11
TMEM150C	0.003703	3.233776e+0	17490	12
CBY3	0.003703	3.233755e+0	17491	12
LENG9	0.003700	3.231521e+0	17492	12
ANXA9	0.003700	3.231010e+0	17493	12
PRR23D2	0.003700	3.230801e+0	17494	9
KRTAP5-2	0.003699	3.230737e+0	17495	12
CNPPD1	0.003698	3.229469e+0	17496	11
C10ORF53	0.003697	3.228869e+0	17497	11
TMEM144	0.003697	3.228352e+0	17498	12
IL17REL	0.003697	3.228208e+0	17499	12
TTC23L	0.003696	3.227594e+0	17500	11
PIANP	0.003695	3.226704e+0	17501	10
NEMP2	0.003692	3.224223e+0	17502	11
FAM234A	0.003692	3.223820e+0	17503	13
FABP9	0.003691	3.223309e+0	17504	11
C2ORF50	0.003691	3.223287e+0	17505	11
LONRF3	0.003689	3.221226e+0	17506	12
EMILIN2	0.003686	3.219069e+0	17507	11
PLEKHG7	0.003686	3.219054e+0	17508	13
PRR23D1	0.003685	3.218492e+0	17509	9
TRIM74	0.003685	3.217814e+0	17510	12
MAGEB18	0.003684	3.217550e+0	17511	10
C9ORF64	0.003684	3.217054e+0	17512	11
FUOM	0.003682	3.215187e+0	17513	10
CGB1	0.003681	3.214352e+0	17514	10
BSX	0.003680	3.213580e+0	17515	11
SH2D5	0.003679	3.212699e+0	17516	11
ZNF470	0.003678	3.212085e+0	17517	11
SCPEP1	0.003678	3.212041e+0	17518	13
OSR1	0.003678	3.211805e+0	17519	12
GLB1L3	0.003677	3.211336e+0	17520	11
XKR9	0.003677	3.211268e+0	17521	12
ZBTB26	0.003676	3.210214e+0	17522	12
MTRNR2L11	0.003676	3.210144e+0	17523	8
CCNJL	0.003673	3.207917e+0	17524	13
LMF2	0.003671	3.205514e+0	17525	10
PERM1	0.003669	3.204379e+0	17526	11
SLC35E4	0.003666	3.201332e+0	17527	12
DCDC2C	0.003665	3.200215e+0	17528	11
TDRD10	0.003664	3.200031e+0	17529	11
ARID3C	0.003664	3.199656e+0	17530	11
TLCD1	0.003655	3.191609e+0	17531	12
SNURF	0.003654	3.191247e+0	17532	8
C5ORF51	0.003651	3.188262e+0	17533	11
SLC50A1	0.003649	3.186897e+0	17534	11
OSGIN2	0.003648	3.186064e+0	17535	9
SCML4	0.003648	3.185718e+0	17536	13
PCDHGA2	0.003648	3.185661e+0	17537	9
FAM47E	0.003647	3.185257e+0	17538	12
SHISA5	0.003647	3.184569e+0	17539	12
GCHFR	0.003646	3.184143e+0	17540	8
CPZ	0.003645	3.183308e+0	17541	10
PITHD1	0.003642	3.180336e+0	17542	12
PRSS45P	0.003642	3.180154e+0	17543	12
ZNF85	0.003640	3.178566e+0	17544	12
SLC23A3	0.003640	3.178499e+0	17545	11
LAIR2	0.003637	3.175820e+0	17546	11
DCDC2B	0.003637	3.175789e+0	17547	11
TMEM168	0.003634	3.173649e+0	17548	12
PNMA8A	0.003634	3.173415e+0	17549	10
AGAP3	0.003631	3.171364e+0	17550	11
SBK1	0.003631	3.171020e+0	17551	13
CPQ	0.003630	3.169655e+0	17552	12
TTBK1	0.003629	3.169208e+0	17553	11
GGN	0.003627	3.167802e+0	17554	10
TPPP2	0.003627	3.167021e+0	17555	12
ZDHHC14	0.003626	3.166298e+0	17556	12
SRGAP2B	0.003624	3.164993e+0	17557	10
PCDHB8	0.003624	3.164755e+0	17558	12
DUSP15	0.003624	3.164463e+0	17559	12
ZNF449	0.003622	3.163193e+0	17560	12
PXDC1	0.003622	3.162812e+0	17561	11
CUZD1	0.003621	3.162613e+0	17562	12
XKR3	0.003621	3.162051e+0	17563	11
FNDC7	0.003618	3.159453e+0	17564	12
SPATA31E1	0.003616	3.157753e+0	17565	12
RAX	0.003615	3.156779e+0	17566	11
CBARP	0.003609	3.151522e+0	17567	11
CTXN2	0.003601	3.145165e+0	17568	11
SAMD13	0.003601	3.145098e+0	17569	10
SIGLEC12	0.003601	3.144813e+0	17570	12
DPEP3	0.003601	3.144569e+0	17571	11
HSFX4	0.003600	3.143502e+0	17572	11
BHMG1	0.003598	3.142195e+0	17573	11
FAM86B2	0.003597	3.141435e+0	17574	12
C14ORF178	0.003595	3.139877e+0	17575	10
C12ORF42	0.003589	3.133957e+0	17576	12
GPR137B	0.003588	3.133350e+0	17577	12
ENSP00000479064	0.003588	3.132967e+0	17578	10
DRAM2	0.003586	3.131688e+0	17579	11
HHIPL1	0.003586	3.131432e+0	17580	12
IGSF22	0.003585	3.130546e+0	17581	12
CST8	0.003585	3.130376e+0	17582	11
TAFA1	0.003582	3.128300e+0	17583	12
GRAMD4	0.003582	3.128127e+0	17584	12
AFG1L	0.003581	3.127699e+0	17585	10
CLEC12B	0.003581	3.127651e+0	17586	11
ENSP00000418875	0.003581	3.126989e+0	17587	13
TTYH3	0.003580	3.126308e+0	17588	11
EMP2	0.003578	3.124868e+0	17589	11
TMEM132E	0.003577	3.123729e+0	17590	12
PAGE2B	0.003577	3.123551e+0	17591	12
ZNF320	0.003576	3.123127e+0	17592	10
MROH2B	0.003576	3.122861e+0	17593	12
ST20	0.003574	3.121134e+0	17594	10
FRG2C	0.003571	3.118874e+0	17595	10
RNF148	0.003571	3.118152e+0	17596	11
LIPM	0.003569	3.117056e+0	17597	12
PCDHA8	0.003568	3.115919e+0	17598	8
ATOH8	0.003568	3.115728e+0	17599	12
ZBTB12	0.003567	3.115396e+0	17600	11
B4E1Z4_HUMAN	0.003565	3.113289e+0	17601	7
TTLL8	0.003565	3.113055e+0	17602	12
AAMDC	0.003562	3.111084e+0	17603	12
C21ORF58	0.003561	3.109535e+0	17604	11
APELA	0.003557	3.106733e+0	17605	10
UNKL	0.003556	3.105748e+0	17606	12
C5ORF52	0.003555	3.104943e+0	17607	11
PHTF2	0.003554	3.103443e+0	17608	12
SLC52A1	0.003552	3.101635e+0	17609	10
TVP23C	0.003551	3.101422e+0	17610	11
PRR36	0.003551	3.101368e+0	17611	12
NKX2-8	0.003548	3.098110e+0	17612	9
AMN1	0.003547	3.097665e+0	17613	12
SFT2D3	0.003547	3.097297e+0	17614	11
SLC44A3	0.003546	3.096796e+0	17615	10
LMCD1	0.003544	3.094932e+0	17616	10
ZNF888	0.003544	3.094837e+0	17617	11
KLHL30	0.003544	3.094664e+0	17618	12
ZNF543	0.003538	3.090101e+0	17619	11
ARMC10	0.003532	3.084183e+0	17620	11
NKIRAS1	0.003530	3.083034e+0	17621	9
GTDC1	0.003530	3.082750e+0	17622	11
ZBTB8B	0.003529	3.082288e+0	17623	12
NUTM2B	0.003529	3.081650e+0	17624	9
C16ORF74	0.003528	3.081009e+0	17625	9
CCDC148	0.003526	3.079655e+0	17626	12
SMPDL3A	0.003526	3.078835e+0	17627	10
TSTD2	0.003524	3.077835e+0	17628	12
ZNF652	0.003523	3.076608e+0	17629	10
AMER2	0.003521	3.075308e+0	17630	12
ASCL4	0.003516	3.070672e+0	17631	10
ZNF460	0.003515	3.069466e+0	17632	11
C11ORF53	0.003511	3.066042e+0	17633	11
KBTBD2	0.003510	3.065298e+0	17634	11
PCED1A	0.003510	3.064928e+0	17635	11
DDT	0.003507	3.062997e+0	17636	8
ANKDD1B	0.003506	3.061969e+0	17637	12
LUZP6	0.003505	3.060533e+0	17638	11
C9ORF50	0.003504	3.060029e+0	17639	12
ZNF468	0.003504	3.059992e+0	17640	9
FAM49A	0.003504	3.059960e+0	17641	11
RBP7	0.003501	3.057595e+0	17642	11
ZC2HC1B	0.003498	3.054566e+0	17643	10
GPBP1	0.003498	3.054428e+0	17644	10
ZNF112	0.003497	3.053966e+0	17645	9
SLC35E2B	0.003495	3.051950e+0	17646	12
PHLDB3	0.003495	3.051764e+0	17647	10
XRRA1	0.003493	3.050784e+0	17648	11
FAM110C	0.003491	3.049050e+0	17649	10
C19ORF44	0.003490	3.047461e+0	17650	11
ZNF658	0.003490	3.047365e+0	17651	11
C12ORF73	0.003488	3.046208e+0	17652	12
ZNF347	0.003486	3.044080e+0	17653	10
LIPJ	0.003480	3.038857e+0	17654	12
MROH9	0.003479	3.037878e+0	17655	12
PSD4	0.003479	3.037800e+0	17656	10
FAM76B	0.003477	3.036474e+0	17657	11
BRINP3	0.003476	3.035220e+0	17658	11
PALD1	0.003474	3.033803e+0	17659	11
RNF214	0.003473	3.033289e+0	17660	11
ENKD1	0.003470	3.030623e+0	17661	11
TMEM263	0.003470	3.030413e+0	17662	12
RBM43	0.003470	3.030339e+0	17663	10
SLC38A10	0.003470	3.030268e+0	17664	12
LSMEM1	0.003469	3.029427e+0	17665	12
PLPPR1	0.003467	3.027699e+0	17666	10
ZNF302	0.003467	3.027329e+0	17667	11
TMEM64	0.003466	3.026438e+0	17668	11
TCEAL5	0.003464	3.025524e+0	17669	9
PLSCR3	0.003463	3.023828e+0	17670	10
ATP6V1FNB	0.003462	3.023441e+0	17671	9
SLC25A40	0.003462	3.023407e+0	17672	11
BEST4	0.003462	3.023351e+0	17673	11
GLOD5	0.003461	3.022632e+0	17674	11
EFCAB12	0.003461	3.022630e+0	17675	11
TOR4A	0.003461	3.022479e+0	17676	11
SOGA3	0.003460	3.021325e+0	17677	11
CORO7	0.003458	3.019914e+0	17678	8
PPP1R36	0.003456	3.018174e+0	17679	11
ZNF845	0.003456	3.017704e+0	17680	12
TBC1D3F	0.003455	3.017151e+0	17681	12
STMP1	0.003451	3.014069e+0	17682	11
CCDC7	0.003450	3.013114e+0	17683	12
SLC16A14	0.003449	3.012429e+0	17684	12
PLEKHO2	0.003447	3.010300e+0	17685	10
FAM166A	0.003446	3.009070e+0	17686	11
LAD1	0.003444	3.007303e+0	17687	11
AGBL1	0.003442	3.005858e+0	17688	9
LRRC73	0.003437	3.001930e+0	17689	10
CRISPLD2	0.003435	2.999368e+0	17690	11
ZNF83	0.003434	2.998944e+0	17691	7
TMEM238	0.003434	2.998896e+0	17692	10
APOLD1	0.003434	2.998525e+0	17693	12
BTBD17	0.003432	2.997054e+0	17694	11
C20ORF96	0.003429	2.994948e+0	17695	10
FAM9B	0.003428	2.993508e+0	17696	11
KRTAP13-4	0.003428	2.993244e+0	17697	12
LKAAEAR1	0.003426	2.992235e+0	17698	9
LACTBL1	0.003426	2.992210e+0	17699	11
C10ORF99	0.003425	2.991221e+0	17700	10
ARMCX5	0.003424	2.990595e+0	17701	12
TNIP3	0.003424	2.990063e+0	17702	9
NHLRC3	0.003423	2.989423e+0	17703	10
SLC25A35	0.003422	2.988295e+0	17704	11
XAGE5	0.003421	2.987318e+0	17705	11
SNAI3	0.003418	2.984848e+0	17706	10
FAM168B	0.003418	2.984744e+0	17707	11
TMEM39A	0.003413	2.980414e+0	17708	11
SRPX	0.003412	2.979743e+0	17709	10
ZC3HAV1L	0.003409	2.977174e+0	17710	11
PCDHGB6	0.003405	2.973962e+0	17711	10
IQANK1	0.003404	2.972651e+0	17712	11
MFAP3L	0.003403	2.972165e+0	17713	11
TMEM182	0.003403	2.972155e+0	17714	11
LRRC55	0.003402	2.970759e+0	17715	10
MCCD1	0.003402	2.970696e+0	17716	11
DUSP13	0.003402	2.970531e+0	17717	11
ZNF839	0.003397	2.966439e+0	17718	11
EFCAB14	0.003395	2.965083e+0	17719	11
RASL11A	0.003395	2.964854e+0	17720	9
CAPN11	0.003394	2.964040e+0	17721	9
C1ORF210	0.003391	2.961031e+0	17722	11
CGB2	0.003390	2.960785e+0	17723	10
MGARP	0.003388	2.958613e+0	17724	11
ZNF696	0.003388	2.958506e+0	17725	11
FAM214A	0.003386	2.956549e+0	17726	11
FAM53B	0.003385	2.955705e+0	17727	10
MAGEA9	0.003384	2.955339e+0	17728	10
ZNF284	0.003384	2.954884e+0	17729	11
DNASE1L1	0.003383	2.954034e+0	17730	9
RHOXF2B	0.003380	2.952170e+0	17731	10
HNRNPCL3	0.003380	2.951878e+0	17732	11
IQCF6	0.003379	2.950644e+0	17733	11
LURAP1	0.003376	2.948474e+0	17734	9
ZFP69B	0.003374	2.946334e+0	17735	10
TMEM221	0.003370	2.942985e+0	17736	10
NRN1L	0.003367	2.940378e+0	17737	12
ZDHHC11B	0.003365	2.938333e+0	17738	10
TSPAN18	0.003365	2.938240e+0	17739	10
C12ORF71	0.003365	2.938212e+0	17740	11
FAM171A1	0.003364	2.937950e+0	17741	11
ZNF141	0.003364	2.937707e+0	17742	10
FAM25A	0.003364	2.937628e+0	17743	11
MROH8	0.003363	2.936917e+0	17744	11
HUNK	0.003361	2.934942e+0	17745	10
RASSF4	0.003359	2.933648e+0	17746	8
ADAMTS15	0.003359	2.932983e+0	17747	11
GOLGA8Q	0.003357	2.931712e+0	17748	11
C12ORF29	0.003356	2.931102e+0	17749	11
TMC5	0.003354	2.929420e+0	17750	12
ZBTB7C	0.003354	2.929256e+0	17751	12
TMEM44	0.003354	2.929062e+0	17752	11
ZNF672	0.003352	2.927332e+0	17753	10
PKIG	0.003351	2.926815e+0	17754	7
C19ORF81	0.003350	2.925269e+0	17755	10
C1ORF122	0.003347	2.922749e+0	17756	10
GLB1L2	0.003345	2.921604e+0	17757	11
ZNF550	0.003345	2.920802e+0	17758	11
FBXO46	0.003343	2.919296e+0	17759	9
PXT1	0.003341	2.917934e+0	17760	12
ANO9	0.003340	2.916938e+0	17761	11
FAM180B	0.003337	2.913834e+0	17762	11
PCDHGC3	0.003332	2.910232e+0	17763	10
CCDC198	0.003332	2.909922e+0	17764	10
XKRX	0.003332	2.909780e+0	17765	11
PRELID2	0.003330	2.908043e+0	17766	10
ZNF526	0.003327	2.905702e+0	17767	11
TIGD6	0.003327	2.905378e+0	17768	11
CCDC9B	0.003326	2.904569e+0	17769	11
HOXC12	0.003325	2.903776e+0	17770	11
SCRN1	0.003325	2.903291e+0	17771	10
CPA6	0.003324	2.902654e+0	17772	10
CLIP4	0.003323	2.901938e+0	17773	10
TM9SF3	0.003323	2.901750e+0	17774	11
ENSP00000493607	0.003321	2.900355e+0	17775	8
TCF23	0.003318	2.897879e+0	17776	10
UGT2A1	0.003317	2.896912e+0	17777	10
FAM218A	0.003314	2.894449e+0	17778	10
PRR23B	0.003310	2.890703e+0	17779	10
RBIS	0.003308	2.888732e+0	17780	11
ONECUT3	0.003307	2.887882e+0	17781	9
PLEKHG4B	0.003305	2.886529e+0	17782	11
MILR1	0.003302	2.883220e+0	17783	11
ZBTB6	0.003300	2.881663e+0	17784	9
TTC36	0.003299	2.881077e+0	17785	10
CLIC3	0.003298	2.879831e+0	17786	9
FAM193B	0.003296	2.878528e+0	17787	11
KRTAP5-3	0.003295	2.877889e+0	17788	12
ZNF641	0.003295	2.877825e+0	17789	11
RTL8C	0.003293	2.875475e+0	17790	8
ACY3	0.003289	2.871966e+0	17791	9
KLK9	0.003289	2.871919e+0	17792	11
ZNF93	0.003288	2.871477e+0	17793	9
PCDHGA5	0.003287	2.870634e+0	17794	8
GPRC5A	0.003286	2.869259e+0	17795	10
ZNF583	0.003282	2.866538e+0	17796	11
BEND5	0.003281	2.865053e+0	17797	9
FAM25G	0.003279	2.863244e+0	17798	9
SPEG	0.003278	2.862743e+0	17799	8
C11ORF42	0.003277	2.861979e+0	17800	11
ANGPTL5	0.003274	2.858768e+0	17801	10
SPATA31D3	0.003271	2.856238e+0	17802	11
RNPEPL1	0.003269	2.855087e+0	17803	10
PCDHGA7	0.003268	2.854341e+0	17804	9
MYPOP	0.003264	2.850793e+0	17805	9
PHYHIPL	0.003263	2.849414e+0	17806	10
BNIP5	0.003262	2.849101e+0	17807	11
ZNF221	0.003262	2.848851e+0	17808	11
FN3KRP	0.003260	2.846926e+0	17809	11
TMEM102	0.003254	2.842001e+0	17810	10
CEBPZOS	0.003253	2.841146e+0	17811	10
RPRM	0.003249	2.837653e+0	17812	10
TP53TG5	0.003248	2.836510e+0	17813	11
PRR23C	0.003243	2.831784e+0	17814	10
CYBC1	0.003242	2.831628e+0	17815	9
RNF217	0.003241	2.830347e+0	17816	10
MT1B	0.003240	2.829157e+0	17817	9
C11ORF16	0.003235	2.825180e+0	17818	10
ZNF576	0.003234	2.824176e+0	17819	9
MYADML2	0.003234	2.823983e+0	17820	11
SPINT3	0.003231	2.821409e+0	17821	10
PAQR4	0.003231	2.821289e+0	17822	10
SMCO4	0.003229	2.819915e+0	17823	11
GLYATL3	0.003229	2.819884e+0	17824	12
FAM76A	0.003229	2.819679e+0	17825	10
TDRP	0.003229	2.819487e+0	17826	9
CNTNAP3	0.003225	2.816685e+0	17827	9
ANKRD61	0.003223	2.814760e+0	17828	10
ZNF554	0.003222	2.813559e+0	17829	10
RNASE11	0.003219	2.811378e+0	17830	9
LMNTD2	0.003219	2.810943e+0	17831	11
ZNF385D	0.003219	2.810935e+0	17832	10
SLC26A10	0.003215	2.808050e+0	17833	11
ZNF720	0.003214	2.806609e+0	17834	11
ZBED5	0.003213	2.805781e+0	17835	11
DMRTA2	0.003211	2.804378e+0	17836	11
ZBTB42	0.003209	2.802481e+0	17837	10
FAM47A	0.003209	2.802340e+0	17838	11
ALKAL1	0.003207	2.800432e+0	17839	9
STYK1	0.003204	2.798148e+0	17840	8
TVP23C-CDRT4	0.003199	2.793519e+0	17841	10
CHURC1-FNTB	0.003198	2.793136e+0	17842	8
PRR18	0.003197	2.791569e+0	17843	10
CLLU1OS	0.003196	2.791049e+0	17844	11
N4BP3	0.003194	2.788981e+0	17845	9
FAM200B	0.003192	2.787466e+0	17846	11
ZNF319	0.003192	2.787356e+0	17847	11
ROPN1B	0.003192	2.787230e+0	17848	9
TTC17	0.003191	2.786791e+0	17849	11
ARV1	0.003188	2.784394e+0	17850	10
LYSMD3	0.003188	2.784242e+0	17851	10
OPN1MW3	0.003186	2.782653e+0	17852	10
TMEM150B	0.003185	2.781092e+0	17853	9
MDFIC	0.003184	2.780870e+0	17854	9
FAM47E-STBD1	0.003184	2.780330e+0	17855	10
C3ORF33	0.003182	2.779225e+0	17856	9
CDC42SE1	0.003181	2.777563e+0	17857	10
PP2D1	0.003179	2.776055e+0	17858	11
C3ORF36	0.003178	2.775520e+0	17859	9
C7ORF77	0.003177	2.774211e+0	17860	10
ZNF404	0.003177	2.774095e+0	17861	11
C9ORF40	0.003176	2.773796e+0	17862	10
PHF24	0.003175	2.772930e+0	17863	11
MOSPD3	0.003175	2.772611e+0	17864	10
ZNF34	0.003175	2.772604e+0	17865	9
TMEM151B	0.003174	2.771557e+0	17866	11
SLC49A3	0.003174	2.771430e+0	17867	10
SPPL2B	0.003173	2.770678e+0	17868	10
HOMEZ	0.003172	2.770357e+0	17869	10
ASPRV1	0.003169	2.767730e+0	17870	10
CTAGE1	0.003169	2.767688e+0	17871	9
FAM186A	0.003168	2.766752e+0	17872	11
KLHL29	0.003168	2.766584e+0	17873	10
PRSS41	0.003166	2.764475e+0	17874	12
C5ORF46	0.003163	2.762413e+0	17875	11
C16ORF90	0.003162	2.760984e+0	17876	11
NPIPA2	0.003159	2.758969e+0	17877	11
C15ORF39	0.003156	2.756379e+0	17878	11
CYB561D1	0.003156	2.756041e+0	17879	10
MROH7	0.003154	2.754672e+0	17880	11
C19ORF67	0.003154	2.754131e+0	17881	10
MTRNR2L3	0.003152	2.752387e+0	17882	10
PCDHB1	0.003150	2.750651e+0	17883	11
ENSP00000466140	0.003142	2.744082e+0	17884	8
FAM169B	0.003142	2.744051e+0	17885	11
ZNF518B	0.003141	2.743328e+0	17886	10
CLECL1	0.003140	2.742256e+0	17887	10
RIPOR3	0.003139	2.741186e+0	17888	10
IGFN1	0.003138	2.740045e+0	17889	10
ADGRF2	0.003136	2.738513e+0	17890	9
CHIC2	0.003134	2.737074e+0	17891	8
PCDHGA6	0.003133	2.736359e+0	17892	9
FAM83G	0.003130	2.733099e+0	17893	8
GOLGA8N	0.003129	2.732851e+0	17894	10
CXORF21	0.003129	2.732146e+0	17895	9
RFTN2	0.003128	2.731527e+0	17896	10
CCDC153	0.003128	2.731394e+0	17897	9
ENSP00000495715	0.003128	2.731364e+0	17898	9
CLEC2L	0.003126	2.729603e+0	17899	11
SUSD4	0.003126	2.729559e+0	17900	11
OGFR	0.003124	2.728462e+0	17901	9
PRAP1	0.003124	2.727767e+0	17902	10
TMEM132A	0.003123	2.726950e+0	17903	10
AATK	0.003122	2.726078e+0	17904	9
SLC25A48	0.003121	2.725446e+0	17905	11
ZNF33A	0.003118	2.723101e+0	17906	9
FAM9C	0.003117	2.722384e+0	17907	9
ZNF891	0.003117	2.722381e+0	17908	11
TMEM200C	0.003117	2.722006e+0	17909	10
GASK1B	0.003116	2.720991e+0	17910	11
QSOX2	0.003115	2.720705e+0	17911	8
ERVV-1	0.003115	2.720035e+0	17912	10
CCDC171	0.003110	2.716140e+0	17913	11
NBPF14	0.003108	2.714410e+0	17914	11
UBALD2	0.003107	2.713414e+0	17915	11
ZNF160	0.003106	2.712618e+0	17916	9
KRCC1	0.003105	2.711913e+0	17917	11
SAMD14	0.003104	2.710906e+0	17918	9
EVA1B	0.003103	2.709767e+0	17919	10
C1ORF162	0.003102	2.709276e+0	17920	9
TRIM73	0.003102	2.708747e+0	17921	10
EPB41L4A	0.003101	2.707749e+0	17922	10
ISLR2	0.003099	2.706414e+0	17923	10
HRCT1	0.003099	2.706344e+0	17924	10
OTOP3	0.003097	2.704185e+0	17925	10
NXNL2	0.003095	2.703046e+0	17926	9
COLCA2	0.003094	2.702011e+0	17927	9
CFAP46	0.003094	2.701777e+0	17928	10
TAFA2	0.003092	2.700084e+0	17929	10
KIAA0232	0.003091	2.699105e+0	17930	10
ATP9B	0.003085	2.694372e+0	17931	8
MINAR2	0.003083	2.691959e+0	17932	10
ANGPTL6	0.003082	2.691595e+0	17933	8
CCDC28A	0.003081	2.690305e+0	17934	9
MTCL1	0.003079	2.689119e+0	17935	9
PCDHB2	0.003073	2.684005e+0	17936	10
CPNE7	0.003068	2.678968e+0	17937	10
SLC35G4	0.003067	2.678327e+0	17938	10
MAST1	0.003066	2.677881e+0	17939	8
RNF149	0.003066	2.677752e+0	17940	10
LANCL3	0.003065	2.676687e+0	17941	10
FAM181B	0.003065	2.676386e+0	17942	9
ZBED4	0.003063	2.675339e+0	17943	10
IQCF5	0.003060	2.671960e+0	17944	9
TMPPE	0.003059	2.671343e+0	17945	10
CPXM2	0.003058	2.670123e+0	17946	9
FAM131A	0.003056	2.668784e+0	17947	10
RTL8B	0.003056	2.668642e+0	17948	9
ZNF623	0.003055	2.668042e+0	17949	10
JHY	0.003054	2.666715e+0	17950	11
ELFN2	0.003054	2.666656e+0	17951	11
SLAIN1	0.003053	2.666085e+0	17952	8
KIAA0040	0.003052	2.665412e+0	17953	10
SMIM19	0.003052	2.665326e+0	17954	10
CCDC182	0.003051	2.664459e+0	17955	10
ZIK1	0.003050	2.663258e+0	17956	10
AXDND1	0.003050	2.663209e+0	17957	9
KRTAP12-4	0.003050	2.663154e+0	17958	9
NUGGC	0.003049	2.662619e+0	17959	10
ZFP69	0.003047	2.660597e+0	17960	9
LSMEM2	0.003046	2.659992e+0	17961	10
TEX50	0.003046	2.659661e+0	17962	9
PRRT1	0.003045	2.659424e+0	17963	9
SLC25A30	0.003042	2.656167e+0	17964	9
TCP11X2	0.003041	2.655586e+0	17965	8
TNK1	0.003041	2.655453e+0	17966	9
ZNF80	0.003037	2.652212e+0	17967	9
CRACD	0.003037	2.652055e+0	17968	10
PCDHGB5	0.003035	2.650551e+0	17969	9
INKA1	0.003034	2.649552e+0	17970	8
TMEM181	0.003034	2.649503e+0	17971	10
MOB3A	0.003033	2.649021e+0	17972	8
ZFYVE28	0.003032	2.648124e+0	17973	8
CLDND2	0.003029	2.645420e+0	17974	10
ZNF268	0.003029	2.645228e+0	17975	9
C5ORF63	0.003027	2.643620e+0	17976	10
PRR22	0.003025	2.642146e+0	17977	9
PRR27	0.003025	2.641560e+0	17978	9
FOXD2	0.003024	2.640721e+0	17979	10
RNF222	0.003023	2.640319e+0	17980	10
SETD9	0.003023	2.639935e+0	17981	9
VEPH1	0.003021	2.638631e+0	17982	9
NKPD1	0.003021	2.638119e+0	17983	10
TMEM239	0.003021	2.638007e+0	17984	9
MROH2A	0.003019	2.636255e+0	17985	10
SDR42E2	0.003019	2.636069e+0	17986	9
SMIM33	0.003018	2.635912e+0	17987	9
POU6F1	0.003018	2.635423e+0	17988	10
SPATA31A6	0.003017	2.634725e+0	17989	9
POPDC3	0.003017	2.634429e+0	17990	10
ALPK2	0.003016	2.634281e+0	17991	9
PLGLB2	0.003015	2.633240e+0	17992	9
YPEL4	0.003015	2.633034e+0	17993	10
MYO1H	0.003015	2.632718e+0	17994	9
IGFL1	0.003012	2.630366e+0	17995	10
SLC16A13	0.003007	2.626150e+0	17996	10
SHE	0.003006	2.624733e+0	17997	9
SMIM15	0.003003	2.622791e+0	17998	10
SMIM8	0.003002	2.621238e+0	17999	9
S100PBP	0.002999	2.619407e+0	18000	8
SUSD2	0.002999	2.619239e+0	18001	9
LEXM	0.002998	2.618248e+0	18002	9
PRR15	0.002997	2.617413e+0	18003	10
NYAP2	0.002995	2.615240e+0	18004	10
ADPRHL1	0.002993	2.613823e+0	18005	9
ENPP4	0.002992	2.613164e+0	18006	9
ZC3H12D	0.002991	2.611617e+0	18007	8
CDKN2AIPNL	0.002990	2.611529e+0	18008	9
ADAM29	0.002989	2.610619e+0	18009	9
NIBAN2	0.002989	2.610252e+0	18010	9
SPAG7	0.002986	2.607263e+0	18011	9
ZNF865	0.002984	2.605900e+0	18012	9
SLC35F3	0.002983	2.604606e+0	18013	10
NXPE3	0.002980	2.602793e+0	18014	10
PROB1	0.002975	2.597968e+0	18015	10
ZNF615	0.002974	2.597562e+0	18016	9
TRIM34	0.002974	2.596845e+0	18017	7
FAM3A	0.002973	2.595953e+0	18018	9
ZNF426	0.002971	2.594355e+0	18019	9
RNASE8	0.002969	2.592413e+0	18020	8
IGSF10	0.002968	2.592109e+0	18021	10
EMID1	0.002968	2.591814e+0	18022	9
ENSP00000293826	0.002966	2.590221e+0	18023	7
FHOD3	0.002966	2.589764e+0	18024	8
ZNF688	0.002965	2.589292e+0	18025	10
TMEM130	0.002965	2.588945e+0	18026	10
FOXL2NB	0.002964	2.588282e+0	18027	9
TMEM267	0.002963	2.587945e+0	18028	9
SLCO5A1	0.002963	2.587202e+0	18029	9
SYT13	0.002962	2.586387e+0	18030	9
ADGRF3	0.002961	2.585518e+0	18031	10
FRG2B	0.002959	2.584319e+0	18032	10
C16ORF91	0.002958	2.583631e+0	18033	9
TBC1D3H	0.002958	2.583439e+0	18034	10
PTMS	0.002957	2.582484e+0	18035	9
GOLGA8O	0.002956	2.581684e+0	18036	10
H0Y626_HUMAN	0.002954	2.580128e+0	18037	9
C16ORF46	0.002952	2.577813e+0	18038	10
DNPH1	0.002950	2.576228e+0	18039	10
SPATA31A1	0.002950	2.575830e+0	18040	9
MS4A18	0.002947	2.573201e+0	18041	8
STKLD1	0.002946	2.573026e+0	18042	9
ZNF177	0.002946	2.572589e+0	18043	8
ZNF283	0.002945	2.571847e+0	18044	9
SLC38A11	0.002944	2.570674e+0	18045	9
ASIC5	0.002942	2.569355e+0	18046	6
VILL	0.002941	2.568403e+0	18047	9
ZNF613	0.002938	2.565359e+0	18048	9
C5ORF58	0.002937	2.565251e+0	18049	10
ABCA5	0.002936	2.563735e+0	18050	8
GOLGA6C	0.002936	2.563626e+0	18051	8
ZBTB41	0.002935	2.563151e+0	18052	10
INAFM1	0.002933	2.561547e+0	18053	10
TEX45	0.002933	2.561520e+0	18054	10
GOLGA8S	0.002932	2.560706e+0	18055	8
JMJD7	0.002930	2.558904e+0	18056	9
PCDHGA10	0.002927	2.556365e+0	18057	9
SEC14L6	0.002922	2.551558e+0	18058	10
TTC24	0.002922	2.551345e+0	18059	10
CCDC85A	0.002920	2.550351e+0	18060	9
GPR173	0.002920	2.549722e+0	18061	8
MT4	0.002919	2.549284e+0	18062	9
MTRNR2L7	0.002919	2.548792e+0	18063	6
VWA5B1	0.002917	2.547571e+0	18064	9
ZNF254	0.002917	2.547228e+0	18065	10
ZDHHC18	0.002917	2.547199e+0	18066	10
HYI	0.002913	2.543652e+0	18067	9
LYZL4	0.002911	2.541935e+0	18068	10
SLCO1B7	0.002910	2.540995e+0	18069	10
LGALS16	0.002908	2.539918e+0	18070	10
MTMR11	0.002907	2.538599e+0	18071	10
SNED1	0.002907	2.538521e+0	18072	9
SPATA6L	0.002906	2.537912e+0	18073	10
DYTN	0.002905	2.537331e+0	18074	9
TRIM49B	0.002904	2.536017e+0	18075	9
LURAP1L	0.002902	2.534631e+0	18076	10
TIGD2	0.002902	2.534427e+0	18077	10
GVQW2	0.002902	2.533869e+0	18078	8
SLITRK4	0.002901	2.533530e+0	18079	9
KANK3	0.002901	2.533100e+0	18080	10
PMIS2	0.002900	2.532813e+0	18081	10
MFSD14C	0.002900	2.532463e+0	18082	8
TMEM158	0.002898	2.530718e+0	18083	10
PCP4L1	0.002898	2.530484e+0	18084	10
GOLGA8R	0.002897	2.530033e+0	18085	9
RASL12	0.002895	2.527810e+0	18086	9
ZNF84	0.002894	2.527661e+0	18087	9
ZNF155	0.002894	2.527635e+0	18088	9
USP17L27	0.002894	2.527199e+0	18089	4
USP17L30	0.002894	2.527199e+0	18090	4
USP17L29	0.002894	2.527199e+0	18091	4
USP17L28	0.002894	2.527199e+0	18092	4
ZFP3	0.002892	2.525725e+0	18093	8
MSANTD3	0.002891	2.524690e+0	18094	9
NPIPB8	0.002890	2.524117e+0	18095	9
RTL5	0.002889	2.523308e+0	18096	9
PHGR1	0.002889	2.523237e+0	18097	9
LOC102724250	0.002886	2.519937e+0	18098	9
MACC1	0.002884	2.518917e+0	18099	7
ZNF488	0.002883	2.517846e+0	18100	9
CCDC163	0.002883	2.517446e+0	18101	9
C22ORF31	0.002882	2.517054e+0	18102	9
SERPINB10	0.002881	2.516335e+0	18103	9
ATF7-NPFF	0.002880	2.515401e+0	18104	9
FAM229A	0.002878	2.513112e+0	18105	9
ENSP00000486623	0.002876	2.511717e+0	18106	9
MAP9	0.002874	2.509627e+0	18107	9
CPAMD8	0.002874	2.509508e+0	18108	10
CRYBG2	0.002874	2.509441e+0	18109	9
TMEM241	0.002873	2.509319e+0	18110	10
TMEM8B	0.002873	2.508857e+0	18111	8
TMEM234	0.002868	2.504963e+0	18112	10
C17ORF58	0.002867	2.503462e+0	18113	9
KRTAP5-8	0.002866	2.502730e+0	18114	10
KIAA0100	0.002865	2.502131e+0	18115	10
FAM90A7P	0.002865	2.501847e+0	18116	8
U3KQV3_HUMAN	0.002864	2.500780e+0	18117	9
ZNF600	0.002862	2.499146e+0	18118	9
HMX2	0.002861	2.498599e+0	18119	8
FAM86B1	0.002859	2.496971e+0	18120	9
ZNF324	0.002858	2.496185e+0	18121	8
ARHGAP40	0.002858	2.495752e+0	18122	9
THSD7B	0.002855	2.493603e+0	18123	10
MAMDC2	0.002854	2.492366e+0	18124	10
MAGEB17	0.002851	2.490087e+0	18125	10
PRPH	0.002851	2.489912e+0	18126	6
PCDHA6	0.002851	2.489893e+0	18127	5
ZNF251	0.002850	2.488667e+0	18128	9
POM121L1P	0.002849	2.487906e+0	18129	8
NPIPA5	0.002848	2.486777e+0	18130	10
NLRP8	0.002846	2.485153e+0	18131	8
PCDHGB4	0.002845	2.484434e+0	18132	9
RERG	0.002842	2.482114e+0	18133	9
FAM78A	0.002842	2.481654e+0	18134	9
NIM1K	0.002839	2.479238e+0	18135	10
SPIC	0.002835	2.476042e+0	18136	7
PCDHA2	0.002833	2.473839e+0	18137	5
ZBTB5	0.002832	2.473423e+0	18138	10
SRRM5	0.002832	2.472998e+0	18139	8
BPIFC	0.002824	2.466455e+0	18140	9
GGTLC1	0.002824	2.466188e+0	18141	7
ZNF418	0.002824	2.466135e+0	18142	8
SPIN4	0.002817	2.460107e+0	18143	9
ZBTB43	0.002816	2.458900e+0	18144	9
CCDC192	0.002809	2.452974e+0	18145	7
ZNF266	0.002809	2.452686e+0	18146	9
SMIM34B	0.002808	2.452543e+0	18147	8
FOXI2	0.002805	2.449784e+0	18148	10
ZNF540	0.002804	2.448447e+0	18149	9
LYSMD4	0.002802	2.446596e+0	18150	9
SPATA21	0.002800	2.445372e+0	18151	9
ARMH1	0.002800	2.445098e+0	18152	8
INKA2	0.002793	2.438965e+0	18153	8
ZNF256	0.002791	2.437763e+0	18154	8
SEBOX	0.002788	2.434689e+0	18155	9
TRNP1	0.002785	2.431844e+0	18156	9
ZNF853	0.002782	2.429383e+0	18157	10
OLFML1	0.002781	2.428956e+0	18158	10
GOLGA8G	0.002781	2.428850e+0	18159	9
PCDHB11	0.002781	2.428585e+0	18160	9
FAM53A	0.002777	2.425070e+0	18161	9
FAM193A	0.002777	2.425002e+0	18162	8
PRADC1	0.002772	2.421050e+0	18163	8
ZDHHC11B-2	0.002767	2.416465e+0	18164	8
MAP10	0.002767	2.416374e+0	18165	9
FAM240B	0.002766	2.415474e+0	18166	9
TPD52L3	0.002766	2.415187e+0	18167	7
DLK2	0.002761	2.411258e+0	18168	9
TMEM268	0.002759	2.409084e+0	18169	9
ZNF662	0.002757	2.407745e+0	18170	8
PRAF2	0.002757	2.407275e+0	18171	8
F8A3	0.002756	2.406865e+0	18172	6
ZNF697	0.002755	2.406226e+0	18173	9
TMEM243	0.002755	2.406014e+0	18174	9
CDHR4	0.002755	2.405778e+0	18175	9
C1ORF116	0.002754	2.405208e+0	18176	8
ANKRD30B	0.002752	2.403488e+0	18177	9
TMEM225B	0.002750	2.401704e+0	18178	9
C1ORF141	0.002750	2.401244e+0	18179	9
DDTL	0.002749	2.400384e+0	18180	8
DIPK1C	0.002745	2.397054e+0	18181	9
PLEKHD1	0.002741	2.393363e+0	18182	8
SYCE1L	0.002740	2.393236e+0	18183	9
SETSIP	0.002740	2.393159e+0	18184	9
MEDAG	0.002739	2.391738e+0	18185	9
DENND2A	0.002738	2.391457e+0	18186	8
ZNF57	0.002737	2.390509e+0	18187	8
RELL2	0.002737	2.390187e+0	18188	7
ARL5C	0.002737	2.389809e+0	18189	9
RP1	0.002736	2.389714e+0	18190	9
SLFN12	0.002736	2.389217e+0	18191	8
IGFBPL1	0.002735	2.388857e+0	18192	9
CCDC191	0.002733	2.386593e+0	18193	9
C11ORF91	0.002729	2.383266e+0	18194	9
ZNF630	0.002726	2.380594e+0	18195	9
TMCC3	0.002726	2.380277e+0	18196	9
PCYOX1L	0.002725	2.379511e+0	18197	10
XG	0.002723	2.378099e+0	18198	5
ARL4D	0.002722	2.377038e+0	18199	8
C4ORF33	0.002721	2.375853e+0	18200	9
ZNF417	0.002720	2.375767e+0	18201	8
FAM117A	0.002720	2.375073e+0	18202	8
ZNF430	0.002718	2.373729e+0	18203	9
CSTL1	0.002717	2.372389e+0	18204	9
RFESD	0.002715	2.371250e+0	18205	8
CXORF49B	0.002713	2.369652e+0	18206	6
ZNF566	0.002710	2.366931e+0	18207	8
GOLGA8M	0.002708	2.364951e+0	18208	8
ZNF273	0.002706	2.363134e+0	18209	7
SIRPB2	0.002705	2.362026e+0	18210	9
KCTD4	0.002705	2.361866e+0	18211	9
ZNF813	0.002704	2.361527e+0	18212	8
E9PBE3_HUMAN	0.002701	2.358877e+0	18213	7
VSIG10L	0.002700	2.357530e+0	18214	10
TMEM87B	0.002700	2.357493e+0	18215	8
ANKRD53	0.002698	2.356330e+0	18216	9
NXPE4	0.002697	2.355227e+0	18217	8
FCRL6	0.002696	2.354817e+0	18218	9
SCAMP4	0.002696	2.354739e+0	18219	9
ARMCX6	0.002695	2.353557e+0	18220	9
LRRN4	0.002693	2.351554e+0	18221	8
ZNF517	0.002690	2.348786e+0	18222	8
OCLM	0.002687	2.346243e+0	18223	7
FAM228A	0.002686	2.345760e+0	18224	10
PDGFRL	0.002686	2.345326e+0	18225	8
ZNF680	0.002684	2.343923e+0	18226	9
ZNF503	0.002680	2.340748e+0	18227	9
DNASE1L3	0.002679	2.339403e+0	18228	8
SPATA31A7	0.002672	2.333360e+0	18229	7
ZNF337	0.002670	2.331314e+0	18230	9
ILRUN	0.002669	2.331016e+0	18231	8
ZNF790	0.002669	2.330869e+0	18232	9
SLC25A2	0.002662	2.324657e+0	18233	8
TTC39A	0.002661	2.323748e+0	18234	9
PAPLN	0.002661	2.323550e+0	18235	9
TEX47	0.002658	2.320834e+0	18236	8
STK17A	0.002654	2.317580e+0	18237	8
HMGXB3	0.002653	2.316514e+0	18238	8
ART4	0.002652	2.315726e+0	18239	10
POU5F2	0.002651	2.315439e+0	18240	9
SPATA31D1	0.002651	2.315195e+0	18241	9
CCDC82	0.002650	2.314654e+0	18242	9
SSUH2	0.002650	2.313914e+0	18243	9
ZNF195	0.002649	2.313667e+0	18244	8
ZNF43	0.002649	2.313045e+0	18245	9
PCDHA12	0.002647	2.311604e+0	18246	6
ENSP00000496158	0.002644	2.308959e+0	18247	5
HELT	0.002644	2.308937e+0	18248	7
ZNF678	0.002637	2.303307e+0	18249	7
C21ORF91	0.002637	2.302452e+0	18250	9
FAM184A	0.002636	2.302078e+0	18251	8
SPANXN2	0.002635	2.301124e+0	18252	9
DCST2	0.002635	2.300915e+0	18253	7
ZNF860	0.002633	2.299397e+0	18254	8
SCRN3	0.002633	2.299256e+0	18255	9
CRIP3	0.002633	2.299235e+0	18256	8
GCSAML	0.002629	2.295779e+0	18257	9
ZNF23	0.002625	2.292279e+0	18258	7
ZNF727	0.002623	2.291081e+0	18259	8
ZNF92	0.002623	2.291074e+0	18260	7
THEM6	0.002623	2.290840e+0	18261	9
SERPINB11	0.002622	2.290213e+0	18262	9
ENSP00000494667	0.002621	2.288508e+0	18263	8
TRIM49C	0.002620	2.288454e+0	18264	7
AGAP5	0.002620	2.288346e+0	18265	9
OR4F3	0.002620	2.288002e+0	18266	8
ZSCAN5A	0.002619	2.286791e+0	18267	8
DBNDD2	0.002614	2.282728e+0	18268	8
LGALSL	0.002614	2.282548e+0	18269	9
CYB561A3	0.002612	2.281431e+0	18270	8
CPNE2	0.002611	2.280432e+0	18271	8
SEC14L5	0.002611	2.280383e+0	18272	8
NPIPA7	0.002611	2.280080e+0	18273	8
CRYAA2	0.002610	2.278877e+0	18274	7
H3BML4_HUMAN	0.002607	2.276859e+0	18275	8
PLD5	0.002607	2.276420e+0	18276	8
CCDC185	0.002601	2.271452e+0	18277	8
REM2	0.002599	2.269879e+0	18278	8
TMEM169	0.002599	2.269787e+0	18279	9
NBPF19	0.002598	2.268458e+0	18280	7
TMEM233	0.002597	2.267849e+0	18281	8
TMPRSS5	0.002595	2.266168e+0	18282	9
ABCA9	0.002595	2.265845e+0	18283	7
SLC10A6	0.002593	2.264137e+0	18284	8
FAM110D	0.002591	2.262449e+0	18285	9
ZNF548	0.002590	2.262228e+0	18286	8
CCDC159	0.002589	2.261267e+0	18287	8
KIAA1211L	0.002589	2.261215e+0	18288	9
ZNF568	0.002589	2.261113e+0	18289	7
ZSWIM9	0.002585	2.257357e+0	18290	8
VAT1	0.002584	2.256762e+0	18291	8
PCDHGA8	0.002580	2.253060e+0	18292	6
NT5DC3	0.002580	2.252975e+0	18293	8
SLC43A3	0.002580	2.252695e+0	18294	9
ENSP00000498010	0.002579	2.252611e+0	18295	4
TMEM52	0.002577	2.250757e+0	18296	8
ANGPTL7	0.002576	2.249946e+0	18297	8
TMEM252	0.002574	2.248213e+0	18298	9
CDK2AP2	0.002573	2.246832e+0	18299	8
C1ORF52	0.002570	2.244609e+0	18300	9
NBPF26	0.002570	2.244307e+0	18301	8
C4ORF46	0.002568	2.242712e+0	18302	7
MMD	0.002567	2.241660e+0	18303	8
ASPHD2	0.002565	2.240128e+0	18304	8
C12ORF75	0.002563	2.238214e+0	18305	8
EML6	0.002561	2.236635e+0	18306	8
ENPP5	0.002557	2.232753e+0	18307	9
MUSTN1	0.002557	2.232587e+0	18308	8
SLC45A4	0.002553	2.229874e+0	18309	8
ETV3L	0.002553	2.229331e+0	18310	9
NXPH3	0.002552	2.228371e+0	18311	8
CACFD1	0.002551	2.228082e+0	18312	9
ANXA2R	0.002551	2.227961e+0	18313	6
RNF141	0.002548	2.225045e+0	18314	9
CCER2	0.002545	2.222934e+0	18315	9
CBWD5	0.002545	2.222650e+0	18316	8
MANBAL	0.002544	2.221798e+0	18317	9
ANKRD18B	0.002541	2.219182e+0	18318	8
MIDN	0.002541	2.218751e+0	18319	8
HSPE1-MOB4	0.002540	2.218358e+0	18320	5
MORN2	0.002540	2.217937e+0	18321	8
NREP	0.002537	2.215155e+0	18322	8
TMEM121B	0.002532	2.211002e+0	18323	8
TMEM35B	0.002531	2.210368e+0	18324	8
ZNF440	0.002531	2.209875e+0	18325	7
RIIAD1	0.002528	2.207578e+0	18326	8
ZNF322	0.002528	2.207440e+0	18327	8
SEC14L2	0.002526	2.205555e+0	18328	8
GREB1L	0.002525	2.204658e+0	18329	8
CT62	0.002520	2.200270e+0	18330	8
CRYBG3	0.002517	2.198175e+0	18331	7
PRAC1	0.002516	2.197176e+0	18332	6
SBK2	0.002515	2.196477e+0	18333	8
ADAM7	0.002514	2.195259e+0	18334	8
TTC34	0.002511	2.193149e+0	18335	8
NPIPB11	0.002510	2.191842e+0	18336	9
MAPKBP1	0.002507	2.188945e+0	18337	8
TMEM42	0.002506	2.188626e+0	18338	8
PCDHGA1	0.002505	2.187919e+0	18339	8
RASGEF1B	0.002503	2.185927e+0	18340	7
LBHD1	0.002499	2.182096e+0	18341	7
CAPRIN2	0.002496	2.179725e+0	18342	7
ERVV-2	0.002496	2.179442e+0	18343	8
ZNF726	0.002494	2.178087e+0	18344	8
TEX52	0.002493	2.176847e+0	18345	8
BARX2	0.002492	2.175991e+0	18346	7
FTCDNL1	0.002490	2.174766e+0	18347	7
C8ORF74	0.002489	2.173947e+0	18348	8
C3ORF38	0.002489	2.173500e+0	18349	7
MPZL3	0.002488	2.172806e+0	18350	7
CCDC87	0.002487	2.171905e+0	18351	8
FAM24A	0.002487	2.171807e+0	18352	7
C9ORF152	0.002485	2.170574e+0	18353	8
CTAG1A	0.002485	2.169805e+0	18354	7
TMBIM1	0.002484	2.169567e+0	18355	7
STK32C	0.002483	2.168694e+0	18356	8
CT47B1	0.002481	2.167041e+0	18357	7
PCDHAC2	0.002481	2.167008e+0	18358	8
DCBLD1	0.002481	2.166648e+0	18359	8
ZNF679	0.002479	2.164904e+0	18360	8
DUSP28	0.002477	2.163240e+0	18361	8
ZNF260	0.002476	2.162360e+0	18362	8
C2ORF73	0.002470	2.156606e+0	18363	8
SLC10A5	0.002469	2.156092e+0	18364	8
ENSP00000496470	0.002465	2.152492e+0	18365	6
M0QYG6_HUMAN	0.002464	2.151441e+0	18366	8
CT47A11	0.002463	2.151234e+0	18367	9
SHISAL1	0.002461	2.149293e+0	18368	8
EEF1AKMT4	0.002460	2.148103e+0	18369	6
PCDHA1	0.002458	2.146378e+0	18370	5
ZBED6	0.002458	2.146189e+0	18371	6
PRSS35	0.002456	2.145228e+0	18372	8
C3ORF80	0.002456	2.144993e+0	18373	8
OVCH2	0.002456	2.144774e+0	18374	7
ADM5	0.002456	2.144400e+0	18375	7
ZNF410	0.002453	2.142571e+0	18376	8
EHF	0.002452	2.141181e+0	18377	8
ZNF506	0.002450	2.140006e+0	18378	8
TEX13D	0.002449	2.139013e+0	18379	8
PRXL2B	0.002449	2.138966e+0	18380	8
ENSP00000494172	0.002449	2.138632e+0	18381	7
FAM227A	0.002449	2.138555e+0	18382	7
C8ORF34	0.002448	2.138156e+0	18383	8
ZSCAN9	0.002448	2.137800e+0	18384	6
TMEM215	0.002448	2.137667e+0	18385	8
ITPRID1	0.002447	2.137343e+0	18386	8
NPIPA1	0.002445	2.135163e+0	18387	7
SAMD15	0.002443	2.133776e+0	18388	7
OR4F29	0.002443	2.133653e+0	18389	6
ZNF525	0.002442	2.132550e+0	18390	7
ZNF808	0.002439	2.129691e+0	18391	7
VHLL	0.002438	2.128837e+0	18392	7
DUS4L-BCAP29	0.002435	2.126070e+0	18393	7
TSPAN11	0.002434	2.125214e+0	18394	8
MAP3K7CL	0.002432	2.123896e+0	18395	8
SMR3A	0.002432	2.123450e+0	18396	8
TEX51	0.002431	2.122886e+0	18397	7
CXORF49	0.002431	2.122592e+0	18398	5
TMEM132D	0.002431	2.122561e+0	18399	8
KRTAP21-3	0.002430	2.121969e+0	18400	5
ZNF835	0.002429	2.121514e+0	18401	9
TRABD2A	0.002429	2.121228e+0	18402	8
DUSP18	0.002426	2.118913e+0	18403	8
PLEKHB2	0.002426	2.118730e+0	18404	7
ZFP14	0.002426	2.118473e+0	18405	8
ZNF681	0.002425	2.117911e+0	18406	8
ZNF655	0.002425	2.117676e+0	18407	7
ZNF564	0.002423	2.116174e+0	18408	8
ZNF627	0.002419	2.112709e+0	18409	7
NDNF	0.002418	2.111879e+0	18410	7
URAD	0.002417	2.110476e+0	18411	9
GBX1	0.002416	2.109908e+0	18412	6
PANX3	0.002416	2.109630e+0	18413	8
TMEM185B	0.002413	2.107514e+0	18414	8
C4ORF51	0.002412	2.106771e+0	18415	8
PCDHGA11	0.002410	2.104871e+0	18416	7
D6RAR5_HUMAN	0.002409	2.103520e+0	18417	6
EBLN1	0.002402	2.097570e+0	18418	8
XKR5	0.002402	2.097381e+0	18419	8
BTG1	0.002401	2.096524e+0	18420	4
C11ORF87	0.002400	2.095920e+0	18421	8
SPATS2	0.002399	2.095155e+0	18422	7
ODF3B	0.002396	2.092737e+0	18423	8
ENSP00000493899	0.002395	2.091854e+0	18424	8
SLC25A34	0.002395	2.091490e+0	18425	8
ZNF699	0.002395	2.091221e+0	18426	7
INSYN2A	0.002394	2.090280e+0	18427	8
MXRA7	0.002392	2.088857e+0	18428	7
CENPVL1	0.002392	2.088823e+0	18429	7
SRRD	0.002392	2.088732e+0	18430	7
TSPY8	0.002392	2.088594e+0	18431	7
TEX13C	0.002391	2.087947e+0	18432	8
TMEM35A	0.002389	2.086085e+0	18433	8
ZBTB8A	0.002385	2.082550e+0	18434	7
CPNE4	0.002384	2.082185e+0	18435	8
MID1IP1	0.002384	2.081800e+0	18436	6
ERICH5	0.002384	2.081544e+0	18437	8
SLFN13	0.002382	2.080261e+0	18438	7
ZNF665	0.002382	2.080249e+0	18439	7
ZNF738	0.002381	2.079021e+0	18440	8
LCNL1	0.002380	2.078805e+0	18441	7
WFDC1	0.002379	2.077549e+0	18442	7
CHADL	0.002377	2.075918e+0	18443	8
ZNF222	0.002375	2.074287e+0	18444	7
TMPRSS11E	0.002375	2.073985e+0	18445	7
ABRACL	0.002372	2.071816e+0	18446	8
KLRF2	0.002372	2.071578e+0	18447	6
CTAGE6	0.002370	2.070070e+0	18448	6
SERINC4	0.002370	2.069761e+0	18449	8
SERHL2	0.002368	2.068244e+0	18450	8
LONRF1	0.002366	2.066079e+0	18451	8
TLCD4-RWDD3	0.002362	2.062955e+0	18452	7
PRAC2	0.002358	2.059528e+0	18453	5
GOLGA8J	0.002358	2.059201e+0	18454	8
SLC44A5	0.002356	2.057247e+0	18455	8
BNC1	0.002353	2.055204e+0	18456	7
ABTB2	0.002352	2.053964e+0	18457	8
HSF5	0.002350	2.052419e+0	18458	8
GPR155	0.002350	2.052182e+0	18459	8
C16ORF95	0.002349	2.051473e+0	18460	8
PPP1R2B	0.002348	2.050867e+0	18461	6
TMIGD3	0.002346	2.049186e+0	18462	7
TMPRSS9	0.002346	2.048822e+0	18463	7
CCDC69	0.002344	2.047127e+0	18464	7
C10ORF55	0.002343	2.046358e+0	18465	7
PLGLB1	0.002341	2.044564e+0	18466	6
TRIQK	0.002339	2.042887e+0	18467	8
RTL8A	0.002339	2.042454e+0	18468	6
ZNF843	0.002336	2.039929e+0	18469	7
SLC37A1	0.002334	2.038494e+0	18470	8
GFY	0.002333	2.037151e+0	18471	7
ZNF184	0.002329	2.033734e+0	18472	7
NBPF10	0.002328	2.033098e+0	18473	8
ADGRD2	0.002328	2.033014e+0	18474	7
C3ORF70	0.002328	2.032972e+0	18475	8
C2ORF74	0.002326	2.031567e+0	18476	7
CDKL2	0.002324	2.029942e+0	18477	8
ZNF99	0.002323	2.028959e+0	18478	8
DYRK3	0.002319	2.024830e+0	18479	7
TBC1D3D	0.002317	2.023359e+0	18480	8
ZBTB9	0.002317	2.023180e+0	18481	8
CLPSL2	0.002315	2.021883e+0	18482	8
CCDC178	0.002315	2.021558e+0	18483	8
NXPE1	0.002315	2.021284e+0	18484	7
FAM234B	0.002310	2.016895e+0	18485	8
AHDC1	0.002308	2.015883e+0	18486	7
FIBCD1	0.002308	2.015347e+0	18487	8
CCDC107	0.002308	2.015308e+0	18488	8
DMBX1	0.002307	2.014423e+0	18489	7
GAL3ST3	0.002304	2.011874e+0	18490	7
AKR1C8P	0.002304	2.011861e+0	18491	8
ZNF439	0.002299	2.007972e+0	18492	7
ADAMTS16	0.002297	2.006247e+0	18493	8
SUSD5	0.002295	2.004037e+0	18494	8
ZIC5	0.002292	2.001931e+0	18495	7
ZNF624	0.002292	2.001380e+0	18496	6
CRTAC1	0.002289	1.998582e+0	18497	7
TMEM140	0.002286	1.996006e+0	18498	8
SPDYE16	0.002285	1.995184e+0	18499	4
PLCL2	0.002285	1.995140e+0	18500	7
ZNF534	0.002284	1.994638e+0	18501	8
VSTM2A	0.002281	1.992383e+0	18502	7
C8ORF58	0.002278	1.989526e+0	18503	8
CT47A12	0.002278	1.989021e+0	18504	8
ERICH2	0.002276	1.987568e+0	18505	7
GAB4	0.002274	1.985648e+0	18506	7
LENEP	0.002272	1.983803e+0	18507	8
ZNF689	0.002269	1.981763e+0	18508	7
NBPF20	0.002269	1.981758e+0	18509	8
PRR26	0.002268	1.980709e+0	18510	7
ZNF667	0.002266	1.978611e+0	18511	7
MSANTD2	0.002266	1.978487e+0	18512	7
ERICH6	0.002263	1.976427e+0	18513	8
DLX4	0.002263	1.976208e+0	18514	8
FAM3D	0.002260	1.974059e+0	18515	7
C19ORF33	0.002258	1.971955e+0	18516	6
ZBTB47	0.002255	1.969612e+0	18517	7
PLEKHM3	0.002251	1.965988e+0	18518	8
MS4A15	0.002249	1.963865e+0	18519	7
IQCF3	0.002247	1.962563e+0	18520	8
ZNF844	0.002245	1.960737e+0	18521	6
MSMP	0.002245	1.960470e+0	18522	5
KAZALD1	0.002244	1.959350e+0	18523	7
C4ORF45	0.002243	1.958972e+0	18524	7
C17ORF98	0.002243	1.958412e+0	18525	7
SCGB1C2	0.002242	1.957908e+0	18526	8
ZNF26	0.002241	1.956973e+0	18527	7
MISP3	0.002240	1.956427e+0	18528	6
VIT	0.002238	1.954843e+0	18529	6
ZNF391	0.002237	1.953599e+0	18530	7
ZNF48	0.002236	1.952916e+0	18531	7
PRG3	0.002235	1.952177e+0	18532	6
OOSP4B	0.002231	1.948140e+0	18533	6
LEMD1	0.002230	1.947495e+0	18534	7
C9ORF153	0.002225	1.943038e+0	18535	7
ZSCAN12	0.002224	1.942624e+0	18536	7
CRISPLD1	0.002223	1.941597e+0	18537	7
APOL3	0.002222	1.940708e+0	18538	7
CPHXL	0.002222	1.940278e+0	18539	8
JRKL	0.002220	1.938869e+0	18540	7
ZNF587	0.002217	1.936270e+0	18541	6
SUSD6	0.002216	1.935220e+0	18542	7
C1QTNF9B	0.002215	1.934235e+0	18543	6
DYNAP	0.002215	1.934229e+0	18544	6
ITLN2	0.002214	1.933555e+0	18545	5
TMEM81	0.002214	1.933183e+0	18546	7
C3ORF52	0.002213	1.932237e+0	18547	7
LRRN2	0.002211	1.930670e+0	18548	7
ITPRIPL2	0.002210	1.930368e+0	18549	7
ZNF736	0.002210	1.930253e+0	18550	7
C6ORF89	0.002203	1.923909e+0	18551	6
CCDC3	0.002202	1.922862e+0	18552	8
CT47A1	0.002201	1.922037e+0	18553	8
ZNF69	0.002201	1.922025e+0	18554	4
CGREF1	0.002199	1.920805e+0	18555	6
C5ORF15	0.002199	1.920560e+0	18556	8
KRTAP29-1	0.002199	1.920083e+0	18557	8
ZNF75A	0.002198	1.919254e+0	18558	7
NSG2	0.002198	1.919235e+0	18559	7
ASCL5	0.002196	1.917683e+0	18560	7
CARMIL3	0.002194	1.916325e+0	18561	7
ZXDB	0.002192	1.914359e+0	18562	7
APOL5	0.002191	1.913067e+0	18563	7
C2CD4D	0.002190	1.912767e+0	18564	7
HHLA3	0.002188	1.910433e+0	18565	6
SAPCD2	0.002186	1.909451e+0	18566	7
C16ORF58	0.002186	1.909183e+0	18567	6
ZBTB49	0.002180	1.903915e+0	18568	7
TNFAIP8L1	0.002180	1.903788e+0	18569	6
NPIPA3	0.002179	1.903004e+0	18570	6
ZNF594	0.002179	1.902967e+0	18571	7
ZNF71	0.002179	1.902769e+0	18572	6
KRTAP20-3	0.002174	1.898818e+0	18573	6
FAM167B	0.002174	1.898719e+0	18574	7
C14ORF93	0.002172	1.897088e+0	18575	7
PCDHAC1	0.002169	1.894295e+0	18576	7
MRGPRG	0.002168	1.892869e+0	18577	7
CYSTM1	0.002167	1.892785e+0	18578	7
RERGL	0.002167	1.892666e+0	18579	7
BOLA2-SMG1P6	0.002166	1.891168e+0	18580	6
ZNF497	0.002165	1.890892e+0	18581	7
CCDC197	0.002165	1.890522e+0	18582	6
GOLGA6L2	0.002159	1.885524e+0	18583	7
ZFHX2	0.002158	1.884825e+0	18584	8
PCNX1	0.002158	1.884337e+0	18585	8
ADGRF4	0.002155	1.882012e+0	18586	7
BEX4	0.002155	1.881948e+0	18587	7
C12ORF60	0.002155	1.881821e+0	18588	7
FOXI3	0.002154	1.881503e+0	18589	7
ZNF286A	0.002153	1.880517e+0	18590	7
C5ORF67	0.002153	1.880393e+0	18591	7
OGFOD3	0.002152	1.879201e+0	18592	7
NKX2-4	0.002151	1.878866e+0	18593	6
C16ORF89	0.002151	1.878265e+0	18594	7
C1ORF21	0.002149	1.876892e+0	18595	7
TEX53	0.002149	1.876518e+0	18596	6
SFXN5	0.002146	1.873822e+0	18597	7
PRRT1B	0.002145	1.873272e+0	18598	7
ANKRD33	0.002144	1.872644e+0	18599	7
ZNF732	0.002144	1.872148e+0	18600	7
DTD1-2	0.002144	1.872026e+0	18601	6
MAFIP-2	0.002143	1.871243e+0	18602	6
FAM71F2	0.002140	1.869271e+0	18603	5
RAB37	0.002139	1.868157e+0	18604	6
TMEM125	0.002137	1.866265e+0	18605	7
ATAD3C	0.002137	1.866131e+0	18606	7
ENSP00000493780	0.002137	1.865868e+0	18607	6
RNF133	0.002136	1.865785e+0	18608	6
GPR21	0.002128	1.858562e+0	18609	6
ZNF561	0.002126	1.856455e+0	18610	6
ARHGAP18	0.002125	1.855442e+0	18611	6
HERPUD2	0.002124	1.855144e+0	18612	7
TRAM1L1	0.002124	1.854769e+0	18613	6
PRELID3A	0.002124	1.854503e+0	18614	5
FAM135A	0.002120	1.851407e+0	18615	7
CPNE9	0.002120	1.851334e+0	18616	8
PRSS27	0.002119	1.850145e+0	18617	7
PURG	0.002118	1.849806e+0	18618	7
C10ORF67	0.002118	1.849224e+0	18619	6
MAGEA9B	0.002117	1.848921e+0	18620	7
IRAK1BP1	0.002114	1.846240e+0	18621	6
ZNF771	0.002113	1.844989e+0	18622	7
ZNF586	0.002112	1.844346e+0	18623	6
IGSF9	0.002110	1.842662e+0	18624	7
TIGD1	0.002109	1.841622e+0	18625	7
MMP26	0.002108	1.841327e+0	18626	5
CEACAM20	0.002107	1.840192e+0	18627	6
MINAR1	0.002107	1.839753e+0	18628	7
ENSP00000493691	0.002104	1.837151e+0	18629	4
ZNF556	0.002103	1.836834e+0	18630	7
HDGFL3	0.002103	1.836704e+0	18631	7
GOLGA6L6	0.002103	1.836347e+0	18632	7
SH3TC1	0.002103	1.836197e+0	18633	7
SCGB2B2	0.002101	1.835134e+0	18634	7
TPSD1	0.002096	1.830682e+0	18635	4
ZNF275	0.002096	1.830423e+0	18636	7
ZNF784	0.002094	1.828400e+0	18637	7
FOXL3	0.002092	1.827082e+0	18638	7
ZNF486	0.002092	1.827017e+0	18639	7
TMEM72	0.002088	1.823757e+0	18640	7
XKR7	0.002088	1.823610e+0	18641	6
CCDC188	0.002088	1.823006e+0	18642	6
TSHZ2	0.002084	1.820092e+0	18643	7
IFITM10	0.002084	1.820057e+0	18644	7
PPP1R37	0.002082	1.817948e+0	18645	7
PRTG	0.002081	1.817274e+0	18646	7
FER1L6	0.002080	1.816466e+0	18647	7
FN3K	0.002075	1.812265e+0	18648	7
RADIL	0.002071	1.808781e+0	18649	6
TMEM71	0.002070	1.807998e+0	18650	7
TCAF2C	0.002070	1.807834e+0	18651	6
NATD1	0.002069	1.807060e+0	18652	7
PLSCR4	0.002068	1.805603e+0	18653	6
ZNF98	0.002067	1.805091e+0	18654	7
FOCAD	0.002067	1.805089e+0	18655	6
C19ORF73	0.002067	1.804800e+0	18656	6
CDKL4	0.002067	1.804795e+0	18657	6
CCDC152	0.002066	1.803952e+0	18658	7
C4ORF17	0.002065	1.803708e+0	18659	6
JPT1	0.002065	1.803296e+0	18660	6
ZNF226	0.002062	1.800551e+0	18661	7
SERF1B	0.002059	1.798490e+0	18662	7
ZNF343	0.002059	1.798454e+0	18663	7
ZNF578	0.002058	1.797478e+0	18664	7
TRIM77	0.002057	1.796645e+0	18665	7
ZNF761	0.002057	1.796442e+0	18666	6
ZNF781	0.002057	1.796281e+0	18667	7
ZNF267	0.002057	1.796199e+0	18668	6
TMEM265	0.002052	1.792374e+0	18669	5
TRIM64B	0.002049	1.789055e+0	18670	6
PRSS38	0.002047	1.787650e+0	18671	6
ZNF91	0.002045	1.785817e+0	18672	5
ZHX1-C8ORF76	0.002043	1.783967e+0	18673	7
ZNF705G	0.002042	1.783154e+0	18674	6
GOLGA8K	0.002042	1.783027e+0	18675	7
C11ORF68	0.002041	1.782543e+0	18676	6
NKX2-6	0.002041	1.782272e+0	18677	5
ANKRD18A	0.002040	1.781664e+0	18678	7
GOLGA8H	0.002039	1.780216e+0	18679	7
BTBD16	0.002038	1.779534e+0	18680	7
SPATA1	0.002036	1.778213e+0	18681	6
CALHM5	0.002036	1.777675e+0	18682	7
PLPPR5	0.002035	1.776971e+0	18683	7
SCUBE1	0.002034	1.776371e+0	18684	6
POMZP3	0.002033	1.775438e+0	18685	7
EPPIN-WFDC6	0.002033	1.775286e+0	18686	6
SLC66A1L	0.002033	1.775209e+0	18687	7
C10ORF90	0.002030	1.772441e+0	18688	6
ZNF880	0.002028	1.770790e+0	18689	7
SPINK8	0.002027	1.769767e+0	18690	7
TMEM251	0.002024	1.767889e+0	18691	6
ANKRD65	0.002024	1.767182e+0	18692	7
ZNF626	0.002020	1.764346e+0	18693	6
ENSP00000423325	0.002020	1.763813e+0	18694	3
E9PCH4_HUMAN	0.002019	1.763075e+0	18695	5
TMEM62	0.002019	1.763071e+0	18696	7
LUZP2	0.002019	1.762986e+0	18697	6
DUPD1	0.002018	1.762195e+0	18698	7
CSRNP3	0.002017	1.761743e+0	18699	7
ZNF619	0.002017	1.761627e+0	18700	7
ENSP00000496982	0.002017	1.761537e+0	18701	4
C1ORF100	0.002015	1.759400e+0	18702	6
MYCT1	0.002014	1.759218e+0	18703	6
GOLGA6L10	0.002012	1.757121e+0	18704	7
KIAA1324L	0.002012	1.757079e+0	18705	7
FSD1L	0.002012	1.756755e+0	18706	6
NBPF6	0.002011	1.756577e+0	18707	6
GOLGA8T	0.002011	1.756255e+0	18708	7
FAM24B	0.002010	1.755612e+0	18709	7
PIK3IP1	0.002003	1.749000e+0	18710	7
WSCD2	0.002001	1.747868e+0	18711	6
ZNF599	0.002001	1.747674e+0	18712	7
BSPRY	0.002001	1.747666e+0	18713	7
ZNF107	0.001999	1.745792e+0	18714	7
ZNF333	0.001999	1.745600e+0	18715	6
HHIPL2	0.001993	1.740844e+0	18716	7
ZNF442	0.001987	1.735578e+0	18717	7
HSFX1	0.001986	1.734669e+0	18718	7
PPP1R1C	0.001986	1.734198e+0	18719	6
DMRTC1	0.001985	1.733306e+0	18720	6
STPG1	0.001984	1.732277e+0	18721	6
MAGEB3	0.001983	1.732114e+0	18722	6
C4ORF36	0.001982	1.731213e+0	18723	6
EFHD1	0.001982	1.730881e+0	18724	6
CEACAM18	0.001981	1.729767e+0	18725	6
TMEM139	0.001980	1.728902e+0	18726	6
AGAP4	0.001980	1.728825e+0	18727	6
M0R1W7_HUMAN	0.001978	1.727605e+0	18728	6
ZBTB34	0.001978	1.727304e+0	18729	6
PCDH20-2	0.001978	1.727018e+0	18730	6
AMZ2	0.001975	1.725174e+0	18731	7
NEK5	0.001975	1.724358e+0	18732	6
C12ORF54	0.001974	1.724274e+0	18733	6
PRAMEF19	0.001972	1.721849e+0	18734	7
GPR42	0.001969	1.719111e+0	18735	5
HAPLN3	0.001969	1.719088e+0	18736	6
TRABD2B	0.001961	1.712537e+0	18737	6
ZNF721	0.001961	1.712390e+0	18738	6
C12ORF49	0.001961	1.712312e+0	18739	6
TMEM121	0.001961	1.712105e+0	18740	7
FUT10	0.001959	1.711152e+0	18741	7
OCEL1	0.001958	1.709748e+0	18742	7
RAB6D	0.001956	1.708323e+0	18743	5
ZNF587B	0.001952	1.704861e+0	18744	6
TMEM106C	0.001950	1.702863e+0	18745	6
GLT1D1	0.001950	1.702829e+0	18746	7
TRIM43B	0.001948	1.701178e+0	18747	6
CT47A7	0.001943	1.696448e+0	18748	7
CT47A6	0.001943	1.696448e+0	18749	7
LLCFC1	0.001942	1.696284e+0	18750	6
SOX12	0.001940	1.694262e+0	18751	4
NCMAP	0.001939	1.692964e+0	18752	6
ENSP00000491197	0.001938	1.692454e+0	18753	7
PCDHGB7	0.001936	1.690552e+0	18754	5
ATRNL1	0.001935	1.690230e+0	18755	5
FABP12	0.001933	1.687964e+0	18756	5
TOGARAM2	0.001932	1.686974e+0	18757	7
C11ORF98	0.001931	1.686036e+0	18758	6
TMEM273	0.001930	1.685735e+0	18759	7
ZNF780B	0.001928	1.683739e+0	18760	6
LGALS14	0.001925	1.681132e+0	18761	6
ZNF329	0.001924	1.679787e+0	18762	6
ADGRG7	0.001921	1.677842e+0	18763	6
ZNF544	0.001919	1.676105e+0	18764	6
C6ORF201	0.001918	1.674997e+0	18765	6
BHLHB9	0.001918	1.674888e+0	18766	6
FIGNL2	0.001916	1.673347e+0	18767	6
ARL14EPL	0.001915	1.672656e+0	18768	6
BTBD18	0.001914	1.671749e+0	18769	7
HMGB4	0.001910	1.667601e+0	18770	6
LMTK3	0.001909	1.667388e+0	18771	6
U3KPZ7_HUMAN	0.001908	1.666035e+0	18772	6
ZNF429	0.001904	1.663078e+0	18773	6
TMC7	0.001902	1.661046e+0	18774	5
CCDC184	0.001896	1.656105e+0	18775	7
SBK3	0.001896	1.655942e+0	18776	6
SLFN5	0.001894	1.654304e+0	18777	7
FAM83F	0.001894	1.654030e+0	18778	6
CRIP2	0.001894	1.653633e+0	18779	6
ZNF37A	0.001892	1.652447e+0	18780	5
COA8	0.001892	1.652229e+0	18781	6
ZNF700	0.001888	1.648922e+0	18782	6
TCFL5	0.001883	1.644096e+0	18783	6
YPEL2	0.001880	1.642046e+0	18784	6
CNBD1	0.001880	1.641826e+0	18785	6
FAM153B	0.001879	1.641176e+0	18786	6
CEP57L1	0.001874	1.636963e+0	18787	6
LYSMD1	0.001873	1.636011e+0	18788	6
ZNF585A	0.001873	1.635501e+0	18789	6
TPBGL	0.001868	1.631691e+0	18790	6
PKIB	0.001867	1.630577e+0	18791	6
C2ORF76	0.001867	1.630315e+0	18792	6
IER5L	0.001866	1.629954e+0	18793	7
FOXD4L3	0.001866	1.629273e+0	18794	6
PGPEP1L	0.001863	1.626518e+0	18795	6
PRSS22	0.001858	1.622289e+0	18796	6
PNMA6E	0.001855	1.620305e+0	18797	6
VWDE	0.001855	1.620017e+0	18798	6
NPIPA8	0.001853	1.618208e+0	18799	6
DUSP27	0.001853	1.617781e+0	18800	6
PSD3	0.001852	1.616924e+0	18801	6
SPACA5B	0.001851	1.616161e+0	18802	6
FRY	0.001848	1.614101e+0	18803	5
EXO5	0.001848	1.614092e+0	18804	6
MDP1	0.001848	1.613664e+0	18805	6
RELL1	0.001847	1.613148e+0	18806	5
CFAP298-TCP10L	0.001846	1.612484e+0	18807	5
SIAH3	0.001846	1.612243e+0	18808	5
C11ORF24	0.001843	1.609109e+0	18809	6
FOXD4L1	0.001842	1.609015e+0	18810	5
PLEKHH1	0.001840	1.606520e+0	18811	6
FAM186B	0.001838	1.604861e+0	18812	6
TMC3	0.001837	1.603894e+0	18813	6
PCNX2	0.001833	1.600807e+0	18814	6
C2ORF66	0.001829	1.597681e+0	18815	5
CGB7	0.001829	1.597131e+0	18816	5
TMEM163	0.001828	1.596242e+0	18817	6
TMEM54	0.001824	1.593187e+0	18818	7
ZKSCAN2	0.001823	1.591604e+0	18819	6
TCTA	0.001822	1.591167e+0	18820	6
ZNF691	0.001821	1.590678e+0	18821	6
TTC39C	0.001816	1.586098e+0	18822	6
ZNF606	0.001814	1.583749e+0	18823	6
ZNF491	0.001811	1.581629e+0	18824	6
NIBAN1	0.001811	1.581122e+0	18825	6
CYTL1	0.001810	1.580568e+0	18826	6
USP17L24	0.001810	1.580259e+0	18827	3
USP17L26	0.001810	1.580259e+0	18828	3
C16ORF78	0.001809	1.579882e+0	18829	6
ZNF454	0.001807	1.578367e+0	18830	6
ZNF607	0.001806	1.576745e+0	18831	6
ZNF705D	0.001805	1.576411e+0	18832	5
TMEM200B	0.001804	1.575553e+0	18833	6
HCG_2014768	0.001804	1.575520e+0	18834	5
TMEM143	0.001803	1.574699e+0	18835	6
ZNF32	0.001803	1.574689e+0	18836	5
H0YIV9_HUMAN	0.001800	1.571941e+0	18837	4
RTL3	0.001795	1.567601e+0	18838	5
TMEM198	0.001795	1.567206e+0	18839	5
H3BUI4_HUMAN	0.001794	1.566891e+0	18840	6
ENTPD7	0.001791	1.564318e+0	18841	6
ZNF669	0.001789	1.562473e+0	18842	6
C6ORF223	0.001789	1.562277e+0	18843	6
P3R3URF-PIK3R3	0.001787	1.560578e+0	18844	5
NLRP2B	0.001787	1.560535e+0	18845	6
PCDHB13	0.001787	1.560325e+0	18846	5
SLC16A6	0.001779	1.553696e+0	18847	6
C4ORF48	0.001779	1.553275e+0	18848	5
NHLRC4	0.001776	1.551234e+0	18849	5
GPR180	0.001776	1.550624e+0	18850	5
PARM1	0.001775	1.550280e+0	18851	6
TTC22	0.001775	1.550219e+0	18852	6
ZNF443	0.001774	1.548933e+0	18853	5
KRTAP4-16	0.001772	1.547815e+0	18854	6
RCN3	0.001772	1.547491e+0	18855	6
LBH	0.001770	1.545511e+0	18856	5
ZNF385C	0.001769	1.545119e+0	18857	6
TAFA3	0.001768	1.544353e+0	18858	6
ZNF433	0.001767	1.543086e+0	18859	6
TRIM75P	0.001765	1.541767e+0	18860	5
CPO	0.001763	1.539770e+0	18861	6
ZFR2	0.001763	1.539512e+0	18862	6
KIAA1324	0.001761	1.537661e+0	18863	5
NINJ1	0.001761	1.537450e+0	18864	3
KRTAP9-6	0.001760	1.537256e+0	18865	7
FAM209B	0.001755	1.532228e+0	18866	6
GPR33	0.001754	1.531865e+0	18867	6
C17ORF107	0.001754	1.531389e+0	18868	6
TMEM45B	0.001753	1.530661e+0	18869	6
CNTNAP3B	0.001749	1.527474e+0	18870	5
ZNF705A	0.001747	1.525627e+0	18871	6
SMIM10L2B	0.001746	1.524716e+0	18872	6
LOC101059915	0.001745	1.523723e+0	18873	6
GOLGA6L9	0.001744	1.523396e+0	18874	5
CD163L1	0.001744	1.522866e+0	18875	6
NAT16	0.001743	1.522485e+0	18876	6
FAM43B	0.001743	1.521804e+0	18877	6
LOC102724488	0.001741	1.520423e+0	18878	6
HECTD2	0.001740	1.519388e+0	18879	6
FAM153A	0.001734	1.514577e+0	18880	5
FAIM	0.001730	1.510450e+0	18881	5
OVCH1	0.001722	1.504034e+0	18882	5
VSTM4	0.001720	1.501649e+0	18883	6
VMO1	0.001719	1.500927e+0	18884	6
ANKRD24	0.001719	1.500791e+0	18885	6
KNCN	0.001715	1.497902e+0	18886	5
POTEJ	0.001714	1.496485e+0	18887	5
TMEM40	0.001713	1.496111e+0	18888	6
PRRT4	0.001703	1.487227e+0	18889	6
ZNF551	0.001702	1.486139e+0	18890	5
TP53TG3	0.001701	1.485609e+0	18891	4
PCDHGC5	0.001700	1.484473e+0	18892	5
KBTBD11	0.001699	1.483541e+0	18893	6
RFTN1	0.001698	1.482872e+0	18894	5
AIDA	0.001697	1.481932e+0	18895	6
CCDC140	0.001695	1.480466e+0	18896	5
C19ORF85	0.001694	1.479449e+0	18897	6
SMIM26	0.001693	1.478807e+0	18898	6
ZNF695	0.001691	1.476349e+0	18899	6
SMIM22	0.001689	1.475293e+0	18900	4
C14ORF28	0.001688	1.473999e+0	18901	5
LYZL2	0.001687	1.473535e+0	18902	6
C11ORF21	0.001687	1.472917e+0	18903	4
CDPF1	0.001686	1.472284e+0	18904	5
FRMPD3	0.001684	1.470981e+0	18905	6
ATP13A4	0.001681	1.468445e+0	18906	6
TPRG1	0.001680	1.467434e+0	18907	5
PRAMEF17	0.001679	1.466618e+0	18908	4
SPIN3	0.001677	1.464681e+0	18909	5
C11ORF65	0.001676	1.463748e+0	18910	5
TCF24	0.001673	1.460948e+0	18911	5
MRGPRE	0.001671	1.458861e+0	18912	5
SHD	0.001667	1.455895e+0	18913	5
ZNF589	0.001666	1.455076e+0	18914	5
MEGF9	0.001666	1.454830e+0	18915	5
KIAA0895	0.001662	1.451847e+0	18916	6
C14ORF132	0.001659	1.448426e+0	18917	6
TMEM269	0.001656	1.445837e+0	18918	5
TMEM245	0.001654	1.444035e+0	18919	5
DEPP1	0.001651	1.441854e+0	18920	3
ZNF555	0.001650	1.441360e+0	18921	5
GLTPD2	0.001650	1.441316e+0	18922	5
ZNF33B	0.001647	1.438589e+0	18923	5
ZMAT1	0.001636	1.428326e+0	18924	6
C3ORF84	0.001633	1.425739e+0	18925	5
SDK1	0.001628	1.421413e+0	18926	5
C10ORF105	0.001625	1.419118e+0	18927	5
RSKR	0.001625	1.418770e+0	18928	6
IFFO2	0.001620	1.414943e+0	18929	5
BLID	0.001619	1.413472e+0	18930	4
ENSP00000489910	0.001611	1.407021e+0	18931	4
M0QX08_HUMAN	0.001609	1.405248e+0	18932	4
CCDC196	0.001604	1.401102e+0	18933	5
THEGL	0.001604	1.400773e+0	18934	5
C1ORF53	0.001602	1.398896e+0	18935	5
ENSP00000499467	0.001599	1.396632e+0	18936	5
CEP95	0.001587	1.385870e+0	18937	5
METRNL	0.001587	1.385532e+0	18938	5
OPN1MW2	0.001585	1.384286e+0	18939	5
ZNF677	0.001584	1.383406e+0	18940	5
FNDC9	0.001580	1.380134e+0	18941	5
CLEC18B	0.001579	1.378982e+0	18942	4
ZNF730	0.001578	1.378072e+0	18943	5
C6ORF141	0.001575	1.375783e+0	18944	5
IQCF2	0.001569	1.369929e+0	18945	5
C8ORF48	0.001568	1.369632e+0	18946	5
DTD1	0.001568	1.369330e+0	18947	5
ZNF527	0.001568	1.369217e+0	18948	5
SMIM1	0.001567	1.368359e+0	18949	5
C1QTNF4	0.001566	1.367175e+0	18950	5
ITIH5	0.001563	1.364645e+0	18951	4
ST7L	0.001562	1.364313e+0	18952	5
PLEKHF2	0.001559	1.361653e+0	18953	5
AIF1L	0.001559	1.361650e+0	18954	5
URGCP	0.001556	1.359173e+0	18955	5
ZNF300	0.001555	1.357830e+0	18956	4
C11ORF86	0.001552	1.355398e+0	18957	5
CERCAM	0.001550	1.353400e+0	18958	5
SMIM30	0.001549	1.352642e+0	18959	5
BSPH1	0.001547	1.351092e+0	18960	5
LDAH	0.001547	1.350916e+0	18961	5
DMRTA1	0.001547	1.350869e+0	18962	5
TGM7	0.001547	1.350858e+0	18963	5
C11ORF45	0.001545	1.349383e+0	18964	5
VSTM1	0.001542	1.346808e+0	18965	5
ZAR1L	0.001542	1.346600e+0	18966	5
ZNF14	0.001541	1.345427e+0	18967	5
ARMH4	0.001539	1.343986e+0	18968	5
ZNF875	0.001539	1.343688e+0	18969	5
KLLN	0.001533	1.338862e+0	18970	5
SMIM5	0.001532	1.338303e+0	18971	5
ZNF230	0.001529	1.335650e+0	18972	3
SHISA2	0.001527	1.333341e+0	18973	5
C1QTNF5	0.001521	1.328122e+0	18974	4
TMEM272	0.001521	1.327866e+0	18975	5
TM4SF18	0.001519	1.326700e+0	18976	5
ZC3H12B	0.001517	1.324995e+0	18977	5
SEC14L3	0.001515	1.322987e+0	18978	5
ZNF577	0.001514	1.322186e+0	18979	5
ERICH6B	0.001513	1.321713e+0	18980	5
NBPF9	0.001511	1.319218e+0	18981	5
HMCN2	0.001510	1.318880e+0	18982	5
FAM71C	0.001510	1.318653e+0	18983	5
DIPK1B	0.001508	1.317333e+0	18984	5
IRGC	0.001508	1.317316e+0	18985	5
HNRNPCL4	0.001506	1.315376e+0	18986	5
NCBP2AS2	0.001506	1.315334e+0	18987	4
TMEM229A	0.001506	1.314938e+0	18988	5
KLHL34	0.001505	1.314284e+0	18989	5
ZNF571	0.001503	1.312989e+0	18990	5
ZNF493	0.001502	1.311462e+0	18991	5
ELK3	0.001501	1.310522e+0	18992	4
NRK	0.001500	1.310305e+0	18993	5
AGAP9	0.001499	1.309433e+0	18994	5
TMEM178B	0.001496	1.306340e+0	18995	5
CSNKA2IP	0.001492	1.303200e+0	18996	5
C9ORF57	0.001491	1.302087e+0	18997	4
SECTM1	0.001490	1.301226e+0	18998	4
ZNF785	0.001487	1.298936e+0	18999	5
RNF44	0.001487	1.298757e+0	19000	5
SERP2	0.001487	1.298459e+0	19001	5
ZNF660	0.001482	1.294272e+0	19002	4
DGAT2L6	0.001482	1.293847e+0	19003	5
NPIPB13	0.001481	1.293399e+0	19004	5
ZNF287	0.001480	1.292285e+0	19005	5
SP5	0.001478	1.290536e+0	19006	4
CTAGE8	0.001477	1.289885e+0	19007	5
FAM155B	0.001477	1.289870e+0	19008	4
VMAC	0.001475	1.288271e+0	19009	4
TRIM51GP	0.001473	1.286564e+0	19010	4
ZNF140	0.001473	1.286069e+0	19011	4
PRR29	0.001473	1.285995e+0	19012	5
PAGE2	0.001472	1.285422e+0	19013	4
WDR88	0.001471	1.284376e+0	19014	5
NKX1-1	0.001468	1.282298e+0	19015	5
SCRG1	0.001467	1.281007e+0	19016	4
ZXDA	0.001464	1.278900e+0	19017	4
PNMA6F	0.001464	1.278404e+0	19018	5
ZNF800	0.001463	1.277205e+0	19019	5
MMP27	0.001460	1.275313e+0	19020	5
ZNF610	0.001459	1.273904e+0	19021	5
LRRC36	0.001459	1.273859e+0	19022	5
MTLN	0.001458	1.273659e+0	19023	4
CD200R1L	0.001457	1.272363e+0	19024	4
FIBIN	0.001456	1.271083e+0	19025	5
TMSB15A	0.001451	1.267459e+0	19026	4
TPPP3	0.001449	1.265523e+0	19027	5
C9ORF129	0.001449	1.265454e+0	19028	4
FYB2	0.001444	1.261023e+0	19029	5
ZNF35	0.001440	1.257227e+0	19030	5
ERICH4	0.001435	1.253182e+0	19031	5
NPIPB4	0.001434	1.252688e+0	19032	5
OLFML2A	0.001434	1.252260e+0	19033	5
NCKAP5	0.001433	1.251302e+0	19034	4
TMEM238L	0.001432	1.250707e+0	19035	4
ZNF345	0.001429	1.248075e+0	19036	5
FAM243A	0.001428	1.246814e+0	19037	4
PCDHA13	0.001427	1.246523e+0	19038	4
KLHDC7A	0.001427	1.245959e+0	19039	5
MRGPRX3	0.001422	1.241876e+0	19040	4
TMEM217	0.001422	1.241664e+0	19041	5
ZNF559-ZNF177	0.001421	1.241133e+0	19042	4
MYRFL	0.001420	1.240324e+0	19043	5
KRT222	0.001420	1.240198e+0	19044	4
ENSP00000455145	0.001420	1.239976e+0	19045	4
ZNF648	0.001420	1.239721e+0	19046	5
ZNF705E	0.001419	1.239034e+0	19047	4
TRHDE	0.001414	1.234610e+0	19048	3
CCDC166	0.001407	1.228858e+0	19049	5
ZNF480	0.001407	1.228471e+0	19050	4
FAM156A	0.001404	1.225998e+0	19051	5
ADIG	0.001402	1.224501e+0	19052	4
PLSCR5	0.001400	1.222929e+0	19053	5
ZNF138	0.001400	1.222864e+0	19054	4
SMAGP	0.001397	1.220099e+0	19055	5
ZNF136	0.001397	1.219953e+0	19056	4
NEDD8-MDP1	0.001396	1.219337e+0	19057	5
SMIM11A	0.001392	1.215381e+0	19058	5
LOC112577516	0.001387	1.211659e+0	19059	4
ZNF180	0.001386	1.210628e+0	19060	4
UMAD1	0.001384	1.208257e+0	19061	4
TP53TG3B	0.001381	1.205686e+0	19062	4
TXNRD3NB	0.001375	1.200730e+0	19063	3
H7C4K7_HUMAN	0.001368	1.194627e+0	19064	4
RTKN2	0.001367	1.194215e+0	19065	4
TMEM39B	0.001366	1.192595e+0	19066	5
C2ORF92	0.001365	1.192480e+0	19067	3
ZNF747	0.001365	1.192041e+0	19068	3
CCSAP	0.001363	1.190456e+0	19069	5
IQCH	0.001362	1.189853e+0	19070	4
ZDHHC12	0.001361	1.188956e+0	19071	4
C1QTNF7	0.001360	1.187849e+0	19072	4
ADAMTS19	0.001356	1.183944e+0	19073	5
SPEGNB-2	0.001352	1.180938e+0	19074	4
NXPE2	0.001347	1.176705e+0	19075	5
ERVK3-1	0.001345	1.174492e+0	19076	5
FAM187A	0.001344	1.174125e+0	19077	4
ZNF749	0.001343	1.172448e+0	19078	3
KRTAP23-1	0.001342	1.172143e+0	19079	5
HR	0.001340	1.170559e+0	19080	4
FAM114A1	0.001340	1.169919e+0	19081	4
ZNF581	0.001335	1.165818e+0	19082	4
MSANTD3-TMEFF1	0.001331	1.161957e+0	19083	4
SEC14L4	0.001328	1.159928e+0	19084	4
K7ESF4_HUMAN	0.001324	1.156336e+0	19085	4
LRTM1	0.001322	1.154597e+0	19086	4
ZFP28	0.001319	1.151470e+0	19087	4
J3QRE1_HUMAN	0.001318	1.150928e+0	19088	3
PTX4	0.001316	1.149557e+0	19089	4
C1ORF115	0.001315	1.148334e+0	19090	4
RFLNB	0.001303	1.137832e+0	19091	4
ARMCX5-GPRASP2	0.001303	1.137808e+0	19092	4
LRRC53	0.001301	1.135936e+0	19093	4
SPHAR	0.001300	1.135620e+0	19094	4
NUDT4B	0.001298	1.133811e+0	19095	4
SAMD11	0.001298	1.133785e+0	19096	4
ENSP00000492303	0.001296	1.132044e+0	19097	4
MAP3K15	0.001290	1.126746e+0	19098	4
DYRK4	0.001289	1.125366e+0	19099	3
MLIP	0.001288	1.124376e+0	19100	4
SYT15	0.001287	1.123942e+0	19101	4
ZNF585B	0.001284	1.121494e+0	19102	4
STEAP1B	0.001282	1.119668e+0	19103	4
CCDC157	0.001281	1.118886e+0	19104	4
ZNF837	0.001281	1.118580e+0	19105	4
RNF180	0.001277	1.115159e+0	19106	4
K7EQZ3_HUMAN	0.001276	1.113902e+0	19107	4
M0R036_HUMAN	0.001271	1.110098e+0	19108	3
ZNF735	0.001271	1.109925e+0	19109	4
CDC42BPG	0.001270	1.109452e+0	19110	4
TPSG1	0.001270	1.109071e+0	19111	4
SHISAL2A	0.001269	1.108414e+0	19112	4
ZNF519	0.001269	1.107978e+0	19113	4
ANP32D	0.001268	1.107269e+0	19114	4
AARD	0.001265	1.104458e+0	19115	4
SPDYE17	0.001264	1.103809e+0	19116	4
HDX	0.001262	1.102470e+0	19117	4
SHF	0.001262	1.102161e+0	19118	4
LIPK	0.001260	1.100250e+0	19119	4
MKKS-2	0.001247	1.088598e+0	19120	3
SH3BGRL2	0.001244	1.086395e+0	19121	4
C14ORF177	0.001239	1.082128e+0	19122	4
SLFN12L	0.001238	1.081027e+0	19123	4
ZBED2	0.001234	1.078017e+0	19124	4
M0QYT0_HUMAN	0.001234	1.077761e+0	19125	3
SPIN2A	0.001234	1.077400e+0	19126	4
RNASE4	0.001231	1.074622e+0	19127	3
CEP295NL	0.001227	1.071457e+0	19128	4
TMEM155	0.001225	1.069983e+0	19129	4
TUSC1	0.001220	1.065757e+0	19130	4
ZFP82	0.001216	1.061534e+0	19131	4
NUTM2D	0.001213	1.059142e+0	19132	4
NPIPB12	0.001209	1.055778e+0	19133	4
ZNF415	0.001204	1.051080e+0	19134	4
PRR33	0.001199	1.047355e+0	19135	4
C2ORF15	0.001199	1.047343e+0	19136	4
TCAF2	0.001199	1.047331e+0	19137	4
C2ORF78	0.001198	1.045956e+0	19138	4
J3KR12_HUMAN	0.001197	1.045646e+0	19139	3
MAGEB6B	0.001195	1.043706e+0	19140	4
MINDY4B	0.001195	1.043549e+0	19141	4
PPDPF	0.001193	1.042053e+0	19142	4
POM121L12	0.001193	1.041458e+0	19143	4
B3GNT10	0.001192	1.040991e+0	19144	4
PRR16	0.001182	1.032159e+0	19145	4
ZNF814	0.001181	1.031175e+0	19146	4
FAM177B	0.001175	1.026070e+0	19147	4
CTXND1	0.001173	1.024103e+0	19148	4
CCDC200	0.001169	1.021188e+0	19149	4
FCRLB	0.001169	1.021043e+0	19150	4
TBC1D3C	0.001163	1.015904e+0	19151	3
OSER1	0.001161	1.013629e+0	19152	4
TMEM217-2	0.001154	1.007962e+0	19153	4
M0QZ92_HUMAN	0.001153	1.006991e+0	19154	4
IFI27L2	0.001152	1.006099e+0	19155	4
USP17L23	0.001151	1.005257e+0	19156	3
TMEM255B	0.001149	1.003506e+0	19157	4
C1ORF127	0.001149	1.003372e+0	19158	4
OIT3	0.001146	1.001023e+0	19159	4
IGFL3	0.001141	9.966398e-1	19160	3
ZNF484	0.001140	9.958692e-1	19161	3
ENSP00000500339	0.001138	9.934002e-1	19162	3
GOLGA6L4	0.001135	9.914750e-1	19163	4
PLCXD2	0.001130	9.866398e-1	19164	4
ZNF705B	0.001127	9.839209e-1	19165	4
STUM	0.001125	9.820349e-1	19166	4
BRD3OS	0.001124	9.818042e-1	19167	4
C19ORF18	0.001124	9.811921e-1	19168	4
ZNF620	0.001122	9.795671e-1	19169	3
TMEM191C	0.001121	9.792327e-1	19170	2
TTPAL	0.001118	9.760631e-1	19171	4
SMIM10L1	0.001115	9.739170e-1	19172	4
FOXO3B	0.001114	9.732677e-1	19173	4
TEPP	0.001113	9.715776e-1	19174	3
PNMA8C	0.001109	9.681259e-1	19175	3
GRAPL	0.001101	9.613957e-1	19176	4
MBD3L4	0.001099	9.601271e-1	19177	3
ADIRF	0.001099	9.596297e-1	19178	3
IGFL4	0.001097	9.578595e-1	19179	4
NPIPB5	0.001096	9.569531e-1	19180	4
BARGIN	0.001090	9.516027e-1	19181	3
SOBP	0.001084	9.466685e-1	19182	3
ZNF670	0.001083	9.461674e-1	19183	3
PAGE3	0.001082	9.446369e-1	19184	3
CSMD2	0.001081	9.437625e-1	19185	4
ZNF233	0.001079	9.422903e-1	19186	3
RTP5	0.001079	9.421819e-1	19187	4
SMIM34A	0.001071	9.356576e-1	19188	3
ZFP2	0.001069	9.333556e-1	19189	3
MAB21L4	0.001066	9.311316e-1	19190	4
GSG1	0.001065	9.297073e-1	19191	3
TMEM203	0.001061	9.261330e-1	19192	3
DMRTC1B	0.001058	9.238749e-1	19193	3
MPC1L	0.001051	9.174554e-1	19194	2
K7EQS6_HUMAN	0.001049	9.162787e-1	19195	3
ZNF530	0.001047	9.142992e-1	19196	3
TP53TG3E	0.001039	9.077421e-1	19197	3
PCDHGC4	0.001039	9.072315e-1	19198	3
ZNF723	0.001035	9.042710e-1	19199	3
NT5DC4	0.001034	9.029466e-1	19200	3
C20ORF144	0.001034	9.028006e-1	19201	3
HMX1	0.001031	9.005007e-1	19202	3
F5H423_HUMAN	0.001030	8.996154e-1	19203	3
M0R233_HUMAN	0.001029	8.989755e-1	19204	4
H0Y858_HUMAN	0.001028	8.981183e-1	19205	3
ST18	0.001027	8.972242e-1	19206	3
ZNF90	0.001026	8.960542e-1	19207	4
PTCHD4	0.001026	8.958647e-1	19208	3
SH2D6	0.001025	8.951438e-1	19209	3
ZNF441	0.001024	8.941330e-1	19210	3
FAM71A	0.001023	8.932055e-1	19211	3
ENSP00000441269	0.001023	8.930401e-1	19212	3
EVPLL	0.001021	8.918537e-1	19213	3
WRB-SH3BGR	0.001019	8.900254e-1	19214	3
ENSP00000481571	0.001018	8.891952e-1	19215	3
LOC647264	0.001013	8.844324e-1	19216	3
ZNF334	0.001011	8.831227e-1	19217	3
KRBOX1	0.001004	8.768259e-1	19218	3
ZNF485	0.001003	8.757208e-1	19219	3
TRIM61	0.001001	8.745845e-1	19220	3
ZNF100	0.001001	8.742572e-1	19221	3
ZNF852	0.000998	8.711897e-1	19222	3
TTLL13P	0.000985	8.600217e-1	19223	3
ITM2A	0.000984	8.591513e-1	19224	3
SNN	0.000983	8.588853e-1	19225	3
ZNF718	0.000981	8.565879e-1	19226	3
C20ORF204	0.000981	8.564860e-1	19227	3
NUTM2E	0.000981	8.564144e-1	19228	3
KRTAP20-4	0.000978	8.538189e-1	19229	2
H0YIN7_HUMAN	0.000977	8.531041e-1	19230	3
FOXD4L4	0.000977	8.528750e-1	19231	3
ZNF625	0.000976	8.527597e-1	19232	3
TNFAIP8L3	0.000975	8.511245e-1	19233	3
MKRN2OS	0.000972	8.490591e-1	19234	3
ATP13A5	0.000969	8.465316e-1	19235	3
RHOXF1	0.000968	8.455511e-1	19236	3
ZNF479	0.000964	8.417852e-1	19237	3
LOC100505841	0.000963	8.407835e-1	19238	3
HMHB1	0.000962	8.404915e-1	19239	3
C2CD4C	0.000962	8.399343e-1	19240	3
VXN	0.000962	8.396998e-1	19241	3
ZNF792	0.000960	8.380362e-1	19242	3
LYNX1-SLURP2	0.000959	8.374754e-1	19243	2
SCART1	0.000958	8.361842e-1	19244	3
LYSMD2	0.000955	8.336093e-1	19245	3
ZNF257	0.000954	8.332075e-1	19246	3
BRI3	0.000951	8.306255e-1	19247	2
PCDHB9	0.000951	8.304348e-1	19248	3
SMIM27	0.000950	8.299232e-1	19249	2
FAM240A	0.000949	8.286865e-1	19250	3
GOLGA6D	0.000948	8.276424e-1	19251	3
CCDC179	0.000946	8.260379e-1	19252	3
CDKL3	0.000943	8.234657e-1	19253	3
C18ORF63	0.000936	8.172503e-1	19254	3
SLC35G5	0.000936	8.170931e-1	19255	3
ZNF776	0.000933	8.150275e-1	19256	3
ZNF69-2	0.000930	8.125910e-1	19257	3
IGFL2	0.000929	8.114480e-1	19258	3
DDT-2	0.000926	8.086879e-1	19259	2
CLEC18C	0.000926	8.083119e-1	19260	2
LDLRAD2	0.000920	8.037897e-1	19261	3
ZNF728	0.000917	8.008118e-1	19262	3
ECRG4	0.000915	7.987595e-1	19263	3
ENSP00000485259	0.000914	7.980434e-1	19264	3
C11ORF96	0.000914	7.978057e-1	19265	3
ENSP00000485630	0.000913	7.972623e-1	19266	3
ENSP00000470615	0.000913	7.972418e-1	19267	3
RESP18	0.000911	7.953362e-1	19268	3
FAM25C	0.000910	7.942885e-1	19269	3
ZNF25	0.000909	7.940522e-1	19270	3
OOSP3	0.000908	7.929824e-1	19271	2
C1ORF185	0.000905	7.903697e-1	19272	3
ENSP00000461865	0.000902	7.879774e-1	19273	2
ZNF528	0.000902	7.876863e-1	19274	3
PPDPFL	0.000900	7.858348e-1	19275	3
FAM237B	0.000895	7.817838e-1	19276	3
C1ORF216	0.000893	7.801452e-1	19277	3
MDFIC2	0.000893	7.800348e-1	19278	3
ZNF709	0.000892	7.793006e-1	19279	3
ZNF729	0.000892	7.789002e-1	19280	3
ERFL	0.000890	7.776179e-1	19281	3
ZNF846	0.000889	7.766450e-1	19282	3
ZSCAN31	0.000889	7.763734e-1	19283	3
ZNF879	0.000888	7.750891e-1	19284	3
TMSB15B-2	0.000887	7.746929e-1	19285	3
ANKRD63	0.000886	7.741623e-1	19286	3
ARHGAP19	0.000877	7.660933e-1	19287	2
RBAK-RBAKDN	0.000872	7.611853e-1	19288	3
TRIM64	0.000871	7.602476e-1	19289	3
ZNF737	0.000870	7.599848e-1	19290	2
FAM151A	0.000870	7.596477e-1	19291	3
OAF	0.000868	7.582046e-1	19292	3
ZNF135	0.000865	7.557741e-1	19293	3
SPACA5	0.000863	7.533584e-1	19294	3
DCANP1	0.000860	7.510032e-1	19295	2
FAM237A	0.000860	7.506386e-1	19296	3
C20ORF141	0.000859	7.503244e-1	19297	3
C11ORF97	0.000853	7.448982e-1	19298	2
H0YJ60_HUMAN	0.000852	7.441585e-1	19299	3
ZNF132	0.000851	7.435728e-1	19300	3
CCDC71L	0.000851	7.429089e-1	19301	3
C11ORF52	0.000848	7.405842e-1	19302	3
SLC37A2	0.000848	7.402986e-1	19303	3
PCNX4	0.000846	7.388381e-1	19304	3
LBX2	0.000845	7.378278e-1	19305	3
ANKRD34B	0.000842	7.353424e-1	19306	3
NPIPB15	0.000841	7.347823e-1	19307	3
HEPN1	0.000841	7.343469e-1	19308	2
C1ORF54	0.000835	7.290296e-1	19309	3
LOC102723971	0.000832	7.261748e-1	19310	3
LOC400499	0.000831	7.258834e-1	19311	3
KLHDC7B	0.000831	7.253177e-1	19312	3
KIAA1586	0.000831	7.252988e-1	19313	3
TENT5B	0.000830	7.246367e-1	19314	3
C12ORF76	0.000829	7.241160e-1	19315	3
ZNF467	0.000828	7.233372e-1	19316	2
NCCRP1	0.000826	7.215995e-1	19317	3
ADAM18	0.000825	7.203981e-1	19318	3
FAM120AOS	0.000821	7.165990e-1	19319	3
SRMS	0.000819	7.148369e-1	19320	2
SLC6A16	0.000807	7.051437e-1	19321	2
ZSCAN5B	0.000805	7.033147e-1	19322	3
TMEM74B	0.000804	7.023034e-1	19323	3
TMEM132B	0.000796	6.951633e-1	19324	3
PHYHD1	0.000794	6.930953e-1	19325	3
RFPL4AL1	0.000790	6.901298e-1	19326	2
H0YJW9_HUMAN	0.000790	6.899781e-1	19327	3
SMIM2	0.000788	6.879354e-1	19328	3
SMIM11B	0.000787	6.875654e-1	19329	3
I3L4J1_HUMAN	0.000786	6.862350e-1	19330	2
FOXD4L5	0.000780	6.808829e-1	19331	2
TUNAR	0.000777	6.783482e-1	19332	2
SOWAHD	0.000759	6.627579e-1	19333	2
ZNF724	0.000745	6.509751e-1	19334	2
ZNF30	0.000745	6.503653e-1	19335	2
ZNF552	0.000741	6.471041e-1	19336	2
C2ORF72	0.000734	6.412055e-1	19337	2
HES7	0.000730	6.372794e-1	19338	2
EMILIN3	0.000723	6.311643e-1	19339	2
ZNF175	0.000715	6.243947e-1	19340	2
C2ORF91	0.000711	6.206645e-1	19341	2
ZNF229	0.000706	6.166827e-1	19342	2
ZNF565	0.000703	6.138384e-1	19343	2
ZNF765	0.000692	6.039477e-1	19344	2
KDM4F	0.000688	6.009850e-1	19345	2
ZNF354B	0.000687	5.995652e-1	19346	2
ZNF883	0.000687	5.995619e-1	19347	2
C20ORF203	0.000686	5.988084e-1	19348	2
TP53TG3D	0.000680	5.939369e-1	19349	2
ANKDD1A	0.000679	5.932383e-1	19350	2
ZNF682	0.000655	5.721737e-1	19351	2
F8W6W0_HUMAN	0.000652	5.691909e-1	19352	1
C5ORF38	0.000641	5.600880e-1	19353	2
ZFP92	0.000641	5.598621e-1	19354	2
ZNF124	0.000640	5.587818e-1	19355	2
ZNF878	0.000633	5.526149e-1	19356	2
ZNF836	0.000632	5.520811e-1	19357	2
MFSD4A	0.000627	5.471198e-1	19358	2
C3ORF49	0.000623	5.443979e-1	19359	2
IGIP	0.000618	5.397864e-1	19360	2
ENSP00000483415	0.000617	5.392514e-1	19361	1
ZNF181	0.000613	5.349967e-1	19362	2
TMEM170B	0.000611	5.334940e-1	19363	2
SMIM18	0.000608	5.313181e-1	19364	2
GOLGA6L22	0.000605	5.284589e-1	19365	2
TP53TG3F	0.000605	5.279752e-1	19366	2
LRRN4CL	0.000604	5.273719e-1	19367	2
NPIPB3	0.000601	5.251863e-1	19368	2
CES4A	0.000600	5.236629e-1	19369	2
CFC1B	0.000597	5.213687e-1	19370	2
KLF18	0.000593	5.181215e-1	19371	2
TLCD2	0.000593	5.177713e-1	19372	2
RPRML	0.000591	5.157696e-1	19373	2
K7N7A8_HUMAN	0.000589	5.140836e-1	19374	2
SRARP	0.000588	5.134181e-1	19375	2
FAM156B	0.000587	5.126720e-1	19376	2
C3ORF56	0.000585	5.112382e-1	19377	2
ZNF280D-2	0.000583	5.091999e-1	19378	2
ANXA8L1	0.000582	5.084433e-1	19379	2
POC1B-GALNT4	0.000582	5.078438e-1	19380	2
K7ERI5_HUMAN	0.000581	5.075879e-1	19381	2
MRO	0.000580	5.067035e-1	19382	2
SPTY2D1OS	0.000573	5.003177e-1	19383	2
ENSP00000487717	0.000571	4.990007e-1	19384	1
OGFRL1	0.000569	4.971974e-1	19385	2
FOXB2	0.000569	4.969687e-1	19386	2
NEURL3	0.000563	4.917056e-1	19387	2
LOC102723655	0.000561	4.895660e-1	19388	2
PCDHA5	0.000560	4.894085e-1	19389	2
ZNF121	0.000560	4.889303e-1	19390	2
BTBD11	0.000558	4.875723e-1	19391	2
CLEC18A	0.000558	4.875328e-1	19392	2
SSC5D	0.000557	4.863858e-1	19393	2
ZNF502	0.000554	4.840374e-1	19394	2
ZFP41	0.000553	4.829500e-1	19395	2
IQCM	0.000552	4.817865e-1	19396	2
PCDH20	0.000552	4.816363e-1	19397	2
PLCXD3	0.000551	4.808940e-1	19398	2
C1ORF56	0.000548	4.789003e-1	19399	2
C10ORF142	0.000548	4.785725e-1	19400	2
K7EJK4_HUMAN	0.000544	4.754857e-1	19401	2
CAPS2	0.000539	4.710159e-1	19402	2
M0R1X1_HUMAN	0.000537	4.691142e-1	19403	2
OR5BS1P	0.000536	4.681210e-1	19404	2
TARM1	0.000536	4.678943e-1	19405	2
FAM171A2	0.000532	4.645831e-1	19406	2
ZNF649	0.000526	4.591804e-1	19407	1
ENSP00000482263	0.000517	4.517058e-1	19408	1
SPATA31A5	0.000504	4.397596e-1	19409	1
CNTNAP3C	0.000441	3.851855e-1	19410	1
RNF224	0.000433	3.783056e-1	19411	1
FAM90A26	0.000431	3.761799e-1	19412	1
TMPRSS7	0.000420	3.664778e-1	19413	1
PCED1B	0.000415	3.623117e-1	19414	1
SPATA31A3	0.000413	3.607301e-1	19415	1
CENPVL3	0.000402	3.509036e-1	19416	1
CENPVL2	0.000402	3.509036e-1	19417	1
C13ORF42	0.000401	3.502364e-1	19418	1
CFAP97D2	0.000397	3.467787e-1	19419	1
M0R082_HUMAN	0.000397	3.464001e-1	19420	1
ZNF20	0.000396	3.461701e-1	19421	1
PERCC1	0.000391	3.418516e-1	19422	1
YI018_HUMAN	0.000383	3.343494e-1	19423	1
DDIT3-2	0.000377	3.292484e-1	19424	1
ENSP00000415609	0.000368	3.216896e-1	19425	1
M0R3H8_HUMAN	0.000366	3.198401e-1	19426	1
FAM78B	0.000363	3.171959e-1	19427	1
LOC102723713	0.000362	3.158904e-1	19428	1
ZNF560	0.000355	3.100075e-1	19429	1
ENSP00000497876	0.000347	3.027231e-1	19430	1
ZNF547	0.000344	3.001176e-1	19431	1
F8W031_HUMAN	0.000342	2.990035e-1	19432	1
ZNF724-2	0.000342	2.988235e-1	19433	1
PRSS51	0.000342	2.988167e-1	19434	1
C17ORF100	0.000340	2.970412e-1	19435	1
CXORF51B	0.000336	2.932434e-1	19436	1
LINC02203	0.000335	2.928766e-1	19437	1
M0QYV0_HUMAN	0.000333	2.904994e-1	19438	1
ENSP00000479921	0.000328	2.865965e-1	19439	1
MS4A13	0.000324	2.829573e-1	19440	1
CTAGE9	0.000323	2.824984e-1	19441	1
DERPC	0.000323	2.824516e-1	19442	1
F8W1H4_HUMAN	0.000323	2.823254e-1	19443	1
OR2C3	0.000315	2.747292e-1	19444	1
ZNF580	0.000312	2.720466e-1	19445	1
TGFBR3L	0.000308	2.692771e-1	19446	1
NPIPB7	0.000303	2.642062e-1	19447	1
SPEGNB	0.000301	2.626890e-1	19448	1
TMSB15B	0.000300	2.621029e-1	19449	1
CTAGE15	0.000300	2.618269e-1	19450	1
ZNF844-2	0.000299	2.615088e-1	19451	1
C8ORF88	0.000299	2.614002e-1	19452	1
M0R2Z0_HUMAN	0.000299	2.606923e-1	19453	1
ENSP00000481316	0.000299	2.606923e-1	19454	1
V9GYS6_HUMAN	0.000299	2.606923e-1	19455	1
TMPRSS11F	0.000296	2.582810e-1	19456	1
PINX1-2	0.000288	2.515884e-1	19457	1
CLEC20A	0.000287	2.506563e-1	19458	1
ENSP00000492745	0.000286	2.498858e-1	19459	1
C8ORF89	0.000285	2.491775e-1	19460	1
SNORC	0.000285	2.490922e-1	19461	1
OR2A1	0.000284	2.480912e-1	19462	1
MYOCOS	0.000278	2.430949e-1	19463	1
C13ORF46	0.000278	2.429804e-1	19464	1
M0R2N6_HUMAN	0.000277	2.419672e-1	19465	1
RNASE9	0.000277	2.417988e-1	19466	1
C19ORF38	0.000276	2.408768e-1	19467	1
C17ORF99	0.000272	2.374169e-1	19468	1
ENSP00000490953	0.000270	2.361208e-1	19469	1
LINC00514	0.000269	2.344854e-1	19470	1
GATD3B	0.000268	2.343431e-1	19471	1
C17ORF113	0.000267	2.330508e-1	19472	1
PRAMEF33	0.000266	2.326768e-1	19473	1
SPRR5	0.000266	2.326003e-1	19474	1
C4ORF50	0.000266	2.322529e-1	19475	1
STIMATE-MUSTN1	0.000264	2.307659e-1	19476	1
SLFN14	0.000261	2.281709e-1	19477	1
ZNF66	0.000261	2.278675e-1	19478	1
ZSCAN5C	0.000259	2.265616e-1	19479	1
UBE2Q2L	0.000259	2.258285e-1	19480	1
C10ORF82	0.000256	2.232450e-1	19481	1
APCDD1L	0.000255	2.223160e-1	19482	1
TP53TG3C	0.000249	2.170491e-1	19483	1
SIGLECL1	0.000248	2.166883e-1	19484	1
PLSCR2	0.000245	2.135855e-1	19485	1
ENSP00000457704	0.000243	2.126159e-1	19486	1
TRIM49D1	0.000223	1.944810e-1	19487	1
TRIM49D2	0.000223	1.944810e-1	19488	1
